Date,Fees
11/27/22,294217.1232
11/26/22,391693.2662
11/25/22,446212.1409
11/24/22,464256.4483
11/23/22,482435.4913
11/22/22,427587.4039
11/21/22,407939.0102
11/20/22,323331.266
11/19/22,450051.6752
11/18/22,731362.3704
11/17/22,579379.5184
11/16/22,592252.3599
11/15/22,611626.9138
11/14/22,384274.8651
11/13/22,272584.6369
11/12/22,272917.7866
11/11/22,383140.3857
11/10/22,413709.5242
11/9/22,431710.6549
11/8/22,427418.5838
11/7/22,329833.1973
11/6/22,292387.2485
11/5/22,341897.7453
11/4/22,408210.5391
11/3/22,389736.7339
11/2/22,341102.596
11/1/22,311511.4902
10/31/22,316121.3349
10/30/22,264021.375
10/29/22,305071.3049
10/28/22,382498.8125
10/27/22,358123.2221
10/26/22,483968.7472
10/25/22,332949.213
10/24/22,231456.7542
10/23/22,149734.1492
10/22/22,178006.6327
10/21/22,225041.1251
10/20/22,244905.0112
10/19/22,327041.145
10/18/22,325396.9736
10/17/22,253749.4749
10/16/22,158771.0516
10/15/22,178198.4815
10/14/22,292262.3958
10/13/22,281487.9203
10/12/22,180260.2623
10/11/22,169311.5087
10/10/22,156355.7408
10/9/22,116395.601
10/8/22,130650.7392
10/7/22,209185.3529
10/6/22,204919.9151
10/5/22,185366.4978
10/4/22,204803.0927
10/3/22,222185.699
10/2/22,173738.5486
10/1/22,238647.3522
9/30/22,324479.7004
9/29/22,288328.4431
9/28/22,268851.8197
9/27/22,334954.8347
9/26/22,276539.3054
9/25/22,201420.1496
9/24/22,214129.9244
9/23/22,299663.8019
9/22/22,245619.4859
9/21/22,267330.1929
9/20/22,282540.5118
9/19/22,251549.2473
9/18/22,242258.6186
9/17/22,340257.4702
9/16/22,375752.4052
9/15/22,345949.676
9/14/22,346134.9138
9/13/22,332316.7724
9/12/22,287768.8614
9/11/22,220881.0827
9/10/22,265602.9972
9/9/22,364026.8715
9/8/22,296371.4677
9/7/22,279472.6262
9/6/22,298845.8117
9/5/22,278168.0783
9/4/22,207291.492
9/3/22,288197.3639
9/2/22,367305.4014
9/1/22,293638.0185
8/31/22,266117.5351
8/30/22,244433.2354
8/29/22,220399.9834
8/28/22,151466.7294
8/27/22,176919.336
8/26/22,239324.61
8/25/22,235407.5452
8/24/22,210063.1307
8/23/22,246063.0655
8/22/22,230613.757
8/21/22,169408.605
8/20/22,191269.7576
8/19/22,301084.5
8/18/22,349957.3746
8/17/22,359841.9577
8/16/22,282486.7298
8/15/22,254584.4326
8/14/22,194465.7083
8/13/22,283729.5291
8/12/22,414181.1167
8/11/22,454876.1932
8/10/22,446888.1474
8/9/22,535152.9696
8/8/22,379249.7347
8/7/22,258239.4389
8/6/22,314177.3512
8/5/22,450978.7837
8/4/22,400519.4979
8/3/22,361541.9814
8/2/22,349221.7889
8/1/22,335278.0421
7/31/22,259810.1178
7/30/22,300782.8527
7/29/22,362410.6664
7/28/22,379886.949
7/27/22,263174.8582
7/26/22,305962.4368
7/25/22,280184.4898
7/24/22,241651.7972
7/23/22,302210.7317
7/22/22,503340.0015
7/21/22,554844.6493
7/20/22,605317.4314
7/19/22,600587.1298
7/18/22,488794.1575
7/17/22,346081.8814
7/16/22,381764.449
7/15/22,542463.7054
7/14/22,637108.4483
7/13/22,451918.3184
7/12/22,349067.6594
7/11/22,314036.0686
7/10/22,271061.5884
7/9/22,348228.7242
7/8/22,496173.3773
7/7/22,508154.0345
7/6/22,499818.9158
7/5/22,393356.5448
7/4/22,265535.3203
7/3/22,191712.5607
7/2/22,255815.0202
7/1/22,352932.1935
6/30/22,318384.6255
6/29/22,271386.8026
6/28/22,298253.159
6/27/22,302402.9144
6/26/22,272579.8679
6/25/22,284219.0589
6/24/22,341750.8269
6/23/22,306209.889
6/22/22,343753.0715
6/21/22,343328.5905
6/20/22,314275.2472
6/19/22,248938.4436
6/18/22,402940.1516
6/17/22,450829.6062
6/16/22,498304.1123
6/15/22,550303.3036
6/14/22,577049.1482
6/13/22,679037.9438
6/12/22,271033.223
6/11/22,325582.5274
6/10/22,400568.7535
6/9/22,304847.7532
6/8/22,330221.2438
6/7/22,354685.45
6/6/22,404733.2744
6/5/22,282134.5542
6/4/22,374215.6092
6/3/22,541594.6422
6/2/22,587634.9053
6/1/22,582585.3977
5/31/22,435064.6197
5/30/22,408487.6441
5/29/22,290515.6769
5/28/22,341522.8787
5/27/22,503865.5221
5/26/22,518485.7531
5/25/22,578977.5103
5/24/22,473585.857
5/23/22,476734.0566
5/22/22,347350.894
5/21/22,354255.3056
5/20/22,508929.1821
5/19/22,509156.9342
5/18/22,488480.7367
5/17/22,572064.9129
5/16/22,631061.4502
5/15/22,497423.0857
5/14/22,753133.9763
5/13/22,954119.5452
5/12/22,846229.3069
5/11/22,656026.4448
5/10/22,547206.5419
5/9/22,640161.5427
5/8/22,423641.7422
5/7/22,494605.2526
5/6/22,619675.2095
5/5/22,859558.0558
5/4/22,493003.5246
5/3/22,369854.9831
5/2/22,411650.2619
5/1/22,297673.8553
4/30/22,404406.7135
4/29/22,531783.9174
4/28/22,446967.7168
4/27/22,436397.8952
4/26/22,446260.3449
4/25/22,501917.1337
4/24/22,266427.5536
4/23/22,325604.2047
4/22/22,438976.3135
4/21/22,454248.3696
4/20/22,369107.2419
4/19/22,385051.6267
4/18/22,338011.7049
4/17/22,215462.3202
4/16/22,259655.6482
4/15/22,356587.7931
4/14/22,449183.9619
4/13/22,481681.4774
4/12/22,428250.1368
4/11/22,431169.1847
4/10/22,292248.7868
4/9/22,345966.4979
4/8/22,499458.8349
4/7/22,437457.298
4/6/22,460508.6792
4/5/22,505142.4729
4/4/22,577223.6759
4/3/22,483582.3376
4/2/22,604007.1537
4/1/22,896060.271
3/31/22,771705.0585
3/30/22,527720.2075
3/29/22,473523.7891
3/28/22,512121.7861
3/27/22,336779.7862
3/26/22,371543.1535
3/25/22,572369.4155
3/24/22,493690.3896
3/23/22,457830.5592
3/22/22,459040.0501
3/21/22,390089.6905
3/20/22,268817.1844
3/19/22,336682.3385
3/18/22,433915.2799
3/17/22,430162.4873
3/16/22,417927.9197
3/15/22,383493.3352
3/14/22,400146.4292
3/13/22,267569.944
3/12/22,308297.9837
3/11/22,434537.6757
3/10/22,462278.0592
3/9/22,469664.5328
3/8/22,409089.1882
3/7/22,432307.8258
3/6/22,369366.3912
3/5/22,442387.1433
3/4/22,628100.1687
3/3/22,873793.478
3/2/22,1290686.933
3/1/22,850803.8469
2/28/22,370726.8318
2/27/22,269531.6386
2/26/22,288723.4484
2/25/22,447494.8342
2/24/22,375059.9058
2/23/22,309000.4382
2/22/22,345412.8478
2/21/22,367312.5477
2/20/22,222072.9923
2/19/22,275560.9403
2/18/22,380448.1096
2/17/22,422986.9745
2/16/22,454833.4376
2/15/22,548132.9326
2/14/22,472127.9902
2/13/22,368932.2935
2/12/22,524459.5185
2/11/22,725224.1396
2/10/22,870712.2075
2/9/22,641981.815
2/8/22,642541.1755
2/7/22,630731.7058
2/6/22,427024.0967
2/5/22,586963.7038
2/4/22,547595.1248
2/3/22,396960.8473
2/2/22,467428.7344
2/1/22,567605.693
1/31/22,491122.5548
1/30/22,400318.0201
1/29/22,466245.4331
1/28/22,464237.6907
1/27/22,424238.8236
1/26/22,454418.8475
1/25/22,396816.207
1/24/22,410833.1185
1/23/22,272452.2158
1/22/22,395812.3291
1/21/22,469765.9659
1/20/22,422843.7822
1/19/22,369460.2249
1/18/22,397717.0086
1/17/22,391777.9685
1/16/22,274702.7716
1/15/22,320162.4904
1/14/22,411390.244
1/13/22,458481.277
1/12/22,498173.0037
1/11/22,490057.5873
1/10/22,479596.7543
1/9/22,327921.1001
1/8/22,402580.2691
1/7/22,616752.2015
1/6/22,661724.0712
1/5/22,726457.095
1/4/22,616936.324
1/3/22,548479.8439
1/2/22,443604.9904
1/1/22,430733.7544
12/31/21,851800.1649
12/30/21,819304.013
12/29/21,781096.6239
12/28/21,905399.0593
12/27/21,668498.2283
12/26/21,391321.528
12/25/21,422897.5179
12/24/21,616961.0599
12/23/21,535759.8127
12/22/21,530977.1245
12/21/21,559874.8817
12/20/21,513459.4361
12/19/21,328609.2884
12/18/21,405734.9561
12/17/21,619400.8395
12/16/21,511856.9473
12/15/21,562428.3374
12/14/21,556665.7241
12/13/21,630558.8728
12/12/21,324338.5324
12/11/21,383642.8109
12/10/21,558722.0269
12/9/21,590586.1559
12/8/21,520104.9057
12/7/21,580986.706
12/6/21,634162.8925
12/5/21,1073206.636
12/4/21,850159.1807
12/3/21,746979.8404
12/2/21,1071589.409
12/1/21,1181129.153
11/30/21,726361.5481
11/29/21,641326.4536
11/28/21,401760.9537
11/27/21,461068.8864
11/26/21,809277.523
11/25/21,866947.0899
11/24/21,798035.5916
11/23/21,702880.6214
11/22/21,706967.1579
11/21/21,549569.8137
11/20/21,759702.22
11/19/21,757058.2996
11/18/21,693401.1669
11/17/21,806581.294
11/16/21,799225.6436
11/15/21,829415.1073
11/14/21,566488.679
11/13/21,688595.1891
11/12/21,954324.915
11/11/21,1011019.514
11/10/21,1234525.436
11/9/21,1573345.935
11/8/21,1075477.091
11/7/21,598976.7078
11/6/21,656162.2678
11/5/21,1077046.975
11/4/21,1011594.757
11/3/21,1000518.837
11/2/21,1100556.202
11/1/21,939209.3286
10/31/21,548792.6522
10/30/21,642443.2433
10/29/21,977477.7814
10/28/21,784516.896
10/27/21,745820.7031
10/26/21,855518.5964
10/25/21,880607.2746
10/24/21,544838.4786
10/23/21,680881.5972
10/22/21,1014196.013
10/21/21,1303056.348
10/20/21,1228067.689
10/19/21,941889.297
10/18/21,978062.291
10/17/21,689819.9144
10/16/21,962047.8452
10/15/21,1232979.492
10/14/21,967257.81
10/13/21,941607.2369
10/12/21,1080831.096
10/11/21,1178728.423
10/10/21,703621.2524
10/9/21,804229.6442
10/8/21,1126447.816
10/7/21,1465935.518
10/6/21,961095.269
10/5/21,766280.3773
10/4/21,660229.1505
10/3/21,480293.7995
10/2/21,522838.4402
10/1/21,755216.736
9/30/21,638083.9978
9/29/21,472236.798
9/28/21,571108.5587
9/27/21,552078.7069
9/26/21,362745.709
9/25/21,364042.7043
9/24/21,693234.6851
9/23/21,607336.9066
9/22/21,594535.6534
9/21/21,627241.1812
9/20/21,616446.9819
9/19/21,393391.65
9/18/21,560600.5965
9/17/21,719183.3583
9/16/21,802737.9729
9/15/21,812826.5219
9/14/21,689971.4868
9/13/21,684460.9594
9/12/21,399167.7182
9/11/21,491640.792
9/10/21,647406.706
9/9/21,655889.187
9/8/21,680689.8458
9/7/21,1012393.244
9/6/21,897828.4225
9/5/21,528277.0167
9/4/21,600833.0572
9/3/21,922068.6088
9/2/21,992845.1381
9/1/21,847285.3785
8/31/21,650089.1504
8/30/21,603044.8226
8/29/21,428835.1491
8/28/21,523564.6993
8/27/21,569378.3269
8/26/21,553301.4692
8/25/21,619543.2542
8/24/21,736449.8968
8/23/21,724341.6153
8/22/21,567704.217
8/21/21,560978.4066
8/20/21,753800.8117
8/19/21,583976.3728
8/18/21,696294.7492
8/17/21,722533.1951
8/16/21,764623.3043
8/15/21,451047.5714
8/14/21,512896.285
8/13/21,1087292.355
8/12/21,575801.7834
8/11/21,611796.6326
8/10/21,643651.1921
8/9/21,610190.9085
8/8/21,436279.8171
8/7/21,451868.6971
8/6/21,589380.3075
8/5/21,585774.3412
8/4/21,586176.4213
8/3/21,492729.8789
8/2/21,533678.3025
8/1/21,402959.1813
7/31/21,467510.7999
7/30/21,576905.9281
7/29/21,602440.4758
7/28/21,619650.4725
7/27/21,605648.3806
7/26/21,700527.006
7/25/21,334180.794
7/24/21,434318.1405
7/23/21,626145.7923
7/22/21,462651.5822
7/21/21,451686.5339
7/20/21,541599.9859
7/19/21,590435.3666
7/18/21,382734.741
7/17/21,398117.9176
7/16/21,549046.4444
7/15/21,726170.9556
7/14/21,815940.8358
7/13/21,1039050.657
7/12/21,975257.9733
7/11/21,634137.4888
7/10/21,646919.594
7/9/21,891745.7721
7/8/21,966730.0958
7/7/21,1309346.42
7/6/21,1608397.438
7/5/21,1618457.341
7/4/21,1533082.32
7/3/21,2028058.139
7/2/21,2064573.722
7/1/21,2444115.243
6/30/21,2176609.76
6/29/21,1895790.072
6/28/21,1819158.71
6/27/21,894563.6187
6/26/21,926377.4863
6/25/21,1467294.489
6/24/21,1624791.761
6/23/21,1921499.7
6/22/21,1529601.83
6/21/21,1325747.431
6/20/21,794364.5851
6/19/21,880657.4081
6/18/21,1142644.845
6/17/21,1210119.704
6/16/21,1538879.3
6/15/21,1557577.836
6/14/21,1524262.633
6/13/21,849824.2796
6/12/21,1278937.849
6/11/21,1505578.882
6/10/21,1715939.085
6/9/21,1210337.229
6/8/21,1156939.763
6/7/21,1266620.581
6/6/21,812485.561
6/5/21,1082501.936
6/4/21,1583206.059
6/3/21,1920705.763
6/2/21,1910085.524
6/1/21,1727599.804
5/31/21,1650478.047
5/30/21,1298426.023
5/29/21,1672654.431
5/28/21,2547163.269
5/27/21,2569470.91
5/26/21,3057611.965
5/25/21,3266233.232
5/24/21,3595913.288
5/23/21,2828084.482
5/22/21,3840269.872
5/21/21,5103904.75
5/20/21,5275558.552
5/19/21,4895433.9
5/18/21,2962920.366
5/17/21,3372348.388
5/16/21,2465303.783
5/15/21,3116945.152
5/14/21,3682592.199
5/13/21,3571243.821
5/12/21,4310769.894
5/11/21,4569327.254
5/10/21,5826701.433
5/9/21,4061657.14
5/8/21,5108566.171
5/7/21,6203291.381
5/6/21,6232192.356
5/5/21,5618412.243
5/4/21,5497091.929
5/3/21,6436473.554
5/2/21,4835523.63
5/1/21,6056552.391
4/30/21,8109470.678
4/29/21,7790812.846
4/28/21,7443013.032
4/27/21,8851481.485
4/26/21,9090410.378
4/25/21,5771401.266
4/24/21,8436390.178
4/23/21,13449168.62
4/22/21,16131777.91
4/21/21,14191444.15
4/20/21,16903066.47
4/19/21,12351427.72
4/18/21,12476165.52
4/17/21,10048484.46
4/16/21,8654721.856
4/15/21,10188549.82
4/14/21,8790846.153
4/13/21,6350802.343
4/12/21,5521992.88
4/11/21,3799375.035
4/10/21,5392473.672
4/9/21,6856015.94
4/8/21,5237750.289
4/7/21,5753741.896
4/6/21,6219566.174
4/5/21,5510408.654
4/4/21,3879756.591
4/3/21,5053962.999
4/2/21,5302028.488
4/1/21,5303552.033
3/31/21,6022839.755
3/30/21,5655379.48
3/29/21,4649750.663
3/28/21,3241129.235
3/27/21,3697780.907
3/26/21,4326816.954
3/25/21,4498616.291
3/24/21,4550595.202
3/23/21,4523133.093
3/22/21,4829963.205
3/21/21,3555153.654
3/20/21,4922164.745
3/19/21,6889476.882
3/18/21,8093851.597
3/17/21,6018255.184
3/16/21,6115414.671
3/15/21,6454623.617
3/14/21,5353415.752
3/13/21,6912800.201
3/12/21,6665975.42
3/11/21,6269462.062
3/10/21,6129405.835
3/9/21,5676836.613
3/8/21,4608160.353
3/7/21,3581184.378
3/6/21,3766262.353
3/5/21,5464049.639
3/4/21,5608811.642
3/3/21,6732292.333
3/2/21,6547506.396
3/1/21,5830065.237
2/28/21,3716584.174
2/27/21,4914902.242
2/26/21,6938220.68
2/25/21,7734467.165
2/24/21,9584737.316
2/23/21,9057970.467
2/22/21,7195847.118
2/21/21,6621047.289
2/20/21,8324614.345
2/19/21,8560343.819
2/18/21,7867926.502
2/17/21,7250739.44
2/16/21,5865760.699
2/15/21,5911922.73
2/14/21,5155853.472
2/13/21,6946334.442
2/12/21,9813445.722
2/11/21,8872186.489
2/10/21,7780335.76
2/9/21,9291436.043
2/8/21,5870830.67
2/7/21,3278905.684
2/6/21,4773344.525
2/5/21,5484953.256
2/4/21,6272363.342
2/3/21,4914131.689
2/2/21,5206601.055
2/1/21,4428334.454
1/31/21,3354950.927
1/30/21,4717602.896
1/29/21,5927830.55
1/28/21,2799236.51
1/27/21,2576778.619
1/26/21,2628887.223
1/25/21,3430771.171
1/24/21,1863241.646
1/23/21,2439615.621
1/22/21,3691982.663
1/21/21,3920315.578
1/20/21,3281456.681
1/19/21,3635331.922
1/18/21,3085563.262
1/17/21,2359708.057
1/16/21,3324821.305
1/15/21,5500740.881
1/14/21,5760122.573
1/13/21,4725847.947
1/12/21,5843153.717
1/11/21,4563809.325
1/10/21,3643194.912
1/9/21,4571160.477
1/8/21,5435433.863
1/7/21,4701567.105
1/6/21,4477049.485
1/5/21,3677640.8
1/4/21,3516375.453
1/3/21,2893753.635
1/2/21,2504284.316
1/1/21,1455398.208
12/31/20,3279398.773
12/30/20,2978522.546
12/29/20,2828428.115
12/28/20,2711235.311
12/27/20,2494179.267
12/26/20,1776182.132
12/25/20,2217720.487
12/24/20,2476837.245
12/23/20,3369707.108
12/22/20,3087551.779
12/21/20,3241780.366
12/20/20,1740165.757
12/19/20,2800254.842
12/18/20,4510788.665
12/17/20,3764622.347
12/16/20,1662246.525
12/15/20,1388313.336
12/14/20,1136052.379
12/13/20,755747.2442
12/12/20,942759.8594
12/11/20,1275734.229
12/10/20,1353547.101
12/9/20,1323373.801
12/8/20,1406369.888
12/7/20,1313874.893
12/6/20,926834.5132
12/5/20,1332834.597
12/4/20,2078420.161
12/3/20,2817492.296
12/2/20,2523414.124
12/1/20,2799806.709
11/30/20,1377090.262
11/29/20,724095.047
11/28/20,985192.5601
11/27/20,1433816.231
11/26/20,1814488.24
11/25/20,1881507.447
11/24/20,1635711.431
11/23/20,1044802.645
11/22/20,591242.6145
11/21/20,878179.6238
11/20/20,1403265.763
11/19/20,1690198.526
11/18/20,1782231.611
11/17/20,1560223.353
11/16/20,1373930.459
11/15/20,678248.0659
11/14/20,966706.4516
11/13/20,1672393.319
11/12/20,1651053.576
11/11/20,1680247.535
11/10/20,2371662.715
11/9/20,2222515.514
11/8/20,1486150.546
11/7/20,2078844.14
11/6/20,3787397.489
11/5/20,4605834.214
11/4/20,2847435.001
11/3/20,3937585.749
11/2/20,2838663.757
11/1/20,2455878.675
10/31/20,3627758.721
10/30/20,3523576.416
10/29/20,3459471.1
10/28/20,3041572.405
10/27/20,2581159.896
10/26/20,1452362.607
10/25/20,851879.5909
10/24/20,1240565.693
10/23/20,1880521.723
10/22/20,2197550.043
10/21/20,1461640.012
10/20/20,924870.2825
10/19/20,588446.3545
10/18/20,416658.8618
10/17/20,405357.891
10/16/20,728436.3442
10/15/20,897788.0673
10/14/20,849905.9963
10/13/20,850506.8766
10/12/20,857905.4757
10/11/20,583799.6305
10/10/20,859894.8561
10/9/20,1217905.237
10/8/20,1111494.663
10/7/20,1179806.91
10/6/20,1220125.232
10/5/20,1082768.735
10/4/20,591853.7184
10/3/20,772418.7991
10/2/20,1288160.726
10/1/20,1094199.493
9/30/20,1019664.462
9/29/20,889805.5119
9/28/20,629103.3455
9/27/20,407015.3934
9/26/20,448045.9788
9/25/20,837679.473
9/24/20,870012.8369
9/23/20,1002747.455
9/22/20,776069.7874
9/21/20,649684.183
9/20/20,359928.5484
9/19/20,523699.8649
9/18/20,757383.6197
9/17/20,771947.4737
9/16/20,847678.0898
9/15/20,831298.262
9/14/20,806616.0582
9/13/20,509032.0298
9/12/20,608918.2843
9/11/20,980945.9779
9/10/20,1140820.802
9/9/20,910163.3013
9/8/20,850675.1157
9/7/20,988468.9796
9/6/20,724483.0171
9/5/20,1246301.264
9/4/20,1625864.517
9/3/20,1476644.325
9/2/20,1480552.955
9/1/20,1498947.052
8/31/20,1091099.849
8/30/20,744364.3646
8/29/20,757703.138
8/28/20,1197064.83
8/27/20,1402562.637
8/26/20,1236888.403
8/25/20,1044881.066
8/24/20,921389.1496
8/23/20,698530.3493
8/22/20,1084930.162
8/21/20,1596550.32
8/20/20,1542784.767
8/19/20,1740787.751
8/18/20,1945202.576
8/17/20,991647.7175
8/16/20,719177.5675
8/15/20,808950.6622
8/14/20,1278361.992
8/13/20,1260101.679
8/12/20,1435644.29
8/11/20,1762181.829
8/10/20,1589298.812
8/9/20,731043.2391
8/8/20,923272.8972
8/7/20,1622904.819
8/6/20,2308957.938
8/5/20,1571054.892
8/4/20,1251523.157
8/3/20,1468368.828
8/2/20,1207471.721
8/1/20,1492321.672
7/31/20,1925603.849
7/30/20,1987589.698
7/29/20,1939683.127
7/28/20,2064772.361
7/27/20,1286923.317
7/26/20,760125.9788
7/25/20,859187.5619
7/24/20,1189465.043
7/23/20,1289400.954
7/22/20,1340980.618
7/21/20,952835.6095
7/20/20,720946.1881
7/19/20,425753.8168
7/18/20,702713.6692
7/17/20,705962.4062
7/16/20,713386.3449
7/15/20,593077.0842
7/14/20,589562.9302
7/13/20,379987.8628
7/12/20,227342.0713
7/11/20,301953.4976
7/10/20,449036.9145
7/9/20,518086.1036
7/8/20,446715.3821
7/7/20,379330.846
7/6/20,349099.4013
7/5/20,227271.5563
7/4/20,289621.6059
7/3/20,498172.5818
7/2/20,512223.9542
7/1/20,592471.5613
6/30/20,392985.462
6/29/20,304297.3027
6/28/20,178468.4876
6/27/20,213082.684
6/26/20,318505.6828
6/25/20,369944.6732
6/24/20,398689.9594
6/23/20,441882.5202
6/22/20,343583.9512
6/21/20,239065.2059
6/20/20,278926.5023
6/19/20,462543.2277
6/18/20,421236.5797
6/17/20,454573.1082
6/16/20,487981.9601
6/15/20,317051.2246
6/14/20,154256.5378
6/13/20,199849.6592
6/12/20,281531.4563
6/11/20,370845.0266
6/10/20,375636.3867
6/9/20,343909.9189
6/8/20,411865.6243
6/7/20,252841.5145
6/6/20,310840.275
6/5/20,546338.94
6/4/20,605764.2004
6/3/20,784999.1186
6/2/20,965817.9322
6/1/20,766439.6478
5/31/20,582754.2678
5/30/20,650716.372
5/29/20,898408.8145
5/28/20,826468.0132
5/27/20,745727.6319
5/26/20,721876.3628
5/25/20,812882.4585
5/24/20,669463.8388
5/23/20,994049.2552
5/22/20,1447001.424
5/21/20,1861114.576
5/20/20,1857616.12
5/19/20,1803715.02
5/18/20,1657263.606
5/17/20,972748.4921
5/16/20,1018775.691
5/15/20,1539241.852
5/14/20,1399772.351
5/13/20,997849.3673
5/12/20,962885.9587
5/11/20,785376.964
5/10/20,555622.7593
5/9/20,847586.6467
5/8/20,1034676.871
5/7/20,840525.0823
5/6/20,668834.4059
5/5/20,641549.5141
5/4/20,588614.7797
5/3/20,514184.0989
5/2/20,605690.7908
5/1/20,997350.0139
4/30/20,971607.2835
4/29/20,445085.8917
4/28/20,214812.785
4/27/20,218381.6511
4/26/20,158510.6476
4/25/20,209882.1748
4/24/20,281706.5522
4/23/20,300990.1671
4/22/20,178220.4138
4/21/20,161936.7456
4/20/20,154876.9792
4/19/20,111572.464
4/18/20,137861.2786
4/17/20,183924.9408
4/16/20,198528.9792
4/15/20,180221.7375
4/14/20,154671.6353
4/13/20,114113.2327
4/12/20,89377.21311
4/11/20,95448.18963
4/10/20,144680.5932
4/9/20,170337.1907
4/8/20,165317.6715
4/7/20,186825.7649
4/6/20,149386.9332
4/5/20,92753.62668
4/4/20,113034.2515
4/3/20,176394.6733
4/2/20,168345.0027
4/1/20,169072.9367
3/31/20,187635.3531
3/30/20,164907.1299
3/29/20,129282.0411
3/28/20,181312.6834
3/27/20,278310.0054
3/26/20,366817.285
3/25/20,303494.1887
3/24/20,297674.3582
3/23/20,317062.6694
3/22/20,204586.1436
3/21/20,290303.6284
3/20/20,517762.9079
3/19/20,394298.8328
3/18/20,310354.7193
3/17/20,330277.5436
3/16/20,313356.2423
3/15/20,234918.506
3/14/20,286980.1745
3/13/20,441659.1512
3/12/20,391127.8769
3/11/20,231568.2679
3/10/20,222006.2487
3/9/20,201358.4507
3/8/20,139865.5071
3/7/20,169394.5805
3/6/20,243122.0057
3/5/20,220221.4765
3/4/20,215896.2195
3/3/20,217280.9803
3/2/20,201941.7548
3/1/20,201941.7548
2/29/20,201941.7548
2/28/20,228249.8067
2/27/20,237352.8341
2/26/20,264807.431
2/25/20,241495.2877
2/24/20,222941.4714
2/23/20,164055.8236
2/22/20,177059.2159
2/21/20,228330.1943
2/20/20,266434.874
2/19/20,321939.0913
2/18/20,299239.028
2/17/20,248493.4488
2/16/20,213823.5835
2/15/20,289854.4415
2/14/20,330638.8265
2/13/20,364422.7543
2/12/20,387378.486
2/11/20,352891.2101
2/10/20,279935.0348
2/9/20,200784.7564
2/8/20,213029.1989
2/7/20,308132.3649
2/6/20,271923.5956
2/5/20,271923.5956
2/4/20,218242.4724
2/3/20,200811.0046
2/2/20,159250.3439
2/1/20,163807.0683
1/31/20,210266.8641
1/30/20,187287.0004
1/29/20,190781.2843
1/28/20,207611.5084
1/27/20,173263.8665
1/26/20,90371.85279
1/25/20,94726.76569
1/24/20,136250.2989
1/23/20,178026.0679
1/22/20,190275.0912
1/21/20,177281.7414
1/20/20,146878.0429
1/19/20,148402.3748
1/18/20,158075.076
1/17/20,215116.7
1/16/20,207176.8546
1/15/20,274928.8249
1/14/20,224956.3734
1/13/20,142861.3314
1/12/20,118506.9428
1/11/20,149746.6407
1/10/20,269893.7694
1/9/20,234889.7133
1/8/20,253639.2245
1/7/20,202056.6372
1/6/20,156240.5811
1/5/20,88532.51133
1/4/20,91050.14426
1/3/20,118804.9258
1/2/20,97556.22326
1/1/20,71819.53588
12/31/19,106897.2861
12/30/19,116649.6545
12/29/19,92621.51763
12/28/19,100746.2862
12/27/19,125276.9371
12/26/19,144847.7742
12/25/19,94697.78637
12/24/19,128678.0716
12/23/19,141805.7646
12/22/19,92345.47347
12/21/19,118710.3183
12/20/19,182153.2075
12/19/19,209201.7926
12/18/19,187707.7772
12/17/19,155377.7041
12/16/19,156312.4605
12/15/19,144956.0497
12/14/19,111357.4576
12/13/19,163140.716
12/12/19,161743.9525
12/11/19,177337.5829
12/10/19,169332.8554
12/9/19,162681.9665
12/8/19,108697.9009
12/7/19,136488.4929
12/6/19,185216.8214
12/5/19,170391.6358
12/4/19,217050.1545
12/3/19,186384.6146
12/2/19,190622.9064
12/1/19,161101.3723
11/30/19,208511.8202
11/29/19,259011.7386
11/28/19,198679.9488
11/27/19,245831.5572
11/26/19,284539.0011
11/25/19,229849.9796
11/24/19,121515.7028
11/23/19,158369.2847
11/22/19,293852.9777
11/21/19,288483.9955
11/20/19,225593.0674
11/19/19,281157.5145
11/18/19,233181.5186
11/17/19,179533.549
11/16/19,194291.7041
11/15/19,254521.8507
11/14/19,258105.9876
11/13/19,300288.6804
11/12/19,250157.4022
11/11/19,259985.2129
11/10/19,213741.5289
11/9/19,259400.1159
11/8/19,366614.2874
11/7/19,367032.9238
11/6/19,361228.7634
11/5/19,409189.5961
11/4/19,448652.6724
11/3/19,241157.7438
11/2/19,257824.3646
11/1/19,371297.6159
10/31/19,325657.5529
10/30/19,313077.2345
10/29/19,332482.8937
10/28/19,359930.9132
10/27/19,320039.897
10/26/19,445087.8946
10/25/19,286760.5187
10/24/19,215697.4342
10/23/19,239788.5992
10/22/19,182479.6044
10/21/19,171805.4358
10/20/19,127115.4231
10/19/19,146309.7815
10/18/19,198614.2153
10/17/19,207217.5541
10/16/19,234620.7162
10/15/19,214398.4584
10/14/19,200105.4399
10/13/19,137194.6124
10/12/19,173014.9222
10/11/19,235768.3542
10/10/19,287692.4288
10/9/19,254141.6715
10/8/19,230203.1996
10/7/19,198859.4532
10/6/19,135228.83
10/5/19,155773.6718
10/4/19,226393.6645
10/3/19,311350.7572
10/2/19,313652.946
10/1/19,403337.239
9/30/19,333119.6139
9/29/19,172177.2234
9/28/19,188936.0708
9/27/19,280602.4825
9/26/19,273228.6152
9/25/19,365233.8611
9/24/19,368707.3298
9/23/19,322033.7982
9/22/19,205263.0686
9/21/19,235104.3668
9/20/19,326104.8359
9/19/19,372578.7113
9/18/19,348109.777
9/17/19,354067.1151
9/16/19,300774.5915
9/15/19,189078.2974
9/14/19,218080.9492
9/13/19,284160.6045
9/12/19,301258.287
9/11/19,350939.2492
9/10/19,382099.3205
9/9/19,337008.4958
9/8/19,227764.1296
9/7/19,280519.6262
9/6/19,400050.9343
9/5/19,388137.8786
9/4/19,394343.8378
9/3/19,411641.2154
9/2/19,296605.7261
9/1/19,192857.4915
8/31/19,231118.1025
8/30/19,330918.6146
8/29/19,327068.7524
8/28/19,340900.6192
8/27/19,349517.8193
8/26/19,343236.6536
8/25/19,218966.721
8/24/19,306393.9907
8/23/19,429816.5065
8/22/19,542320.4578
8/21/19,536157.9399
8/20/19,511446.4209
8/19/19,452847.4643
8/18/19,300219.23
8/17/19,364588.7704
8/16/19,545927.9911
8/15/19,548478.1204
8/14/19,615428.0271
8/13/19,847429.8416
8/12/19,584463.9434
8/11/19,348662.3462
8/10/19,461029.366
8/9/19,776052.0108
8/8/19,832669.0637
8/7/19,836116.0269
8/6/19,539637.9061
8/5/19,505603.575
8/4/19,214910.6126
8/3/19,296718.3279
8/2/19,468543.0957
8/1/19,478453.1329
7/31/19,528796.6554
7/30/19,575915.3995
7/29/19,380851.4847
7/28/19,251048.8071
7/27/19,321163.7972
7/26/19,454566.3183
7/25/19,566785.4598
7/24/19,484498.8103
7/23/19,521481.2508
7/22/19,573311.4077
7/21/19,396537.0324
7/20/19,540233.8076
7/19/19,744624.8019
7/18/19,724678.5196
7/17/19,617041.0706
7/16/19,659843.5849
7/15/19,664514.6911
7/14/19,441247.6881
7/13/19,507503.7802
7/12/19,785807.9974
7/11/19,938029.0705
7/10/19,1086524.899
7/9/19,892835.558
7/8/19,824039.4226
7/7/19,515817.5438
7/6/19,591338.7917
7/5/19,845910.7672
7/4/19,989158.5397
7/3/19,1072672.233
7/2/19,1212199.915
7/1/19,1357397.505
6/30/19,1211030.045
6/29/19,1292722.068
6/28/19,2133609.787
6/27/19,2392393.925
6/26/19,2360622.229
6/25/19,1371038.307
6/24/19,1120601.172
6/23/19,873606.603
6/22/19,1317249.2
6/21/19,1237370.876
6/20/19,1047359.419
6/19/19,967567.1401
6/18/19,1069445.102
6/17/19,1094333.824
6/16/19,677589.4855
6/15/19,686185.0992
6/14/19,987978.1005
6/13/19,893272.2388
6/12/19,874622.1383
6/11/19,872726.8563
6/10/19,804692.6544
6/9/19,498962.709
6/8/19,582893.9093
6/7/19,861779.7339
6/6/19,959903.7226
6/5/19,1238191.521
6/4/19,1728231.032
6/3/19,1693015.429
6/2/19,1028715.307
6/1/19,1362765.49
5/31/19,1713611.623
5/30/19,1629865.556
5/29/19,1633565.784
5/28/19,1735508.554
5/27/19,1727257.425
5/26/19,778839.0076
5/25/19,1031523.885
5/24/19,1535781.23
5/23/19,1262208.551
5/22/19,1416401.397
5/21/19,1610675.953
5/20/19,1468601.702
5/19/19,996544.122
5/18/19,987228.603
5/17/19,1650951.412
5/16/19,1853649.074
5/15/19,1585533.641
5/14/19,1057863.899
5/13/19,840292.0937
5/12/19,771725.9654
5/11/19,848925.3563
5/10/19,786365.1532
5/9/19,653469.0089
5/8/19,654864.4052
5/7/19,550568.7608
5/6/19,431472.5764
5/5/19,359875.1311
5/4/19,355778.377
5/3/19,457428.8411
5/2/19,352449.3454
5/1/19,355112.3932
4/30/19,447687.5719
4/29/19,366674.1915
4/28/19,247870.9486
4/27/19,280653.5312
4/26/19,470909.8787
4/25/19,512617.285
4/24/19,742857.3285
4/23/19,533897.4132
4/22/19,377961.8267
4/21/19,270263.1404
4/20/19,318391.2133
4/19/19,413578.6211
4/18/19,385141.675
4/17/19,412792.5065
4/16/19,390243.5553
4/15/19,406464.0704
4/14/19,291368.0681
4/13/19,336535.1827
4/12/19,507569.6938
4/11/19,590027.689
4/10/19,588501.8355
4/9/19,599959.6293
4/8/19,688240.5588
4/7/19,437895.4996
4/6/19,408027.18
4/5/19,572517.6482
4/4/19,793922.2746
4/3/19,725985.1498
4/2/19,541472.6071
4/1/19,254946.5494
3/31/19,182259.6854
3/30/19,223249.7503
3/29/19,262812.6
3/28/19,192710.7105
3/27/19,192737.2851
3/26/19,143682.8375
3/25/19,115433.3612
3/24/19,62180.33744
3/23/19,72427.90111
3/22/19,108013.322
3/21/19,143144.8085
3/20/19,113634.4439
3/19/19,89495.09324
3/18/19,89268.00644
3/17/19,66480.58901
3/16/19,90989.35745
3/15/19,121466.2918
3/14/19,144536.0942
3/13/19,138799.1938
3/12/19,121511.9544
3/11/19,118893.6265
3/10/19,74268.15827
3/9/19,96337.32939
3/8/19,133717.8264
3/7/19,154686.3799
3/6/19,149906.3375
3/5/19,109344.6018
3/4/19,105861.7644
3/3/19,81264.36795
3/2/19,99021.20545
3/1/19,116216.7414
2/28/19,115733.9375
2/27/19,123971.3466
2/26/19,139340.3073
2/25/19,147376.8022
2/24/19,118261.4917
2/23/19,101166.5329
2/22/19,153088.8819
2/21/19,138165.9856
2/20/19,148476.9873
2/19/19,143057.3733
2/18/19,113419.1085
2/17/19,68626.50863
2/16/19,80435.34101
2/15/19,94454.66641
2/14/19,95376.02194
2/13/19,127666.3765
2/12/19,126939.5576
2/11/19,83996.158
2/10/19,49435.95124
2/9/19,64210.5982
2/8/19,73623.02316
2/7/19,56328.27375
2/6/19,73427.77774
2/5/19,59164.70495
2/4/19,58393.19993
2/3/19,50881.46309
2/2/19,65087.27418
2/1/19,113012.872
1/31/19,99308.57322
1/30/19,72651.81096
1/29/19,80214.83446
1/28/19,82838.08136
1/27/19,56617.4479
1/26/19,75230.07583
1/25/19,88476.17281
1/24/19,81822.57421
1/23/19,81449.0332
1/22/19,74224.19108
1/21/19,70681.39407
1/20/19,52211.88648
1/19/19,66289.11392
1/18/19,75982.35684
1/17/19,85024.25548
1/16/19,90360.76254
1/15/19,77536.96799
1/14/19,72061.63869
1/13/19,50842.92081
1/12/19,62435.43136
1/11/19,88709.4332
1/10/19,99192.10594
1/9/19,97504.2642
1/8/19,84538.38845
1/7/19,96377.31783
1/6/19,65060.30903
1/5/19,47470.50377
1/4/19,74019.96899
1/3/19,74098.98099
1/2/19,69764.75178
1/1/19,41541.1487
12/31/18,60317.53712
12/30/18,53320.08017
12/29/18,59331.21786
12/28/18,67280.5527
12/27/18,63400.69024
12/26/18,61224.99229
12/25/18,69743.42718
12/24/18,96179.25605
12/23/18,61586.79744
12/22/18,73434.24534
12/21/18,124319.2488
12/20/18,108908.8229
12/19/18,125397.2578
12/18/18,94817.46107
12/17/18,70170.60594
12/16/18,48573.80874
12/15/18,59259.00653
12/14/18,81167.26586
12/13/18,75249.4701
12/12/18,77403.56845
12/11/18,78284.40127
12/10/18,80955.34747
12/9/18,59402.42275
12/8/18,66812.76442
12/7/18,106240.2547
12/6/18,106582.9396
12/5/18,100121.371
12/4/18,124787.4046
12/3/18,123495.7289
12/2/18,95712.92689
12/1/18,128103.0514
11/30/18,167470.5127
11/29/18,190219.8632
11/28/18,158957.2299
11/27/18,140249.0919
11/26/18,146444.3428
11/25/18,122394.9188
11/24/18,133881.8558
11/23/18,158280.3133
11/22/18,178013.6314
11/21/18,226458.0834
11/20/18,319205.9628
11/19/18,211995.856
11/18/18,101118.8367
11/17/18,120442.4785
11/16/18,206652.2448
11/15/18,217033.3359
11/14/18,157433.3897
11/13/18,115159.1935
11/12/18,122737.9142
11/11/18,89656.27225
11/10/18,106538.802
11/9/18,143798.3987
11/8/18,135561.5433
11/7/18,132988.5974
11/6/18,123647.2112
11/5/18,118822.4203
11/4/18,82044.69869
11/3/18,86495.76832
11/2/18,118011.2314
11/1/18,110732.3474
10/31/18,105080.6993
10/30/18,118280.911
10/29/18,125126.9527
10/28/18,106485.5193
10/27/18,85334.11388
10/26/18,115977.9326
10/25/18,113625.1778
10/24/18,108885.3906
10/23/18,107483.5609
10/22/18,108521.5409
10/21/18,80181.97305
10/20/18,92953.06675
10/19/18,114560.2342
10/18/18,117209.2185
10/17/18,124340.3352
10/16/18,127442.8847
10/15/18,148939.2059
10/14/18,78224.99375
10/13/18,83171.20839
10/12/18,114373.6323
10/11/18,115082.4109
10/10/18,102605.6738
10/9/18,109822.9124
10/8/18,111165.453
10/7/18,85698.55653
10/6/18,115700.4648
10/5/18,140151.3141
10/4/18,122799.9975
10/3/18,138393.7615
10/2/18,168808.8042
10/1/18,143836.9884
9/30/18,101669.2004
9/29/18,125158.9836
9/28/18,193097.0923
9/27/18,154145.6915
9/26/18,130238.5658
9/25/18,130284.3136
9/24/18,104869.1984
9/23/18,97149.65096
9/22/18,125168.7424
9/21/18,171010.9694
9/20/18,117215.341
9/19/18,108300.5358
9/18/18,120983.4542
9/17/18,111739.6201
9/16/18,84703.00516
9/15/18,102279.1924
9/14/18,137903.1591
9/13/18,130925.9814
9/12/18,150980.542
9/11/18,146545.0027
9/10/18,125801.0078
9/9/18,117282.3586
9/8/18,119806.1701
9/7/18,179951.4985
9/6/18,200958.4502
9/5/18,226389.9837
9/4/18,176625.0475
9/3/18,144667.4098
9/2/18,118165.3889
9/1/18,136421.4147
8/31/18,176232.4176
8/30/18,167084.21
8/29/18,166816.1635
8/28/18,315293.3548
8/27/18,219423.0356
8/26/18,185537.0818
8/25/18,141286.1953
8/24/18,125334.1323
8/23/18,124247.0784
8/22/18,161682.0596
8/21/18,158445.4105
8/20/18,187067.685
8/19/18,109303.8268
8/18/18,105905.4048
8/17/18,161172.792
8/16/18,152509.1794
8/15/18,141017.8858
8/14/18,160082.6781
8/13/18,128277.9785
8/12/18,80626.32856
8/11/18,95354.2437
8/10/18,130895.7936
8/9/18,132734.3567
8/8/18,133850.6617
8/7/18,131492.0406
8/6/18,124854.4349
8/5/18,95521.70395
8/4/18,125027.9291
8/3/18,175366.3603
8/2/18,191376.9312
8/1/18,161214.4125
7/31/18,208785.174
7/30/18,202752.6391
7/29/18,128632.0644
7/28/18,136414.7026
7/27/18,164483.0206
7/26/18,196939.6473
7/25/18,226253.5869
7/24/18,228492.0108
7/23/18,201960.0953
7/22/18,109570.5727
7/21/18,127421.936
7/20/18,171414.1487
7/19/18,211210.4278
7/18/18,234281.3187
7/17/18,176467.3068
7/16/18,150235.5868
7/15/18,95799.76521
7/14/18,93542.57929
7/13/18,120382.1841
7/12/18,119133.4929
7/11/18,131280.7006
7/10/18,153252.7402
7/9/18,133939.8226
7/8/18,106173.2083
7/7/18,109739.2586
7/6/18,141309.6637
7/5/18,130297.5147
7/4/18,142640.2951
7/3/18,185064.5374
7/2/18,152027.8218
7/1/18,106682.7087
6/30/18,140545.4062
6/29/18,161852.0126
6/28/18,166798.5735
6/27/18,197368.2529
6/26/18,200646.1509
6/25/18,213583.5164
6/24/18,167170.7205
6/23/18,201681.1656
6/22/18,463557.375
6/21/18,495011.717
6/20/18,1375763.609
6/19/18,564618.9013
6/18/18,117639.8588
6/17/18,153476.9821
6/16/18,107029.6046
6/15/18,149235.6661
6/14/18,181353.5877
6/13/18,236297.0638
6/12/18,143160.9851
6/11/18,166594.3897
6/10/18,113180.4942
6/9/18,141510.1636
6/8/18,138039.5478
6/7/18,158668.0479
6/6/18,148962.7068
6/5/18,138693.0827
6/4/18,155336.3063
6/3/18,117865.2642
6/2/18,123728.536
6/1/18,153526.8528
5/31/18,162220.5809
5/30/18,169206.6718
5/29/18,213627.3115
5/28/18,207669.9662
5/27/18,142632.3742
5/26/18,165318.834
5/25/18,226163.732
5/24/18,224856.2006
5/23/18,232869.8062
5/22/18,212606.3117
5/21/18,265937.082
5/20/18,212592.9262
5/19/18,258407.8339
5/18/18,567346.2968
5/17/18,438194.6518
5/16/18,269896.0515
5/15/18,326596.5295
5/14/18,305051.3245
5/13/18,203691.0509
5/12/18,240517.788
5/11/18,326997.7209
5/10/18,243116.8106
5/9/18,295323.1275
5/8/18,316487.1472
5/7/18,335511.6039
5/6/18,302058.5079
5/5/18,315453.8897
5/4/18,382394.3357
5/3/18,370633.5712
5/2/18,358592.1188
5/1/18,288207.2989
4/30/18,341436.854
4/29/18,325637.9923
4/28/18,391205.6662
4/27/18,513813.607
4/26/18,625759.5427
4/25/18,825179.5627
4/24/18,611131.0003
4/23/18,260277.059
4/22/18,192145.5936
4/21/18,256724.3782
4/20/18,256932.1243
4/19/18,228424.3265
4/18/18,204008.0194
4/17/18,206363.1342
4/16/18,206972.1337
4/15/18,200151.7208
4/14/18,190942.646
4/13/18,287103.5894
4/12/18,266496.0225
4/11/18,157597.0262
4/10/18,156035.8458
4/9/18,154038.3894
4/8/18,147492.496
4/7/18,188194.766
4/6/18,232442.6471
4/5/18,166996.4743
4/4/18,168465.414
4/3/18,184306.1837
4/2/18,150514.2682
4/1/18,124208.5057
3/31/18,141903.5678
3/30/18,177326.1523
3/29/18,195094.8287
3/28/18,191960.6204
3/27/18,216676.3396
3/26/18,221211.3963
3/25/18,172790.985
3/24/18,188536.569
3/23/18,228095.8571
3/22/18,243433.3976
3/21/18,277606.5024
3/20/18,282002.1662
3/19/18,257964.538
3/18/18,207005.9514
3/17/18,171987.2452
3/16/18,246331.3866
3/15/18,306293.8018
3/14/18,301935.721
3/13/18,562265.2011
3/12/18,307329.883
3/11/18,386652.6681
3/10/18,373957.8497
3/9/18,316724.4602
3/8/18,335966.7984
3/7/18,362763.4131
3/6/18,400821.8509
3/5/18,516365.4041
3/4/18,376575.3977
3/3/18,430013.9903
3/2/18,464496.4666
3/1/18,571658.0302
2/28/18,531980.0107
2/27/18,544068.9516
2/26/18,469262.2032
2/25/18,401832.6751
2/24/18,932047.9457
2/23/18,736940.1782
2/22/18,373430.4276
2/21/18,428501.0091
2/20/18,600792.5815
2/19/18,565638.2495
2/18/18,468271.499
2/17/18,518618.3303
2/16/18,589979.4188
2/15/18,639336.577
2/14/18,574753.7057
2/13/18,589576.8853
2/12/18,616527.146
2/11/18,514636.5504
2/10/18,738768.899
2/9/18,754234.5391
2/8/18,721166.9828
2/7/18,1000515.69
2/6/18,1262518.878
2/5/18,1314099.472
2/4/18,935132.4345
2/3/18,1333616.101
2/2/18,2347594.243
2/1/18,1944067.481
1/31/18,1642340.305
1/30/18,1723703.864
1/29/18,1634257.128
1/28/18,1827742.522
1/27/18,1891789.402
1/26/18,2294141.72
1/25/18,2476759.163
1/24/18,3107500.589
1/23/18,3209324.993
1/22/18,3317461.286
1/21/18,4066809.786
1/20/18,5561112.068
1/19/18,5614014.97
1/18/18,7636110.19
1/17/18,7505013.859
1/16/18,6779961.276
1/15/18,7067805.769
1/14/18,6806278.505
1/13/18,7662641.869
1/12/18,8444052.349
1/11/18,9273727.091
1/10/18,10895933.48
1/9/18,11613675.75
1/8/18,10602575.28
1/7/18,11424807.87
1/6/18,11572011.14
1/5/18,12045172.46
1/4/18,11829066.66
1/3/18,11324841.61
1/2/18,9741276.587
1/1/18,6483620.483
12/31/17,7307039.105
12/30/17,10289264.11
12/29/17,11504149.54
12/28/17,11228111.84
12/27/17,12234766.59
12/26/17,11609290.54
12/25/17,9798349.383
12/24/17,12290916.09
12/23/17,16368134.37
12/22/17,21285645.39
12/21/17,18113814.19
12/20/17,14609416.92
12/19/17,12117323.34
12/18/17,11132989.27
12/17/17,10328496.93
12/16/17,9962630.74
12/15/17,10533475.05
12/14/17,10751346.29
12/13/17,10426814.13
12/12/17,9293733.502
12/11/17,8106807.487
12/10/17,6991555.219
12/9/17,8587325.961
12/8/17,10267644.74
12/7/17,5616087.212
12/6/17,3482333.208
12/5/17,2609451.313
12/4/17,2628671.195
12/3/17,2124312.944
12/2/17,2106835.486
12/1/17,2523605.517
11/30/17,2746194.894
11/29/17,2873917.641
11/28/17,2422847.628
11/27/17,2298406.742
11/26/17,1775333.263
11/25/17,1654673.319
11/24/17,1926904.496
11/23/17,2166965.273
11/22/17,2114533.297
11/21/17,2500928.148
11/20/17,2716241.392
11/19/17,1950293.491
11/18/17,2266879.973
11/17/17,3123836.623
11/16/17,3762661.598
11/15/17,4406485.693
11/14/17,4081355.249
11/13/17,4999532.247
11/12/17,3336093.437
11/11/17,2017392.357
11/10/17,2226673.574
11/9/17,2586413.101
11/8/17,2271125.508
11/7/17,2085777.297
11/6/17,1679738.789
11/5/17,1458113.702
11/4/17,2002177.432
11/3/17,1956152.111
11/2/17,1962017.317
11/1/17,1977416.518
10/31/17,1481494.866
10/30/17,1609453.334
10/29/17,1656236.382
10/28/17,1011143.103
10/27/17,962088.7432
10/26/17,671986.8481
10/25/17,804946.7877
10/24/17,1100012.463
10/23/17,1090236.025
10/22/17,929379.6051
10/21/17,1010021.509
10/20/17,946357.227
10/19/17,1096912.813
10/18/17,1065989.864
10/17/17,1195890.747
10/16/17,1104658.36
10/15/17,918858.9928
10/14/17,1310093.789
10/13/17,1566403.957
10/12/17,928780.0838
10/11/17,721857.6023
10/10/17,799875.592
10/9/17,713546.4275
10/8/17,511134.59
10/7/17,473572.0508
10/6/17,647587.0329
10/5/17,703042.1822
10/4/17,577720.1517
10/3/17,654877.0271
10/2/17,793916.9726
10/1/17,519159.3227
9/30/17,439786.0827
9/29/17,478235.6731
9/28/17,564964.1604
9/27/17,603060.9775
9/26/17,592609.1776
9/25/17,581016.2888
9/24/17,309852.6464
9/23/17,373093.8011
9/22/17,426184.9602
9/21/17,498886.5382
9/20/17,578629.8306
9/19/17,684984.3639
9/18/17,688938.3523
9/17/17,364641.6598
9/16/17,451325.7753
9/15/17,48384.1633
9/14/17,569962.9285
9/13/17,529746.6958
9/12/17,628248.1197
9/11/17,673739.4779
9/10/17,620215.9127
9/9/17,633801.6179
9/8/17,990389.6346
9/7/17,1197810.244
9/6/17,1265360.115
9/5/17,1232605.27
9/4/17,1413576.891
9/3/17,1111538.992
9/2/17,1367183.373
9/1/17,1879929.229
8/31/17,1962049.7
8/30/17,1809518.79
8/29/17,2127784.014
8/28/17,1660836.357
8/27/17,1559972.012
8/26/17,1854583.532
8/25/17,1857857.867
8/24/17,1697961.011
8/23/17,2262700.497
8/22/17,1364202.611
8/21/17,1200404.696
8/20/17,868938.3703
8/19/17,1122855.705
8/18/17,1433877.837
8/17/17,1581354.275
8/16/17,1515513.772
8/15/17,1475001.529
8/14/17,1067271.383
8/13/17,782662.0321
8/12/17,797290.848
8/11/17,853438.1973
8/10/17,661546.9595
8/9/17,534570.8366
8/8/17,549940.7155
8/7/17,415090.492
8/6/17,283867.866
8/5/17,365470.9825
8/4/17,326099.4351
8/3/17,344285.1078
8/2/17,351559.2536
8/1/17,205846.7125
7/31/17,543451.1151
7/30/17,379262.6357
7/29/17,425982.464
7/28/17,518182.8458
7/27/17,440222.1168
7/26/17,418004.1649
7/25/17,453381.4245
7/24/17,459453.7524
7/23/17,341721.0784
7/22/17,481494.8078
7/21/17,669850.6587
7/20/17,664474.0209
7/19/17,464935.7066
7/18/17,520910.297
7/17/17,431051.0614
7/16/17,322179.4394
7/15/17,779036.5687
7/14/17,471881.1829
7/13/17,497649.951
7/12/17,530475.9593
7/11/17,491926.9118
7/10/17,505801.6338
7/9/17,398767.854
7/8/17,492984.2516
7/7/17,612505.0609
7/6/17,630360.9903
7/5/17,591467.0352
7/4/17,762757.329
7/3/17,725364.964
7/2/17,725364.964
7/1/17,629563.7556
6/30/17,884943.8913
6/29/17,868664.4696
6/28/17,987298.2198
6/27/17,926320.8918
6/26/17,913806.9909
6/25/17,661056.9216
6/24/17,795414.3504
6/23/17,918720.6137
6/22/17,1217680.086
6/21/17,1235901.614
6/20/17,1069166.767
6/19/17,1010154.482
6/18/17,697043.166
6/17/17,830165.1869
6/16/17,912836.3879
6/15/17,1063464.346
6/14/17,1112772.564
6/13/17,1300251.724
6/12/17,1089286.319
6/11/17,1054767.501
6/10/17,1130401.721
6/9/17,1288092.361
6/8/17,1371335.904
6/7/17,1889446.024
6/6/17,1474348.25
6/5/17,1282881.035
6/4/17,1126248.43
6/3/17,1378176.823
6/2/17,1150058.577
6/1/17,1363584.728
5/31/17,1303942.091
5/30/17,1317521.331
5/29/17,1114427.045
5/28/17,924308.5783
5/27/17,1065087.242
5/26/17,1139936.996
5/25/17,1190928.112
5/24/17,1125215.972
5/23/17,1066192.036
5/22/17,850142.8301
5/21/17,721993.7339
5/20/17,773438.3397
5/19/17,868584.6807
5/18/17,744481.1572
5/17/17,884050.7311
5/16/17,597199.2412
5/15/17,563985.9434
5/14/17,560074.1216
5/13/17,533692.3858
5/12/17,554081.0908
5/11/17,512665.3127
5/10/17,534621.6262
5/9/17,521483.1348
5/8/17,534330.6244
5/7/17,425490.4625
5/6/17,462776.6151
5/5/17,414847.8664
5/4/17,463189.9968
5/3/17,372889.6033
5/2/17,394551.4057
5/1/17,322759.5004
4/30/17,269664.1329
4/29/17,346182.888
4/28/17,332403.1782
4/27/17,345012.3995
4/26/17,331998.2988
4/25/17,347524.065
4/24/17,237376.9482
4/23/17,223598.9104
4/22/17,243044.9158
4/21/17,323937.713
4/20/17,281117.0467
4/19/17,265578.4631
4/18/17,279134.2325
4/17/17,225744.075
4/16/17,192803.8632
4/15/17,242681.7296
4/14/17,283173.4916
4/13/17,257639.5085
4/12/17,261226.712
4/11/17,277087.7917
4/10/17,241281.9014
4/9/17,204747.2425
4/8/17,207868.7009
4/7/17,268825.2706
4/6/17,266263.2707
4/5/17,274597.3509
4/4/17,228425.3646
4/3/17,252360.4432
4/2/17,198867.5258
4/1/17,207895.7907
3/31/17,234876.4445
3/30/17,214200.8961
3/29/17,221261.5869
3/28/17,243693.4208
3/27/17,195595.5273
3/26/17,147075.3839
3/25/17,174323.2885
3/24/17,229193.5112
3/23/17,243809.6127
3/22/17,274752.3056
3/21/17,271402.3228
3/20/17,251286.508
3/19/17,218556.6611
3/18/17,226386.7679
3/17/17,266381.899
3/16/17,311535.9421
3/15/17,302074.6096
3/14/17,319715.474
3/13/17,272517.0173
3/12/17,229987.0809
3/11/17,255280.6988
3/10/17,282188.0579
3/9/17,278221.3099
3/8/17,270964.0727
3/7/17,333761.8107
3/6/17,306799.9662
3/5/17,276049.271
3/4/17,282289.3968
3/3/17,331593.7394
3/2/17,317553.3394
3/1/17,282143.6019
2/28/17,270857.8712
2/27/17,233253.5515
2/26/17,190522.1319
2/25/17,232807.2775
2/24/17,272240.8923
2/23/17,250387.5388
2/22/17,204151.8555
2/21/17,187373.2914
2/20/17,175137.8285
2/19/17,141917.6515
2/18/17,162538.4485
2/17/17,175596.076
2/16/17,173889.7458
2/15/17,135912.1695
2/14/17,142796.0047
2/13/17,136273.9643
2/12/17,102392.2671
2/11/17,117314.1698
2/10/17,138503.9611
2/9/17,170353.6021
2/8/17,164672.1774
2/7/17,179475.8111
2/6/17,158416.1313
2/5/17,137894.5472
2/4/17,141416.5588
2/3/17,164532.6827
2/2/17,143353.5777
2/1/17,150441.5678
1/31/17,140406.1188
1/30/17,126212.8106
1/29/17,112530.8431
1/28/17,112560.7147
1/27/17,104654.499
1/26/17,111834.4103
1/25/17,121029.0827
1/24/17,127281.0304
1/23/17,100128.2904
1/22/17,79971.44653
1/21/17,87410.27951
1/20/17,94202.1318
1/19/17,101146.0443
1/18/17,95262.66
1/17/17,98873.39958
1/16/17,86033.8
1/15/17,67484.78
1/14/17,72980.31881
1/13/17,81080.01
1/12/17,85509.46
1/11/17,94522.47085
1/10/17,109311.71
1/9/17,91841.33
1/8/17,83380.70365
1/7/17,96609.39
1/6/17,113153.75
1/5/17,121958.0448
1/4/17,222453.85
1/3/17,121327.72
1/2/17,114872.9886
1/1/17,65352.83
12/31/16,79307.68
12/30/16,96352.13347
12/29/16,103782.2
12/28/16,101994.27
12/27/16,97504.74064
12/26/16,79479.53
12/25/16,56026.75
12/24/16,75503.23955
12/23/16,90748.44
12/22/16,91348.1
12/21/16,95798.74199
12/20/16,80985.75
12/19/16,82824.88
12/18/16,65012.19205
12/17/16,64594.99
12/16/16,76458.06
12/15/16,78062.84034
12/14/16,73438.2
12/13/16,76116.78
12/12/16,72231.01906
12/11/16,72345.24
12/10/16,67129.09
12/9/16,74907.59973
12/8/16,73911.51
12/7/16,82576.61
12/6/16,90189.96601
12/5/16,80234.83
12/4/16,70908.95
12/3/16,77608.67005
12/2/16,93878.44
12/1/16,77382.51
11/30/16,73814.69518
11/29/16,74956.15
11/28/16,80156.94
11/27/16,59254.83275
11/26/16,75125.33
11/25/16,102231.03
11/24/16,101791.9932
11/23/16,80623.34
11/22/16,75933.68
11/21/16,71519.63003
11/20/16,53800.79
11/19/16,54346.55
11/18/16,62707.92471
11/17/16,65570.15
11/16/16,59006.83
11/15/16,58000.9335
11/14/16,56142.37
11/13/16,44437.7
11/12/16,46801.13408
11/11/16,52065.08
11/10/16,58828.7
11/9/16,61031.77956
11/8/16,63535.53
11/7/16,64349.7
11/6/16,49940.41147
11/5/16,52860.33
11/4/16,59713.46
11/3/16,57175.27306
11/2/16,58839.31
11/1/16,57930.91
10/31/16,54194.48437
10/30/16,44319.17
10/29/16,52426.65
10/28/16,56633.97569
10/27/16,76108.16
10/26/16,84297
10/25/16,64703.4905
10/24/16,53149.62
10/23/16,44466.48
10/22/16,42765.31296
10/21/16,48338.88
10/20/16,56514.57
10/19/16,39302.63818
10/18/16,49355.05
10/17/16,46292.05
10/16/16,37505.93774
10/15/16,40039.36
10/14/16,43619.1
10/13/16,44826.18956
10/12/16,44008.04
10/11/16,51765.57
10/10/16,41705.95467
10/9/16,35878
10/8/16,41907.55
10/7/16,44181.2117
10/6/16,47728.73
10/5/16,44649.57
10/4/16,43218.00481
10/3/16,46374.41
10/2/16,32570.7
10/1/16,36169.5235
9/30/16,41820.63
9/29/16,41513.03
9/28/16,39193.93192
9/27/16,38434.98
9/26/16,36865.54
9/25/16,29797.26563
9/24/16,35867.01
9/23/16,36258.01
9/22/16,37768.41575
9/21/16,38849.77
9/20/16,42277.38
9/19/16,40170.03097
9/18/16,32559.04
9/17/16,35060.67
9/16/16,39531.10452
9/15/16,36564.51
9/14/16,38286.01
9/13/16,41221.76861
9/12/16,34173.6
9/11/16,28946.02
9/10/16,32537.36414
9/9/16,40183.97
9/8/16,37564.41
9/7/16,39131.80305
9/6/16,37238.26
9/5/16,38609.83
9/4/16,28190.42714
9/3/16,31408.1
9/2/16,33260.97
9/1/16,36248.30898
8/31/16,36031.47
8/30/16,39542.12
8/29/16,37743.05515
8/28/16,28093.07
8/27/16,31521.6
8/26/16,36779.02412
8/25/16,37308.91
8/24/16,38135.38
8/23/16,44394.97322
8/22/16,38861.26
8/21/16,29400.11
8/20/16,35337.71632
8/19/16,46316.76
8/18/16,43766.5
8/17/16,42998.40665
8/16/16,48554.06
8/15/16,38648.62
8/14/16,35622.95648
8/13/16,37180.24
8/12/16,41360.39
8/11/16,47354.59696
8/10/16,44590.98
8/9/16,45482.48
8/8/16,51117.93143
8/7/16,39694.65
8/6/16,35314.51
8/5/16,42375.12907
8/4/16,40052.17
8/3/16,43252.44
8/2/16,48258.193
8/1/16,44275.62
7/31/16,45307.67
7/30/16,43676.17306
7/29/16,47624.67
7/28/16,47474.69
7/27/16,49904.2244
7/26/16,46327.77
7/25/16,45728.93
7/24/16,33859.14635
7/23/16,39272.68
7/22/16,42281.48
7/21/16,40442.9448
7/20/16,42831.11
7/19/16,41824.04
7/18/16,40298.07053
7/17/16,32557.41
7/16/16,33605.55
7/15/16,36791.97338
7/14/16,38613.99
7/13/16,35233.5
7/12/16,33704.23229
7/11/16,37267.31
7/10/16,25057.02
7/9/16,31596.03018
7/8/16,37899.62
7/7/16,36120.53
7/6/16,37558.37134
7/5/16,37297.89
7/4/16,37332.66
7/3/16,31301.33908
7/2/16,37290.97
7/1/16,39710.1
6/30/16,43145.93981
6/29/16,39504.92
6/28/16,37971.31
6/27/16,39543.30846
6/26/16,34404.94
6/25/16,41508.38
6/24/16,48766.27875
6/23/16,47124.46
6/22/16,46521.61
6/21/16,55770.78327
6/20/16,57110.04
6/19/16,48372.96
6/18/16,53013.09258
6/17/16,58817.56
6/16/16,63186.55
6/15/16,57175.50655
6/14/16,47821.1
6/13/16,27333.37472
6/12/16,34503.13681
6/11/16,27711.10434
6/10/16,30602.57487
6/9/16,31479.14196
6/8/16,29171.15447
6/7/16,32637.0617
6/6/16,30835.36474
6/5/16,25465.8901
6/4/16,26646.61579
6/3/16,30679.62053
6/2/16,31608.42114
6/1/16,30310.10999
5/31/16,28795.33595
5/30/16,30380.95745
5/29/16,24576.23665
5/28/16,26348.66513
5/27/16,33339.84254
5/26/16,25184.01695
5/25/16,27088.35394
5/24/16,26511.68974
5/23/16,24202.81646
5/22/16,19178.92443
5/21/16,25224.77795
5/20/16,22762.42319
5/19/16,25058.508
5/18/16,26389.62999
5/17/16,26467.28679
5/16/16,27622.16488
5/15/16,20849.06235
5/14/16,21872.65022
5/13/16,22275.24042
5/12/16,21258.31171
5/11/16,20763.72321
5/10/16,21900.72318
5/9/16,18680.06448
5/8/16,15648.80804
5/7/16,17288.96868
5/6/16,20519.50671
5/5/16,19849.42326
5/4/16,22893.52811
5/3/16,20233.80088
5/2/16,20033.91699
5/1/16,15916.81431
4/30/16,18279.96585
4/29/16,22771.31899
4/28/16,22214.59591
4/27/16,20626.13494
4/26/16,158063.2392
4/25/16,20343.89766
4/24/16,15283.6199
4/23/16,14960.70135
4/22/16,19815.84946
4/21/16,19312.3624
4/20/16,19115.75482
4/19/16,19134.86261
4/18/16,18954.02385
4/17/16,14285.93495
4/16/16,14710.71807
4/15/16,19626.97912
4/14/16,19595.41398
4/13/16,19424.99775
4/12/16,21347.53019
4/11/16,19752.49595
4/10/16,14104.58255
4/9/16,15941.94225
4/8/16,18411.51175
4/7/16,19124.72171
4/6/16,18940.46381
4/5/16,20774.19541
4/4/16,19334.96732
4/3/16,18710.00051
4/2/16,23486.85437
4/1/16,22620.32378
3/31/16,18558.37492
3/30/16,21955.77505
3/29/16,24392.95327
3/28/16,17986.35264
3/27/16,14244.5312
3/26/16,14942.34139
3/25/16,14043.46952
3/24/16,16216.26694
3/23/16,16301.66041
3/22/16,18169.71353
3/21/16,15866.98452
3/20/16,14212.15637
3/19/16,15438.80928
3/18/16,17412.11448
3/17/16,19676.35536
3/16/16,20014.72284
3/15/16,17713.75039
3/14/16,17011.74213
3/13/16,18144.80289
3/12/16,12088.62924
3/11/16,16729.21085
3/10/16,18069.16403
3/9/16,21731.2441
3/8/16,18670.57776
3/7/16,18180.50091
3/6/16,16820.82647
3/5/16,25266.64578
3/4/16,21909.46559
3/3/16,30648.9952
3/2/16,39646.77118
3/1/16,24184.10552
2/29/16,23314.92034
2/28/16,19986.45724
2/27/16,16506.51361
2/26/16,18309.6804
2/25/16,19489.75169
2/24/16,19003.85778
2/23/16,20106.63025
2/22/16,20973.07402
2/21/16,17672.21837
2/20/16,18938.1167
2/19/16,19990.07611
2/18/16,17882.18865
2/17/16,18709.77232
2/16/16,17988.04788
2/15/16,16180.83791
2/14/16,13934.87396
2/13/16,14543.12282
2/12/16,15213.27522
2/11/16,16706.86851
2/10/16,17340.78623
2/9/16,15823.35947
2/8/16,15371.34943
2/7/16,15229.65208
2/6/16,15752.6351
2/5/16,15864.67968
2/4/16,15305.12648
2/3/16,17982.07681
2/2/16,21554.83504
2/1/16,21477.2028
1/31/16,11877.38109
1/30/16,16587.40635
1/29/16,18397.45041
1/28/16,19154.12625
1/27/16,18791.56047
1/26/16,19018.48291
1/25/16,17254.47935
1/24/16,15019.24922
1/23/16,15254.66417
1/22/16,19454.47648
1/21/16,18348.41191
1/20/16,18938.77629
1/19/16,15193.19567
1/18/16,14872.10519
1/17/16,14340.40906
1/16/16,12989.14862
1/15/16,13927.81486
1/14/16,14105.80549
1/13/16,14668.947
1/12/16,15492.48301
1/11/16,17251.05698
1/10/16,12869.74226
1/9/16,13351.36343
1/8/16,16166.93039
1/7/16,15470.75399
1/6/16,13004.26578
1/5/16,14331.03153
1/4/16,12575.65887
1/3/16,10210.52442
1/2/16,13798.46777
1/1/16,8532.329863
12/31/15,11653.80405
12/30/15,14091.5909
12/29/15,13828.10644
12/28/15,12778.97452
12/27/15,12210.73222
12/26/15,12053.22068
12/25/15,13859.72969
12/24/15,17598.25033
12/23/15,17629.36818
12/22/15,16683.97458
12/21/15,19072.40371
12/20/15,14171.02856
12/19/15,16572.66321
12/18/15,17531.46035
12/17/15,16878.90685
12/16/15,17788.54093
12/15/15,19605.40622
12/14/15,17595.24925
12/13/15,14483.62556
12/12/15,16657.83287
12/11/15,17607.23567
12/10/15,14673.82323
12/9/15,16634.39678
12/8/15,12684.59478
12/7/15,12751.47051
12/6/15,12397.54909
12/5/15,11731.34523
12/4/15,12356.46486
12/3/15,11809.4627
12/2/15,11343.55304
12/1/15,11737.3255
11/30/15,14242.40704
11/29/15,7873.125184
11/28/15,9910.398748
11/27/15,9639.341346
11/26/15,10156.53637
11/25/15,8313.613864
11/24/15,8486.064008
11/23/15,8278.232586
11/22/15,7183.817201
11/21/15,8239.918442
11/20/15,8236.080689
11/19/15,8393.549187
11/18/15,10730.95109
11/17/15,8939.391335
11/16/15,8519.282519
11/15/15,8162.777615
11/14/15,8308.530912
11/13/15,8716.190031
11/12/15,8835.445095
11/11/15,9385.128959
11/10/15,9676.743588
11/9/15,12419.8717
11/8/15,9225.355809
11/7/15,10554.66087
11/6/15,13380.50646
11/5/15,14260.12029
11/4/15,20331.08837
11/3/15,16426.60257
11/2/15,10535.29884
11/1/15,8603.239357
10/31/15,9983.359104
10/30/15,10933.42867
10/29/15,10393.67532
10/28/15,9622.753218
10/27/15,8853.505091
10/26/15,7205.54406
10/25/15,9120.500545
10/24/15,8010.319508
10/23/15,7812.095135
10/22/15,9023.404187
10/21/15,8323.192289
10/20/15,8052.309627
10/19/15,8745.801026
10/18/15,6065.484
10/17/15,6065.484
10/16/15,7817.08915
10/15/15,7149.932494
10/14/15,7470.929289
10/13/15,6641.363058
10/12/15,6319.738443
10/11/15,5857.401124
10/10/15,6638.423271
10/9/15,6266.500688
10/8/15,5757.350291
10/7/15,7023.783899
10/6/15,6585.732251
10/5/15,5869.09247
10/4/15,4775.869608
10/3/15,4505.639458
10/2/15,5946.605108
10/1/15,7555.760731
9/30/15,7059.831271
9/29/15,6698.239143
9/28/15,6796.628154
9/27/15,6210.942628
9/26/15,4886.808301
9/25/15,6942.869734
9/24/15,5675.69308
9/23/15,6415.775719
9/22/15,6725.254091
9/21/15,6070.157112
9/20/15,4719.72212
9/19/15,5283.490972
9/18/15,6191.563012
9/17/15,6136.971736
9/16/15,6208.55893
9/15/15,6840.607622
9/14/15,6975.362671
9/13/15,6353.170935
9/12/15,8886.712055
9/11/15,6956.705312
9/10/15,7783.607172
9/9/15,6339.722661
9/8/15,6896.593619
9/7/15,7446.737882
9/6/15,5266.463043
9/5/15,7525.513959
9/4/15,6046.575379
9/3/15,8288.543664
9/2/15,10180.62677
9/1/15,6144.655071
8/31/15,5783.20306
8/30/15,3989.1402
8/29/15,5193.11274
8/28/15,5640.51606
8/27/15,5381.60549
8/26/15,6324.814699
8/25/15,5698.83781
8/24/15,5288.641004
8/23/15,5487.120715
8/22/15,5191.944593
8/21/15,5521.507897
8/20/15,6518.784018
8/19/15,5780.009667
8/18/15,6545.818173
8/17/15,6662.505895
8/16/15,4710.491517
8/15/15,4710.491517
8/14/15,7055.211416
8/13/15,6306.633954
8/12/15,6726.896056
8/11/15,7816.929658
8/10/15,7087.555093
8/9/15,7043.813468
8/8/15,6656.35996
8/7/15,6218.845596
8/6/15,8282.84863
8/5/15,10939.00474
8/4/15,9735.999902
8/3/15,9709.836137
8/2/15,6406.817964
8/1/15,6515.202207
7/31/15,9974.887104
7/30/15,10259.16523
7/29/15,9840.646058
7/28/15,10958.46418
7/27/15,10985.40985
7/26/15,9027.937927
7/25/15,5646.596382
7/24/15,7565.679218
7/23/15,6843.300812
7/22/15,7273.632872
7/21/15,7889.243106
7/20/15,7833.427037
7/19/15,9552.727223
7/18/15,13370.22891
7/17/15,12456.04304
7/16/15,6908.205709
7/15/15,7672.503006
7/14/15,8151.98238
7/13/15,8204.891059
7/12/15,14062.99338
7/11/15,14095.13194
7/10/15,10841.56358
7/9/15,11156.85321
7/8/15,11490.58736
7/7/15,13497.95354
7/6/15,10635.95148
7/5/15,8011.260117
7/4/15,4913.962671
7/3/15,6334.879336
7/2/15,6423.051465
7/1/15,5598.119275
6/30/15,7919.381191
6/29/15,7200.93872
6/28/15,4475.699537
6/27/15,4243.05858
6/26/15,4228.769036
6/25/15,4358.975386
6/24/15,4201.365945
6/23/15,4029.650406
6/22/15,5592.784949
6/21/15,3647.236687
6/20/15,3192.28186
6/19/15,5504.765378
6/18/15,7373.649121
6/17/15,4901.489222
6/16/15,6234.319229
6/15/15,5418.568984
6/14/15,4378.9465
6/13/15,3711.710349
6/12/15,4598.951601
6/11/15,4169.797556
6/10/15,4176.379034
6/9/15,4332.201541
6/8/15,3839.21006
6/7/15,3484.921292
6/6/15,3553.26648
6/5/15,3424.710832
6/4/15,3625.010698
6/3/15,4324.112515
6/2/15,4041.998153
6/1/15,4293.950923
5/31/15,9280.371506
5/30/15,3163.523603
5/29/15,4191.162966
5/28/15,3845.965143
5/27/15,3813.832839
5/26/15,3783.184026
5/25/15,3985.411014
5/24/15,3650.04907
5/23/15,3065.183027
5/22/15,3847.137476
5/21/15,3684.740108
5/20/15,3413.288209
5/19/15,3782.77722
5/18/15,3587.847459
5/17/15,3511.707308
5/16/15,3376.109002
5/15/15,3264.590284
5/14/15,3583.376161
5/13/15,4240.024601
5/12/15,3739.6443
5/11/15,4045.920245
5/10/15,4126.062931
5/9/15,3642.339693
5/8/15,3564.588169
5/7/15,3832.511385
5/6/15,3827.663351
5/5/15,3776.625542
5/4/15,3977.277103
5/3/15,3293.21053
5/2/15,2977.089305
5/1/15,3450.058061
4/30/15,3571.894751
4/29/15,3783.082242
4/28/15,4076.816562
4/27/15,3518.091371
4/26/15,3382.523405
4/25/15,23285.77754
4/24/15,22851.76354
4/23/15,3747.830831
4/22/15,4109.936411
4/21/15,3826.954736
4/20/15,3780.292557
4/19/15,3373.619018
4/18/15,2723.283617
4/17/15,3093.226001
4/16/15,3494.799737
4/15/15,3448.930832
4/14/15,3301.889874
4/13/15,4507.914528
4/12/15,3596.262889
4/11/15,3399.320365
4/10/15,7251.636526
4/9/15,7025.864922
4/8/15,4160.563449
4/7/15,4691.754694
4/6/15,4134.953508
4/5/15,3900.123277
4/4/15,4023.129045
4/3/15,3821.908731
4/2/15,3719.309122
4/1/15,4566.276561
3/31/15,4396.665481
3/30/15,3579.709428
3/29/15,3435.866663
3/28/15,2975.894911
3/27/15,3243.746954
3/26/15,3813.225907
3/25/15,3546.401875
3/24/15,3763.267196
3/23/15,5186.359293
3/22/15,4623.217154
3/21/15,3136.329758
3/20/15,4363.378745
3/19/15,4184.074796
3/18/15,4178.821982
3/17/15,4352.700327
3/16/15,4234.755381
3/15/15,4085.088058
3/14/15,3758.083419
3/13/15,3519.063835
3/12/15,4018.013193
3/11/15,5494.251649
3/10/15,4535.966931
3/9/15,4943.991758
3/8/15,4290.903883
3/7/15,3599.347602
3/6/15,3743.967466
3/5/15,5028.883968
3/4/15,3773.385725
3/3/15,4251.15698
3/2/15,4755.540122
3/1/15,4243.186317
2/28/15,3136.468168
2/27/15,3876.126246
2/26/15,3600.636901
2/25/15,3426.231936
2/24/15,3580.762454
2/23/15,3495.966307
2/22/15,3280.737847
2/21/15,3414.919246
2/20/15,3539.650218
2/19/15,3391.470963
2/18/15,4153.503716
2/17/15,3594.491984
2/16/15,3693.202229
2/15/15,3826.779858
2/14/15,3277.998321
2/13/15,4091.329872
2/12/15,2882.578566
2/11/15,2992.528082
2/10/15,3254.967883
2/9/15,3836.658572
2/8/15,3037.860188
2/7/15,2559.771055
2/6/15,2937.493683
2/5/15,2524.431099
2/4/15,2721.367036
2/3/15,3387.03378
2/2/15,3180.107874
2/1/15,2703.732606
1/31/15,3439.671855
1/30/15,2792.191381
1/29/15,2754.395762
1/28/15,3585.542907
1/27/15,3062.790132
1/26/15,3682.328896
1/25/15,3665.694547
1/24/15,3036.271286
1/23/15,2979.85339
1/22/15,3368.76696
1/21/15,3146.428292
1/20/15,3005.948105
1/19/15,3387.554753
1/18/15,3356.724199
1/17/15,2692.599113
1/16/15,3691.691836
1/15/15,3262.11296
1/14/15,3609.503751
1/13/15,4793.933989
1/12/15,3336.151847
1/11/15,8812.784783
1/10/15,5046.452434
1/9/15,4292.492121
1/8/15,4468.882802
1/7/15,3752.300595
1/6/15,3710.563329
1/5/15,3558.725583
1/4/15,7189.97088
1/3/15,5496.656838
1/2/15,3599.567549
1/1/15,2989.225322
12/31/14,2526.571052
12/30/14,3951.3023
12/29/14,5526.314972
12/28/14,4423.501073
12/27/14,3823.546417
12/26/14,6476.328917
12/25/14,5390.440149
12/24/14,3080.72822
12/23/14,4986.239113
12/22/14,4754.93087
12/21/14,4365.005955
12/20/14,4318.754925
12/19/14,4201.3232
12/18/14,4543.301707
12/17/14,5751.636425
12/16/14,4404.146697
12/15/14,4911.420513
12/14/14,4617.424973
12/13/14,3781.426092
12/12/14,3838.831247
12/11/14,4704.530527
12/10/14,4341.804025
12/9/14,4444.2035
12/8/14,7557.452657
12/7/14,4632.47651
12/6/14,4093.94903
12/5/14,4698.40086
12/4/14,5129.877467
12/3/14,5222.4212
12/2/14,6035.526397
12/1/14,5428.72816
11/30/14,5344.867164
11/29/14,4712.910891
11/28/14,4354.250102
11/27/14,4384.35029
11/26/14,5054.9869
11/25/14,4839.453498
11/24/14,4652.266712
11/23/14,4513.814583
11/22/14,4161.565053
11/21/14,4167.398522
11/20/14,5312.438104
11/19/14,4666.662623
11/18/14,5030.127348
11/17/14,6523.244781
11/16/14,5522.294536
11/15/14,4315.345573
11/14/14,5718.230906
11/13/14,5419.533839
11/12/14,6414.784602
11/11/14,5033.293278
11/10/14,4882.584993
11/9/14,4837.433955
11/8/14,3991.013261
11/7/14,3950.495625
11/6/14,4856.816151
11/5/14,4718.875862
11/4/14,4597.998677
11/3/14,5570.262435
11/2/14,4280.485403
11/1/14,4049.491333
10/31/14,4311.690775
10/30/14,4984.31998
10/29/14,4842.746562
10/28/14,4657.454159
10/27/14,4999.727939
10/26/14,4565.671536
10/25/14,3824.654133
10/24/14,4819.681933
10/23/14,4673.593336
10/22/14,4580.895527
10/21/14,5726.21659
10/20/14,5027.966214
10/19/14,4713.359297
10/18/14,4198.799233
10/17/14,4348.003711
10/16/14,4454.612399
10/15/14,5411.27537
10/14/14,4980.768765
10/13/14,5391.834763
10/12/14,4746.642067
10/11/14,4038.573492
10/10/14,3784.486626
10/9/14,5665.373201
10/8/14,5059.602742
10/7/14,4528.140119
10/6/14,4354.707986
10/5/14,4072.552928
10/4/14,3357.309477
10/3/14,4795.692917
10/2/14,4254.073721
10/1/14,4437.421255
9/30/14,4974.620334
9/29/14,4719.443766
9/28/14,4375.746473
9/27/14,4444.528891
9/26/14,4547.673232
9/25/14,19219.56073
9/24/14,5905.026196
9/23/14,5796.62145
9/22/14,4910.129564
9/21/14,4207.641303
9/20/14,3985.777041
9/19/14,4142.838846
9/18/14,6033.262208
9/17/14,5334.996716
9/16/14,5499.511163
9/15/14,6589.445111
9/14/14,5678.27421
9/13/14,4952.767023
9/12/14,5772.165206
9/11/14,4914.079226
9/10/14,4818.593032
9/9/14,7390.395482
9/8/14,6067.075112
9/7/14,5396.972929
9/6/14,5475.279293
9/5/14,5046.607303
9/4/14,5206.042413
9/3/14,6233.905228
9/2/14,5334.53992
9/1/14,5519.594912
8/31/14,4930.983102
8/30/14,4312.697993
8/29/14,4911.115095
8/28/14,5817.424452
8/27/14,5431.025483
8/26/14,5978.398812
8/25/14,8826.404725
8/24/14,7219.654678
8/23/14,4421.469339
8/22/14,5806.482614
8/21/14,5623.015967
8/20/14,6279.943314
8/19/14,6853.541438
8/18/14,6277.740324
8/17/14,5000.692032
8/16/14,7171.218931
8/15/14,7481.780606
8/14/14,5466.662761
8/13/14,7541.596472
8/12/14,6931.602809
8/11/14,7079.29518
8/10/14,6782.659565
8/9/14,5669.607315
8/8/14,5825.351534
8/7/14,6816.472526
8/6/14,6587.211037
8/5/14,7521.068089
8/4/14,6760.511095
8/3/14,6002.960976
8/2/14,4934.787799
8/1/14,7164.90644
7/31/14,6548.912388
7/30/14,6460.568306
7/29/14,6774.804857
7/28/14,6194.869643
7/27/14,5695.933345
7/26/14,5660.301081
7/25/14,5665.792379
7/24/14,6145.451307
7/23/14,7264.270201
7/22/14,6988.351368
7/21/14,7363.797023
7/20/14,6457.372526
7/19/14,5929.556516
7/18/14,6597.379776
7/17/14,8012.767429
7/16/14,7976.292776
7/15/14,7639.404644
7/14/14,7863.138136
7/13/14,7068.897037
7/12/14,5882.254817
7/11/14,7253.4956
7/10/14,7011.204884
7/9/14,6957.733696
7/8/14,8056.971183
7/7/14,7619.65706
7/6/14,6497.226348
7/5/14,5374.922375
7/4/14,5227.248427
7/3/14,6728.726236
7/2/14,8305.059169
7/1/14,8981.668877
6/30/14,8091.155062
6/29/14,6068.692127
6/28/14,5271.122328
6/27/14,5898.165893
6/26/14,6586.065335
6/25/14,6473.803782
6/24/14,6552.06455
6/23/14,7408.793624
6/22/14,5867.977459
6/21/14,5618.181436
6/20/14,7438.91602
6/19/14,6676.812485
6/18/14,7636.742624
6/17/14,8097.662746
6/16/14,7164.882608
6/15/14,6621.534279
6/14/14,6485.329757
6/13/14,5552.389986
6/12/14,7114.536093
6/11/14,8199.187045
6/10/14,7011.754913
6/9/14,7924.264094
6/8/14,6295.83023
6/7/14,5678.606492
6/6/14,5967.743857
6/5/14,8506.433976
6/4/14,8066.467742
6/3/14,7907.486338
6/2/14,8438.533471
6/1/14,6892.824972
5/31/14,7211.308854
5/30/14,6991.931407
5/29/14,7348.084219
5/28/14,7038.68845
5/27/14,7345.392687
5/26/14,7176.100027
5/25/14,6958.880957
5/24/14,6606.702911
5/23/14,6312.873971
5/22/14,6852.998957
5/21/14,7111.527564
5/20/14,6569.773456
5/19/14,6159.024317
5/18/14,4876.247607
5/17/14,3991.037087
5/16/14,4397.263776
5/15/14,6501.34349
5/14/14,5727.031188
5/13/14,5389.530217
5/12/14,7133.805881
5/11/14,5625.772668
5/10/14,4056.262922
5/9/14,7633.639888
5/8/14,7171.817439
5/7/14,5996.163575
5/6/14,7467.440809
5/5/14,6545.816224
5/4/14,5291.94389
5/3/14,5028.310548
5/2/14,4783.016626
5/1/14,5150.611136
4/30/14,6323.609846
4/29/14,5628.0821
4/28/14,5448.7804
4/27/14,7209.383522
4/26/14,4962.167219
4/25/14,4882.314186
4/24/14,9329.635235
4/23/14,6973.494768
4/22/14,6959.177033
4/21/14,7648.142423
4/20/14,5764.298444
4/19/14,5395.315971
4/18/14,7357.991103
4/17/14,5815.756809
4/16/14,7562.225128
4/15/14,9674.244908
4/14/14,8036.046371
4/13/14,6522.584448
4/12/14,4287.143072
4/11/14,4214.771861
4/10/14,6235.83507
4/9/14,9943.595222
4/8/14,5883.336419
4/7/14,6855.082194
4/6/14,6256.895854
4/5/14,4214.398616
4/4/14,5493.19812
4/3/14,6453.337736
4/2/14,5990.160595
4/1/14,5825.303232
3/31/14,7008.058924
3/30/14,5461.252176
3/29/14,4827.175101
3/28/14,6788.803743
3/27/14,6422.102966
3/26/14,7151.886302
3/25/14,8987.669108
3/24/14,8359.936219
3/23/14,7075.409175
3/22/14,11172.12979
3/21/14,8134.692202
3/20/14,8731.505993
3/19/14,8714.645961
3/18/14,7551.556203
3/17/14,6650.070383
3/16/14,9856.043992
3/15/14,6594.499044
3/14/14,7496.347359
3/13/14,13032.61989
3/12/14,9549.052987
3/11/14,11094.92035
3/10/14,11569.03211
3/9/14,8978.241398
3/8/14,7694.598465
3/7/14,13015.81946
3/6/14,8199.292378
3/5/14,9775.056308
3/4/14,13895.86635
3/3/14,12351.89902
3/2/14,9836.747718
3/1/14,8618.271767
2/28/14,8513.983446
2/27/14,8835.002605
2/26/14,10176.47652
2/25/14,8688.300284
2/24/14,9747.049023
2/23/14,9130.352307
2/22/14,7384.321097
2/21/14,7591.291285
2/20/14,11582.50464
2/19/14,8695.867855
2/18/14,8509.273073
2/17/14,20380.33051
2/16/14,7949.77071
2/15/14,6937.405727
2/14/14,11344.45921
2/13/14,11534.9346
2/12/14,8876.029523
2/11/14,9527.328681
2/10/14,8021.389216
2/9/14,8849.24544
2/8/14,10453.27853
2/7/14,8727.037054
2/6/14,11591.71075
2/5/14,12855.5969
2/4/14,11105.91608
2/3/14,11020.60105
2/2/14,9642.868577
2/1/14,8174.875882
1/31/14,10508.37213
1/30/14,11643.52622
1/29/14,10693.76175
1/28/14,11041.84508
1/27/14,15617.82369
1/26/14,10035.00738
1/25/14,9361.645562
1/24/14,14056.20504
1/23/14,13409.02461
1/22/14,13038.23015
1/21/14,13783.23411
1/20/14,13580.23927
1/19/14,11239.76976
1/18/14,10511.74591
1/17/14,10315.24006
1/16/14,11846.10283
1/15/14,14605.9545
1/14/14,16517.75363
1/13/14,10371.2268
1/12/14,11070.2247
1/11/14,9839.10505
1/10/14,11123.30229
1/9/14,11757.01361
1/8/14,10479.12322
1/7/14,11792.29468
1/6/14,28021.51246
1/5/14,27755.81852
1/4/14,11865.02645
1/3/14,11606.4894
1/2/14,11742.08483
1/1/14,9191.372992
12/31/13,8741.379287
12/30/13,8357.120972
12/29/13,11023.46759
12/28/13,9336.96807
12/27/13,8280.819864
12/26/13,9674.664136
12/25/13,8130.987702
12/24/13,8198.234645
12/23/13,8184.949966
12/22/13,7016.486889
12/21/13,7098.075037
12/20/13,9003.474565
12/19/13,8966.80625
12/18/13,10324.76033
12/17/13,10662.51717
12/16/13,21344.66157
12/15/13,9933.861385
12/14/13,9559.857826
12/13/13,14453.93221
12/12/13,13061.53112
12/11/13,12601.49729
12/10/13,16743.70723
12/9/13,18718.02233
12/8/13,11165.51299
12/7/13,31581.73745
12/6/13,14916.06602
12/5/13,16617.24908
12/4/13,24226.91921
12/3/13,24329.01161
12/2/13,23167.51553
12/1/13,39829.00924
11/30/13,17186.61848
11/29/13,24657.82822
11/28/13,30631.8925
11/27/13,33281.26054
11/26/13,27037.14151
11/25/13,18207.33061
11/24/13,15693.75453
11/23/13,14645.46142
11/22/13,17239.64913
11/21/13,17967.65368
11/20/13,18468.24491
11/19/13,21249.2984
11/18/13,18224.16541
11/17/13,14739.1796
11/16/13,6272.227235
11/15/13,6693.578781
11/14/13,7952.392352
11/13/13,8716.205898
11/12/13,9512.067706
11/11/13,7112.279052
11/10/13,15279.57933
11/9/13,15583.85661
11/8/13,31045.07683
11/7/13,34311.58316
11/6/13,34438.50811
11/5/13,30567.66151
11/4/13,11004.90953
11/3/13,15167.14529
11/2/13,5165.863837
11/1/13,7162.386461
10/31/13,7195.298974
10/30/13,6055.415918
10/29/13,7369.157273
10/28/13,5284.465045
10/27/13,8585.901698
10/26/13,7472.351099
10/25/13,9643.898037
10/24/13,8079.645097
10/23/13,8884.284575
10/22/13,7333.206582
10/21/13,7992.032647
10/20/13,5408.247808
10/19/13,4622.564482
10/18/13,5912.664895
10/17/13,5133.28716
10/16/13,5661.888614
10/15/13,5225.47658
10/14/13,4650.251365
10/13/13,3360.10861
10/12/13,4042.356836
10/11/13,3034.891698
10/10/13,3610.066888
10/9/13,3758.79475
10/8/13,3316.198122
10/7/13,2003.79818
10/6/13,4078.737253
10/5/13,3332.502616
10/4/13,3245.222463
10/3/13,4091.869592
10/2/13,20932.38756
10/1/13,3697.729746
9/30/13,4579.178791
9/29/13,3278.740837
9/28/13,2530.548104
9/27/13,3521.995681
9/26/13,3754.371651
9/25/13,3470.023135
9/24/13,3827.41495
9/23/13,5002.858032
9/22/13,4474.409399
9/21/13,3374.210886
9/20/13,4171.813049
9/19/13,4461.762226
9/18/13,13828.19197
9/17/13,38292.56198
9/16/13,11600.03342
9/15/13,3758.987346
9/14/13,3315.526859
9/13/13,2723.788854
9/12/13,3390.143458
9/11/13,2829.170991
9/10/13,2930.561815
9/9/13,3464.23425
9/8/13,3163.571485
9/7/13,2667.685695
9/6/13,3292.420355
9/5/13,4080.977788
9/4/13,4234.514253
9/3/13,3117.467869
9/2/13,6400.096369
9/1/13,6136.375202
8/31/13,3308.10707
8/30/13,5275.834049
8/29/13,5404.212322
8/28/13,5333.071195
8/27/13,4454.428804
8/26/13,6104.805961
8/25/13,3069.166918
8/24/13,3907.249063
8/23/13,3053.122822
8/22/13,3764.620291
8/21/13,4125.412373
8/20/13,3747.089579
8/19/13,4788.682235
8/18/13,4590.176141
8/17/13,4448.640459
8/16/13,2895.373386
8/15/13,7812.105755
8/14/13,6292.384799
8/13/13,4303.669596
8/12/13,2687.555843
8/11/13,2534.918069
8/10/13,3524.202086
8/9/13,4599.463629
8/8/13,4690.4461
8/7/13,5056.357268
8/6/13,4448.159726
8/5/13,4332.920186
8/4/13,2878.623408
8/3/13,2804.853149
8/2/13,2908.222038
8/1/13,4327.114733
7/31/13,6157.638204
7/30/13,4777.683098
7/29/13,3807.412457
7/28/13,2271.05671
7/27/13,1973.202487
7/26/13,2922.307807
7/25/13,3284.077384
7/24/13,3354.297123
7/23/13,3082.304949
7/22/13,2978.923858
7/21/13,2018.704893
7/20/13,2356.376105
7/19/13,1930.521306
7/18/13,3085.020314
7/17/13,2494.506054
7/16/13,4308.697163
7/15/13,3299.771836
7/14/13,2297.010039
7/13/13,3303.359407
7/12/13,2412.925156
7/11/13,3134.510973
7/10/13,2035.936091
7/9/13,2063.656043
7/8/13,2683.776177
7/7/13,1343.273125
7/6/13,1228.229527
7/5/13,2201.761033
7/4/13,1925.26584
7/3/13,1683.908239
7/2/13,2442.33732
7/1/13,2361.720292
6/30/13,2907.869773
6/29/13,1918.459591
6/28/13,4988.271072
6/27/13,4570.297945
6/26/13,3406.04021
6/25/13,3480.285225
6/24/13,3762.167192
6/23/13,3856.893365
6/22/13,6184.417948
6/21/13,4972.789222
6/20/13,6162.308385
6/19/13,4017.306783
6/18/13,3896.850155
6/17/13,3972.610753
6/16/13,3185.029189
6/15/13,2907.46919
6/14/13,3798.582272
6/13/13,4490.95083
6/12/13,4244.298251
6/11/13,4702.58515
6/10/13,3780.665587
6/9/13,3589.386601
6/8/13,3594.324705
6/7/13,4659.084941
6/6/13,4465.259233
6/5/13,5234.695027
6/4/13,6671.299425
6/3/13,7823.585786
6/2/13,5940.52901
6/1/13,5542.68304
5/31/13,5085.54149
5/30/13,6234.308471
5/29/13,6860.481193
5/28/13,6751.570778
5/27/13,7001.954044
5/26/13,4186.063472
5/25/13,4111.227711
5/24/13,7428.679623
5/23/13,6998.019184
5/22/13,6712.180432
5/21/13,6754.777825
5/20/13,5301.133928
5/19/13,6019.005192
5/18/13,5108.677025
5/17/13,6585.560714
5/16/13,11017.18039
5/15/13,6660.677173
5/14/13,7107.124126
5/13/13,6505.052673
5/12/13,7060.313958
5/11/13,7397.02305
5/10/13,7350.765297
5/9/13,7082.897062
5/8/13,5956.667555
5/7/13,5623.822795
5/6/13,4811.258523
5/5/13,4135.508996
5/4/13,4497.022795
5/3/13,4787.335273
5/2/13,6288.762156
5/1/13,5783.856229
4/30/13,4462.791424
4/29/13,6263.945366
4/28/13,5069.958863
4/27/13,4429.251581
4/26/13,5822.620863
4/25/13,6894.922703
4/24/13,7673.541938
4/23/13,7921.000554
4/22/13,5726.535456
4/21/13,5667.723104
4/20/13,5496.735088
4/19/13,5900.576995
4/18/13,6258.580157
4/17/13,5600.409094
4/16/13,4696.402217
4/15/13,4341.396978
4/14/13,5471.672898
4/13/13,4617.505377
4/12/13,4865.974705
4/11/13,10307.21313
4/10/13,7679.265195
4/9/13,13845.04176
4/8/13,7652.727987
4/7/13,8951.923041
4/6/13,8117.329031
4/5/13,7954.781556
4/4/13,7572.555749
4/3/13,10510.40247
4/2/13,8699.607749
4/1/13,6264.56148
3/31/13,5436.786883
3/30/13,5822.758431
3/29/13,4181.05733
3/28/13,6794.081481
3/27/13,4824.008007
3/26/13,5228.322418
3/25/13,3429.528859
3/24/13,2678.970109
3/23/13,2706.853339
3/22/13,3906.794414
3/21/13,3602.464154
3/20/13,3453.431811
3/19/13,2165.255379
3/18/13,1882.796443
3/17/13,1733.19303
3/16/13,1471.50932
3/15/13,3182.678778
3/14/13,2961.742531
3/13/13,2628.212905
3/12/13,3354.771912
3/11/13,2267.35785
3/10/13,2714.001606
3/9/13,2317.327809
3/8/13,1833.139206
3/7/13,2393.474052
3/6/13,6484.28489
3/5/13,2878.07275
3/4/13,2048.096778
3/3/13,1570.901496
3/2/13,1413.137316
3/1/13,1862.939394
2/28/13,1966.365135
2/27/13,2066.738905
2/26/13,1634.728738
2/25/13,2077.835619
2/24/13,1957.015503
2/23/13,1404.721623
2/22/13,1646.759469
2/21/13,1760.515349
2/20/13,1412.360595
2/19/13,1313.811081
2/18/13,1454.342635
2/17/13,1048.079739
2/16/13,1460.756415
2/15/13,1459.612831
2/14/13,1440.786377
2/13/13,1435.173774
2/12/13,1344.331426
2/11/13,1252.858754
2/10/13,1262.576473
2/9/13,1035.252122
2/8/13,990.9865329
2/7/13,1136.767054
2/6/13,1005.078582
2/5/13,714.251346
2/4/13,951.4766433
2/3/13,996.9146732
2/2/13,1496.356152
2/1/13,1209.904179
1/31/13,1048.156739
1/30/13,906.7111901
1/29/13,1002.176642
1/28/13,1005.482369
1/27/13,787.1598466
1/26/13,918.5601385
1/25/13,847.3672513
1/24/13,755.9034486
1/23/13,840.3826862
1/22/13,803.1753922
1/21/13,525.4509693
1/20/13,575.9872909
1/19/13,535.6019124
1/18/13,998.4589823
1/17/13,584.978272
1/16/13,566.883272
1/15/13,588.0689575
1/14/13,522.2836361
1/13/13,507.3056464
1/12/13,513.3978159
1/11/13,654.7932667
1/10/13,631.1446369
1/9/13,2179.113434
1/8/13,511.0109166
1/7/13,412.1476275
1/6/13,471.0537611
1/5/13,434.2727439
1/4/13,407.3074465
1/3/13,578.6934839
1/2/13,447.2650629
1/1/13,391.0385473
12/31/12,316.9852486
12/30/12,501.0791109
12/29/12,476.1896186
12/28/12,418.0622535
12/27/12,586.9849288
12/26/12,477.2435626
12/25/12,391.3422037
12/24/12,406.3898359
12/23/12,413.7940885
12/22/12,436.944693
12/21/12,531.0090649
12/20/12,485.4760985
12/19/12,420.1453743
12/18/12,573.876944
12/17/12,496.9199274
12/16/12,435.3011699
12/15/12,353.7747457
12/14/12,363.9467464
12/13/12,457.167882
12/12/12,471.3703405
12/11/12,376.6553708
12/10/12,417.9676302
12/9/12,391.51351
12/8/12,330.6632283
12/7/12,339.5656344
12/6/12,526.5830296
12/5/12,425.1496038
12/4/12,360.0902453
12/3/12,301.2404371
12/2/12,239.0327878
12/1/12,190.55791
11/30/12,327.2529633
11/29/12,276.7826163
11/28/12,389.710169
11/27/12,1085.767042
11/26/12,1001.871575
11/25/12,345.0114449
11/24/12,312.9097525
11/23/12,282.1226036
11/22/12,298.2845924
11/21/12,433.9547916
11/20/12,387.4510596
11/19/12,333.3149207
11/18/12,439.6283927
11/17/12,301.0576226
11/16/12,329.5466557
11/15/12,396.6134374
11/14/12,328.5367614
11/13/12,251.0032041
11/12/12,213.0393577
11/11/12,203.5581961
11/10/12,196.0407943
11/9/12,278.1786896
11/8/12,227.6844369
11/7/12,305.3554799
11/6/12,480.046399
11/5/12,250.3012953
11/4/12,281.6119765
11/3/12,280.8960998
11/2/12,218.2076837
11/1/12,282.2910922
10/31/12,323.5277227
10/30/12,257.4866317
10/29/12,252.6028274
10/28/12,170.6380531
10/27/12,136.2571944
10/26/12,149.1762836
10/25/12,217.294682
10/24/12,213.9217987
10/23/12,262.4876308
10/22/12,323.136579
10/21/12,272.8351027
10/20/12,262.7721523
10/19/12,215.0374646
10/18/12,206.8653852
10/17/12,217.2140996
10/16/12,387.0482235
10/15/12,311.3164122
10/14/12,230.8560842
10/13/12,292.8383538
10/12/12,298.0448411
10/11/12,230.5862408
10/10/12,319.9999181
10/9/12,274.3528941
10/8/12,307.8790901
10/7/12,652.8125744
10/6/12,296.1073712
10/5/12,304.8988921
10/4/12,1741.417559
10/3/12,1689.549148
10/2/12,308.248599
10/1/12,254.8348911
9/30/12,187.8691696
9/29/12,154.3305263
9/28/12,848.0040378
9/27/12,721.5861252
9/26/12,221.2134093
9/25/12,232.2007842
9/24/12,210.1998334
9/23/12,336.0427609
9/22/12,270.7569303
9/21/12,195.4520273
9/20/12,370.7978173
9/19/12,347.6141609
9/18/12,283.4711174
9/17/12,239.8111619
9/16/12,274.8310917
9/15/12,172.3664
9/14/12,188.8931488
9/13/12,328.6989237
9/12/12,229.3469477
9/11/12,261.7907263
9/10/12,308.2018074
9/9/12,248.7796647
9/8/12,229.1918055
9/7/12,250.4768417
9/6/12,211.707591
9/5/12,317.9110103
9/4/12,375.082321
9/3/12,324.1492984
9/2/12,388.0154629
9/1/12,466.4914284
8/31/12,300.9160371
8/30/12,351.0209026
8/29/12,313.5933684
8/28/12,275.1719693
8/27/12,268.8763584
8/26/12,261.4158448
8/25/12,237.2912944
8/24/12,224.6912544
8/23/12,255.3338319
8/22/12,220.7248071
8/21/12,252.0270278
8/20/12,356.2971238
8/19/12,294.1663077
8/18/12,227.4609121
8/17/12,472.2965388
8/16/12,471.0846021
8/15/12,452.6551255
8/14/12,265.3285044
8/13/12,267.2012297
8/12/12,297.339232
8/11/12,260.6633557
8/10/12,201.4759517
8/9/12,531.9301732
8/8/12,610.0866071
8/7/12,581.8085283
8/6/12,231.0399899
8/5/12,299.9988491
8/4/12,274.4089656
8/3/12,273.8419162
8/2/12,211.3812947
8/1/12,194.6884635
7/31/12,192.8437777
7/30/12,225.8460562
7/29/12,197.5906919
7/28/12,157.7422174
7/27/12,194.3394334
7/26/12,135.8217297
7/25/12,166.3113641
7/24/12,155.6240458
7/23/12,157.2920295
7/22/12,213.0898382
7/21/12,202.9919809
7/20/12,280.4259514
7/19/12,278.3792741
7/18/12,263.6842126
7/17/12,237.3693397
7/16/12,192.2509954
7/15/12,180.3261876
7/14/12,128.7081934
7/13/12,126.0593558
7/12/12,126.6023417
7/11/12,117.8885285
7/10/12,129.0817613
7/9/12,119.0709928
7/8/12,109.7472439
7/7/12,85.14678687
7/6/12,116.0856411
7/5/12,83.62687425
7/4/12,90.62654014
7/3/12,109.5101718
7/2/12,119.7907055
7/1/12,89.77723148
6/30/12,93.17765174
6/29/12,94.83473336
6/28/12,77.21256501
6/27/12,119.1823197
6/26/12,114.2373834
6/25/12,126.8029682
6/24/12,99.51577977
6/23/12,105.8861431
6/22/12,101.0796874
6/21/12,216.5651981
6/20/12,178.6960994
6/19/12,143.5068858
6/18/12,206.5184164
6/17/12,169.1804182
6/16/12,159.3330372
6/15/12,253.5226571
6/14/12,219.5546965
6/13/12,213.5791301
6/12/12,71.53383192
6/11/12,71.8018956
6/10/12,114.6501452
6/9/12,134.8789519
6/8/12,128.4200507
6/7/12,95.19004572
6/6/12,65.85287869
6/5/12,72.68287339
6/4/12,164.9110352
6/3/12,107.8734839
6/2/12,79.09379382
6/1/12,52.59281811
5/31/12,74.54644335
5/30/12,70.59845078
5/29/12,87.2379651
5/28/12,106.9286928
5/27/12,104.3338932
5/26/12,78.73162891
5/25/12,100.4357162
5/24/12,98.39250538
5/23/12,107.7458087
5/22/12,66.05517237
5/21/12,74.14751974
5/20/12,92.69054802
5/19/12,175.879409
5/18/12,171.2709165
5/17/12,80.83153606
5/16/12,68.26928372
5/15/12,71.17897195
5/14/12,99.75630631
5/13/12,63.4083685
5/12/12,50.81387364
5/11/12,64.47861265
5/10/12,46.34750435
5/9/12,50.76915236
5/8/12,76.2440853
5/7/12,73.4034994
5/6/12,53.89012015
5/5/12,43.23433472
5/4/12,61.48736478
5/3/12,54.22771058
5/2/12,44.04728388
5/1/12,36.71701085
4/30/12,32.45688185
4/29/12,24.81858355
4/28/12,38.00940187
4/27/12,27.28802731
4/26/12,35.77384823
4/25/12,32.08341344
4/24/12,27.23565792
4/23/12,28.28665616
4/22/12,27.54044097
4/21/12,27.47290017
4/20/12,34.32557468
4/19/12,32.24105048
4/18/12,30.86845619
4/17/12,30.41487115
4/16/12,30.61359792
4/15/12,23.26281668
4/14/12,20.08913548
4/13/12,22.66699713
4/12/12,21.86722434
4/11/12,34.6623201
4/10/12,40.85648529
4/9/12,22.98662035
4/8/12,18.39920467
4/7/12,18.86048382
4/6/12,19.4011702
4/5/12,24.52293832
4/4/12,25.797735
4/3/12,19.64498664
4/2/12,23.17967777
4/1/12,20.67292835
3/31/12,21.40231919
3/30/12,23.06824621
3/29/12,23.51126633
3/28/12,22.80935335
3/27/12,22.67294904
3/26/12,19.03889381
3/25/12,34.42397836
3/24/12,64.97358342
3/23/12,23.45892256
3/22/12,18.62401637
3/21/12,16.17354459
3/20/12,38.13166243
3/19/12,21.34363424
3/18/12,22.50634636
3/17/12,20.62476292
3/16/12,22.85572795
3/15/12,43.01295577
3/14/12,29.19742287
3/13/12,32.59899969
3/12/12,54.4417372
3/11/12,15.37156724
3/10/12,15.36108332
3/9/12,24.96185028
3/8/12,21.87544754
3/7/12,21.4291598
3/6/12,25.22083714
3/5/12,26.19063304
3/4/12,23.07204638
3/3/12,19.3865412
3/2/12,24.8110274
3/1/12,22.20628504
2/29/12,33.07774136
2/28/12,19.76534386
2/27/12,27.3763608
2/26/12,24.3969923
2/25/12,17.59571775
2/24/12,21.6273093
2/23/12,22.53124022
2/22/12,15.82601841
2/21/12,15.11876932
2/20/12,16.34442137
2/19/12,11.91550784
2/18/12,10.61007526
2/17/12,17.04647578
2/16/12,50.03803639
2/15/12,46.05909021
2/14/12,74.50310991
2/13/12,31.24768977
2/12/12,27.53303536
2/11/12,20.34804751
2/10/12,26.02322951
2/9/12,43.05006066
2/8/12,34.54997836
2/7/12,38.9464914
2/6/12,31.40938309
2/5/12,25.95026909
2/4/12,54.58740489
2/3/12,53.14758762
2/2/12,43.92254996
2/1/12,28.94246417
1/31/12,43.24478685
1/30/12,156.8673728
1/29/12,1270.091933
1/28/12,1274.593256
1/27/12,35.74893788
1/26/12,62.01845012
1/25/12,44.35012055
1/24/12,48.49123526
1/23/12,39.13424963
1/22/12,27.9426581
1/21/12,20.56600841
1/20/12,158.0544083
1/19/12,287.8421601
1/18/12,45.70666223
1/17/12,64.59325879
1/16/12,161.6775419
1/15/12,220.5331575
1/14/12,92.00751608
1/13/12,79.23295132
1/12/12,68.21628045
1/11/12,47.46534095
1/10/12,36.96564097
1/9/12,31.9742586
1/8/12,28.2705345
1/7/12,24.79550018
1/6/12,33.94529443
1/5/12,44.69720311
1/4/12,35.51596644
1/3/12,79.71987838
1/2/12,35.98932464
1/1/12,28.63750576
12/31/11,16.75756893
12/30/11,17.40636739
12/29/11,15.13947814
12/28/11,17.47348768
12/27/11,14.45378178
12/26/11,11.23594164
12/25/11,14.68664962
12/24/11,9.420277738
12/23/11,8.843650132
12/22/11,12.24815767
12/21/11,26.44940793
12/20/11,16.40926895
12/19/11,26.26652075
12/18/11,10.54451882
12/17/11,12.65601272
12/16/11,8.816937589
12/15/11,25.61713474
12/14/11,26.81118764
12/13/11,11.94856889
12/12/11,597.5792687
12/11/11,1020.098459
12/10/11,307.5736177
12/9/11,9.452449637
12/8/11,8.999883231
12/7/11,10.18757548
12/6/11,14.82119982
12/5/11,10.67308112
12/4/11,10.59439051
12/3/11,17.80137479
12/2/11,12.81247165
12/1/11,13.50893398
11/30/11,12.73896873
11/29/11,9.761683655
11/28/11,13.23985832
11/27/11,6.480311972
11/26/11,6.823751255
11/25/11,9.121008746
11/24/11,9.858899616
11/23/11,8.590794436
11/22/11,8.131676004
11/21/11,8.130314686
11/20/11,5.726288377
11/19/11,10.07329457
11/18/11,8.560163289
11/17/11,7.993399889
11/16/11,7.694772058
11/15/11,8.590666208
11/14/11,8.617049241
11/13/11,8.38199805
11/12/11,11.1123628
11/11/11,8.047739629
11/10/11,6.12639729
11/9/11,15.31447254
11/8/11,11.80005745
11/7/11,11.97162326
11/6/11,7.646497399
11/5/11,8.193877826
11/4/11,11.00707498
11/3/11,9.91978473
11/2/11,9.502386321
11/1/11,11.12879949
10/31/11,11.29540799
10/30/11,8.691175518
10/29/11,12.44712615
10/28/11,9.435679467
10/27/11,10.25565997
10/26/11,7.684961217
10/25/11,9.212510961
10/24/11,9.169776838
10/23/11,10.3808801
10/22/11,8.048009884
10/21/11,8.791755324
10/20/11,7.599051849
10/19/11,9.367257086
10/18/11,9.08342791
10/17/11,9.15568483
10/16/11,13.48536831
10/15/11,10.96133591
10/14/11,14.09007988
10/13/11,19.34875995
10/12/11,20.84631972
10/11/11,19.04167298
10/10/11,14.67586604
10/9/11,13.54456468
10/8/11,13.51412364
10/7/11,24.88164448
10/6/11,27.55617909
10/5/11,32.84682072
10/4/11,19.03881293
10/3/11,17.10954525
10/2/11,47.43860191
10/1/11,20.6028924
9/30/11,18.90661739
9/29/11,18.10918087
9/28/11,22.3330326
9/27/11,22.83017168
9/26/11,21.41728118
9/25/11,20.1046259
9/24/11,17.79429443
9/23/11,40.5900434
9/22/11,23.94957636
9/21/11,26.10057267
9/20/11,33.58828955
9/19/11,30.59673608
9/18/11,33.65114094
9/17/11,24.80234745
9/16/11,28.02191268
9/15/11,41.75237114
9/14/11,22.11668866
9/13/11,30.01150325
9/12/11,29.667854
9/11/11,38.15070413
9/10/11,40.11139504
9/9/11,36.59395127
9/8/11,51.34981466
9/7/11,71.12464372
9/6/11,61.58511316
9/5/11,49.064034
9/4/11,86.41877674
9/3/11,78.21983593
9/2/11,52.93537343
9/1/11,50.26787471
8/31/11,48.12118635
8/30/11,90.90193293
8/29/11,50.75868475
8/28/11,50.7525384
8/27/11,40.28040804
8/26/11,50.90348455
8/25/11,52.38289633
8/24/11,75.1268777
8/23/11,94.99453169
8/22/11,62.69763708
8/21/11,83.15844112
8/20/11,82.54679466
8/19/11,72.01472607
8/18/11,87.54981748
8/17/11,78.29912251
8/16/11,90.38717247
8/15/11,108.9966306
8/14/11,109.5817314
8/13/11,109.9070481
8/12/11,68.31961458
8/11/11,80.43735067
8/10/11,94.14537158
8/9/11,100.9117183
8/8/11,76.71710415
8/7/11,71.27716995
8/6/11,224.6666463
8/5/11,73.34066937
8/4/11,73.80849769
8/3/11,99.3810174
8/2/11,101.1194156
8/1/11,106.0583059
7/31/11,100.9987025
7/30/11,79.38036759
7/29/11,91.16017759
7/28/11,91.85900034
7/27/11,127.4809708
7/26/11,129.6940046
7/25/11,124.0464884
7/24/11,142.1395496
7/23/11,110.5017133
7/22/11,136.6085395
7/21/11,126.2044614
7/20/11,130.4763544
7/19/11,161.5297582
7/18/11,193.4098978
7/17/11,143.1081394
7/16/11,173.8636993
7/15/11,238.501299
7/14/11,199.2411503
7/13/11,201.9817129
7/12/11,192.6997289
7/11/11,178.281072
7/10/11,209.3189726
7/9/11,200.9178427
7/8/11,202.5922641
7/7/11,203.4942742
7/6/11,261.2290021
7/5/11,309.0885876
7/4/11,256.575669
7/3/11,217.5702464
7/2/11,203.402983
7/1/11,290.8684584
6/30/11,307.0952429
6/29/11,320.5489873
6/28/11,350.7839792
6/27/11,467.6701534
6/26/11,513.0163764
6/25/11,395.4798913
6/24/11,265.367572
6/23/11,253.0559878
6/22/11,256.7558778
6/21/11,305.2991483
6/20/11,282.8323434
6/19/11,365.4181139
6/18/11,534.6146466
6/17/11,520.745292
6/16/11,596.5655729
6/15/11,831.5999055
6/14/11,848.783773
6/13/11,702.535958
6/12/11,1284.628367
6/11/11,1028.376734
6/10/11,1101.625123
6/9/11,1378.682453
6/8/11,1524.603871
6/7/11,1251.423492
6/6/11,558.2212398
6/5/11,508.8048201
6/4/11,446.8449641
6/3/11,300.9835625
6/2/11,380.920234
6/1/11,265.1180876
5/31/11,188.3175006
5/30/11,199.0938136
5/29/11,143.6215471
5/28/11,127.8869035
5/27/11,115.1444276
5/26/11,146.5809909
5/25/11,151.5358166
5/24/11,160.7138458
5/23/11,137.4896984
5/22/11,124.5371739
5/21/11,139.9245553
5/20/11,125.515969
5/19/11,126.0755188
5/18/11,136.6077258
5/17/11,131.4749704
5/16/11,125.069335
5/15/11,132.7090367
5/14/11,123.5258713
5/13/11,76.37773355
5/12/11,95.67741749
5/11/11,33.37656073
5/10/11,35.07234296
5/9/11,38.58047476
5/8/11,46.0563171
5/7/11,24.09118312
5/6/11,25.1779561
5/5/11,34.14852474
5/4/11,22.33689325
5/3/11,20.54890032
5/2/11,16.48981808
5/1/11,47.7418479
4/30/11,47.08345554
4/29/11,39.69940869
4/28/11,14.05666
4/27/11,16.94166682
4/26/11,17.44995936
4/25/11,16.46807259
4/24/11,13.39242533
4/23/11,14.35789341
4/22/11,6.5067
4/21/11,5.852453422
4/20/11,4.360355173
4/19/11,6.781538556
4/18/11,6.998725735
4/17/11,2.682021268
4/16/11,4.012165478
4/15/11,4.171824907
4/14/11,2.344615883
4/13/11,3.735751991
4/12/11,3.67138575
4/11/11,4.004874632
4/10/11,4.053040692
4/9/11,3.90074086
4/8/11,3.208568
4/7/11,2.28015
4/6/11,2.43376254
4/5/11,4.188225545
4/4/11,7.774283776
4/3/11,4.65852572
4/2/11,2.519449996
4/1/11,3.6
3/31/11,2.479907
3/30/11,3.3320768
3/29/11,2.872884008
3/28/11,3.03208
3/27/11,4.1700225
3/26/11,4.102989
3/25/11,4.3259905
3/24/11,5.641030209
3/23/11,15.62778579
3/22/11,14.0986662
3/21/11,9.012250314
3/20/11,2.875804534
3/19/11,1.056292173
3/18/11,1.118821391
3/17/11,1.236559717
3/16/11,1.318233796
3/15/11,1.6109
3/14/11,1.662045158
3/13/11,1.96345458
3/12/11,1.39368708
3/11/11,5.858183943
3/10/11,6.191557442
3/9/11,2.157284573
3/8/11,3.603600018
3/7/11,4.180683726
3/6/11,5.180515933
3/5/11,2.234976019
3/4/11,1.115821493
3/3/11,1.31356512
3/2/11,0.448819
3/1/11,0.2341257
2/28/11,0.712517157
2/27/11,1.0584
2/26/11,0.7104
2/25/11,0.702372652
2/24/11,0.159309984
2/23/11,0.149794215
2/22/11,0.383155891
2/21/11,0.3854
2/20/11,0.4398
2/19/11,0.17188128
2/18/11,0.5565
2/17/11,0.4830874
2/16/11,0.654753484
2/15/11,0.262938884
2/14/11,0.9114
2/13/11,2.3004
2/12/11,0.76412542
2/11/11,0.688674394
2/10/11,0.512416065
2/9/11,0.059620725
2/8/11,0.042465157
2/7/11,0.288441675
2/6/11,0.11143581
2/5/11,0.1196
2/4/11,0.19800335
2/3/11,0.285515587
2/2/11,0.088642305
2/1/11,0.23522772
1/31/11,0.3648
1/30/11,1.695
1/29/11,0.106122182
1/28/11,0.0258
1/27/11,0.0585
1/26/11,0.204526
1/25/11,0.056786044
1/24/11,0.0595
1/23/11,0.136913221
1/22/11,0.206463026
1/21/11,0.197215933
1/20/11,0.009013734
1/19/11,0.019
1/18/11,0.021507598
1/17/11,0.014575605
1/16/11,0.03451144
1/15/11,0.031340032
1/14/11,0.043951096
1/13/11,0.008977993
1/12/11,0.0324
1/11/11,0.084745175
1/10/11,0.025230301
1/9/11,0.025939903
1/8/11,0.044462073
1/7/11,0.016057536
1/6/11,0.023675089
1/5/11,0.026185161
1/4/11,0.009387273
1/3/11,0.023855445
1/2/11,0.20891453
1/1/11,0.026745774
12/31/10,0.020745636
12/30/10,0.00700516
12/29/10,0.039366244
12/28/10,0.036877473
12/27/10,0.025357749
12/26/10,0.026411298
12/25/10,0.01889993
12/24/10,0.01185763
12/23/10,0.0156
12/22/10,0.015
12/21/10,0.047373949
12/20/10,0.017418224
12/19/10,0.021679254
12/18/10,0.028033989
12/17/10,0.058608235
12/16/10,0.013724577
12/15/10,0.025754536
12/14/10,0.01125238
12/13/10,0.007810503
12/12/10,0.077597284
12/11/10,0.024622076
12/10/10,0.017573915
12/9/10,0.012240222
12/8/10,0.0092
12/7/10,0.019816
12/6/10,0.00726508
12/5/10,0.0075
12/4/10,0.004913208
12/3/10,0.002589
12/2/10,0.0138
12/1/10,0.0175
11/30/10,0.0045
11/29/10,0.0084
11/28/10,0.00837
11/27/10,0.0028461
11/26/10,0.1036
11/25/10,0.10693
11/24/10,0
11/23/10,0.1372
11/22/10,0.155466
11/21/10,0.1692
11/20/10,0.2828
11/19/10,0.21097
11/18/10,0
11/17/10,0
11/16/10,0
11/15/10,0.135696
11/14/10,0
11/13/10,0
11/12/10,0
11/11/10,0
11/10/10,0
11/9/10,0
11/8/10,0.3901
11/7/10,0.3071
11/6/10,0
11/5/10,0
11/4/10,0
11/3/10,0
11/2/10,0
11/1/10,0
10/31/10,0
10/30/10,0
10/29/10,0
10/28/10,0
10/27/10,0
10/26/10,0
10/25/10,0
10/24/10,0
10/23/10,0
10/22/10,0.0054505
10/21/10,0.000776615
10/20/10,0.00084651
10/19/10,0
10/18/10,0.002
10/17/10,0.00206
10/16/10,0
10/15/10,0
10/14/10,0
10/13/10,0.03675
10/12/10,0
10/11/10,0
10/10/10,1.42E-07
10/9/10,0
10/8/10,0
10/7/10,0
10/6/10,6.54E-08
10/5/10,6.90E-08
10/4/10,0
10/3/10,0.000465975
10/2/10,0.000476963
10/1/10,0.000481494
9/30/10,0
9/29/10,0
9/28/10,0.0640557
9/27/10,0.0012
9/26/10,0.00124412
9/25/10,0
9/24/10,0
9/23/10,0
9/22/10,0
9/21/10,6.00E-09
9/20/10,6.33E-09
9/19/10,0
9/18/10,0.0108
9/17/10,0.010962
9/16/10,0
9/15/10,0
9/14/10,0
9/13/10,0.000615592
9/12/10,0.009
9/11/10,0.00974985
9/10/10,0
9/9/10,0.006600006
9/8/10,0.006864
9/7/10,1.24E-08
9/6/10,6.00E-09
9/5/10,6.40E-09
9/4/10,0.000629
9/3/10,0
9/2/10,0
9/1/10,6.29E-09
8/31/10,0.014000021
8/30/10,0.012994019
8/29/10,0.0276
8/28/10,7.70E-08
8/27/10,3.25E-08
8/26/10,0
8/25/10,0
8/24/10,0.0532
8/23/10,0
8/22/10,0
8/21/10,0
8/20/10,0
8/19/10,0
8/18/10,0
8/17/10,0.11544
8/16/10,0
8/15/10,0
8/14/10,0
8/13/10,0
8/12/10,0
8/11/10,0
8/10/10,0
8/9/10,0
8/8/10,0
8/7/10,0
8/6/10,0
8/5/10,0
8/4/10,0
8/3/10,0
8/2/10,0
8/1/10,0
7/31/10,0
7/30/10,0
7/29/10,0
7/28/10,0
7/27/10,0
7/26/10,0
7/25/10,0
7/24/10,0
7/23/10,0
7/22/10,0
7/21/10,0
7/20/10,0
7/19/10,0
7/18/10,0
7/17/10,0
7/16/10,0
7/15/10,0
7/14/10,0
7/13/10,0
7/12/10,0
7/11/10,0
7/10/10,0
7/9/10,0
7/8/10,0
7/7/10,0
7/6/10,0
7/5/10,0
7/4/10,0
7/3/10,0
7/2/10,0
7/1/10,0
6/30/10,0
6/29/10,0
6/28/10,0
6/27/10,0
6/26/10,0
6/25/10,0
6/24/10,0
6/23/10,0
6/22/10,0
6/21/10,0
6/20/10,0
6/19/10,0
6/18/10,0
6/17/10,0
6/16/10,0
6/15/10,0
6/14/10,0
6/13/10,0
6/12/10,0
6/11/10,0
6/10/10,0
6/9/10,0
6/8/10,0
6/7/10,0
6/6/10,0
6/5/10,0
6/4/10,0
6/3/10,0
6/2/10,0
6/1/10,0
5/31/10,0
5/30/10,0
5/29/10,0
5/28/10,0
5/27/10,0
5/26/10,0
5/25/10,0
5/24/10,0
5/23/10,0
5/22/10,0
5/21/10,0
5/20/10,0
5/19/10,0
5/18/10,0
5/17/10,0
5/16/10,0
5/15/10,0
5/14/10,0
5/13/10,0
5/12/10,0
5/11/10,0
5/10/10,0
5/9/10,0
5/8/10,0
5/7/10,0
5/6/10,0
5/5/10,0
5/4/10,0
5/3/10,0
5/2/10,0
5/1/10,0
4/30/10,0
4/29/10,0
4/28/10,0
4/27/10,0
4/26/10,0
4/25/10,0
4/24/10,0
4/23/10,0
4/22/10,0
4/21/10,0
4/20/10,0
4/19/10,0
4/18/10,0
4/17/10,0
4/16/10,0
4/15/10,0
4/14/10,0
4/13/10,0
4/12/10,0
4/11/10,0
4/10/10,0
4/9/10,0
4/8/10,0
4/7/10,0
4/6/10,0
4/5/10,0
4/4/10,0
4/3/10,0
4/2/10,0
4/1/10,0
3/31/10,0
3/30/10,0
3/29/10,0
3/28/10,0
3/27/10,0
3/26/10,0
3/25/10,0
3/24/10,0
3/23/10,0
3/22/10,0
3/21/10,0
3/20/10,0
3/19/10,0
3/18/10,0
3/17/10,0
3/16/10,0
3/15/10,0
3/14/10,0
3/13/10,0
3/12/10,0
3/11/10,0
3/10/10,0
3/9/10,0
3/8/10,0
3/7/10,0
3/6/10,0
3/5/10,0
3/4/10,0
3/3/10,0
3/2/10,0
3/1/10,0
2/28/10,0
2/27/10,0
2/26/10,0
2/25/10,0
2/24/10,0
2/23/10,0
2/22/10,0
2/21/10,0
2/20/10,0
2/19/10,0
2/18/10,0
2/17/10,0
2/16/10,0
2/15/10,0
2/14/10,0
2/13/10,0
2/12/10,0
2/11/10,0
2/10/10,0
2/9/10,0
2/8/10,0
2/7/10,0
2/6/10,0
2/5/10,0
2/4/10,0
2/3/10,0
2/2/10,0
2/1/10,0
1/31/10,0
1/30/10,0
1/29/10,0
1/28/10,0
1/27/10,0
1/26/10,0
1/25/10,0
1/24/10,0
1/23/10,0
1/22/10,0
1/21/10,0
1/20/10,0
1/19/10,0
1/18/10,0
1/17/10,0
1/16/10,0
1/15/10,0
1/14/10,0
1/13/10,0
1/12/10,0
1/11/10,0
1/10/10,0
1/9/10,0
1/8/10,0
1/7/10,0
1/6/10,0
1/5/10,0
1/4/10,0
1/3/10,0
1/2/10,0
1/1/10,0
12/31/09,0
12/30/09,0
12/29/09,0
12/28/09,0
12/27/09,0
12/26/09,0
12/25/09,0
12/24/09,0
12/23/09,0
12/22/09,0
12/21/09,0
12/20/09,0
12/19/09,0
12/18/09,0
12/17/09,0
12/16/09,0
12/15/09,0
12/14/09,0
12/13/09,0
12/12/09,0
12/11/09,0
12/10/09,0
12/9/09,0
12/8/09,0
12/7/09,0
12/6/09,0
12/5/09,0
12/4/09,0
12/3/09,0
12/2/09,0
12/1/09,0
11/30/09,0
11/29/09,0
11/28/09,0
11/27/09,0
11/26/09,0
11/25/09,0
11/24/09,0
11/23/09,0
11/22/09,0
11/21/09,0
11/20/09,0
11/19/09,0
11/18/09,0
11/17/09,0
11/16/09,0
11/15/09,0
11/14/09,0
11/13/09,0
11/12/09,0
11/11/09,0
11/10/09,0
11/9/09,0
11/8/09,0
11/7/09,0
11/6/09,0
11/5/09,0
11/4/09,0
11/3/09,0
11/2/09,0
11/1/09,0
10/31/09,0
10/30/09,0
10/29/09,0
10/28/09,0
10/27/09,0
10/26/09,0
10/25/09,0
10/24/09,0
10/23/09,0
10/22/09,0
10/21/09,0
10/20/09,0
10/19/09,0
10/18/09,0
10/17/09,0
10/16/09,0
10/15/09,0
10/14/09,0
10/13/09,0
10/12/09,0
10/11/09,0
10/10/09,0
10/9/09,0
10/8/09,0
10/7/09,0
10/6/09,0
10/5/09,0
10/4/09,0
10/3/09,0
10/2/09,0
10/1/09,0
9/30/09,0
9/29/09,0
9/28/09,0
9/27/09,0
9/26/09,0
9/25/09,0
9/24/09,0
9/23/09,0
9/22/09,0
9/21/09,0
9/20/09,0
9/19/09,0
9/18/09,0
9/17/09,0
9/16/09,0
9/15/09,0
9/14/09,0
9/13/09,0
9/12/09,0
9/11/09,0
9/10/09,0
9/9/09,0
9/8/09,0
9/7/09,0
9/6/09,0
9/5/09,0
9/4/09,0
9/3/09,0
9/2/09,0
9/1/09,0
8/31/09,0
8/30/09,0
8/29/09,0
8/28/09,0
8/27/09,0
8/26/09,0
8/25/09,0
8/24/09,0
8/23/09,0
8/22/09,0
8/21/09,0
8/20/09,0
8/19/09,0
8/18/09,0
8/17/09,0
8/16/09,0
8/15/09,0
8/14/09,0
8/13/09,0
8/12/09,0
8/11/09,0
8/10/09,0
8/9/09,0
8/8/09,0
8/7/09,0
8/6/09,0
8/5/09,0
8/4/09,0
8/3/09,0
8/2/09,0
8/1/09,0
7/31/09,0
7/30/09,0
7/29/09,0
7/28/09,0
7/27/09,0
7/26/09,0
7/25/09,0
7/24/09,0
7/23/09,0
7/22/09,0
7/21/09,0
7/20/09,0
7/19/09,0
7/18/09,0
7/17/09,0
7/16/09,0
7/15/09,0
7/14/09,0
7/13/09,0
7/12/09,0
7/11/09,0
7/10/09,0
7/9/09,0
7/8/09,0
7/7/09,0
7/6/09,0
7/5/09,0
7/4/09,0
7/3/09,0
7/2/09,0
7/1/09,0
6/30/09,0
6/29/09,0
6/28/09,0
6/27/09,0
6/26/09,0
6/25/09,0
6/24/09,0
6/23/09,0
6/22/09,0
6/21/09,0
6/20/09,0
6/19/09,0
6/18/09,0
6/17/09,0
6/16/09,0
6/15/09,0
6/14/09,0
6/13/09,0
6/12/09,0
6/11/09,0
6/10/09,0
6/9/09,0
6/8/09,0
6/7/09,0
6/6/09,0
6/5/09,0
6/4/09,0
6/3/09,0
6/2/09,0
6/1/09,0
5/31/09,0
5/30/09,0
5/29/09,0
5/28/09,0
5/27/09,0
5/26/09,0
5/25/09,0
5/24/09,0
5/23/09,0
5/22/09,0
5/21/09,0
5/20/09,0
5/19/09,0
5/18/09,0
5/17/09,0
5/16/09,0
5/15/09,0
5/14/09,0
5/13/09,0
5/12/09,0
5/11/09,0
5/10/09,0
5/9/09,0
5/8/09,0
5/7/09,0
5/6/09,0
5/5/09,0
5/4/09,0
5/3/09,0
5/2/09,0
5/1/09,0
4/30/09,0
4/29/09,0
4/28/09,0
4/27/09,0
4/26/09,0
4/25/09,0
4/24/09,0
4/23/09,0
4/22/09,0
4/21/09,0
4/20/09,0
4/19/09,0
4/18/09,0
4/17/09,0
4/16/09,0
4/15/09,0
4/14/09,0
4/13/09,0
4/12/09,0
4/11/09,0
4/10/09,0
4/9/09,0
4/8/09,0
4/7/09,0
4/6/09,0
4/5/09,0
4/4/09,0
4/3/09,0
4/2/09,0
4/1/09,0
3/31/09,0
3/30/09,0
3/29/09,0
3/28/09,0
3/27/09,0
3/26/09,0
3/25/09,0
3/24/09,0
3/23/09,0
3/22/09,0
3/21/09,0
3/20/09,0
3/19/09,0
3/18/09,0
3/17/09,0
3/16/09,0
3/15/09,0
3/14/09,0
3/13/09,0
3/12/09,0
3/11/09,0
3/10/09,0
3/9/09,0
3/8/09,0
3/7/09,0
3/6/09,0
3/5/09,0
3/4/09,0
3/3/09,0
3/2/09,0
3/1/09,0
2/28/09,0
2/27/09,0
2/26/09,0
2/25/09,0
2/24/09,0
2/23/09,0
2/22/09,0
2/21/09,0
2/20/09,0
2/19/09,0
2/18/09,0
2/17/09,0
2/16/09,0
2/15/09,0
2/14/09,0
2/13/09,0
2/12/09,0
2/11/09,0
2/10/09,0
2/9/09,0
2/8/09,0
2/7/09,0
2/6/09,0
2/5/09,0
2/4/09,0
2/3/09,0
2/2/09,0
2/1/09,0
1/31/09,0
1/30/09,0
1/29/09,0
1/28/09,0
1/27/09,0
1/26/09,0
1/25/09,0
1/24/09,0
1/23/09,0
1/22/09,0
1/21/09,0
1/20/09,0
1/19/09,0
1/18/09,0
1/17/09,0
1/16/09,0
1/15/09,0
1/14/09,0
1/13/09,0
1/12/09,0
1/11/09,0
1/10/09,0
1/9/09,0
1/8/09,0
1/7/09,0
1/6/09,0
1/5/09,0
1/4/09,0
1/3/09,0
1/2/09,0