Date,Time
11/27/22,6.816666667
11/26/22,13.73333333
11/25/22,9.3
11/24/22,9.233333333
11/23/22,7.783333333
11/22/22,8.458333333
11/21/22,10.13333333
11/20/22,7.233333333
11/19/22,7.65
11/18/22,9.1
11/17/22,7.541666667
11/16/22,7.454166667
11/15/22,7.6
11/14/22,9.1
11/13/22,8.05
11/12/22,4.883333333
11/11/22,8.266666667
11/10/22,7.516666667
11/9/22,7.033333333
11/8/22,6.75
11/7/22,6.808333333
11/6/22,7.1
11/5/22,6
11/4/22,9.7
11/3/22,6.841666667
11/2/22,8.925
11/1/22,6.775
10/31/22,5.566666667
10/30/22,6.533333333
10/29/22,6.8
10/28/22,6.066666667
10/27/22,8.133333333
10/26/22,8.35
10/25/22,8
10/24/22,8.35
10/23/22,5.333333333
10/22/22,6.779166667
10/21/22,5.616666667
10/20/22,6.683333333
10/19/22,7.316666667
10/18/22,7.833333333
10/17/22,6.475
10/16/22,6.270833333
10/15/22,5.5875
10/14/22,7.533333333
10/13/22,9.316666667
10/12/22,8.116666667
10/11/22,6.433333333
10/10/22,4.75
10/9/22,5.195833333
10/8/22,4.083333333
10/7/22,5.816666667
10/6/22,6.35
10/5/22,5.033333333
10/4/22,5.658333333
10/3/22,6.9625
10/2/22,5.35
10/1/22,3.833333333
9/30/22,5.675
9/29/22,7.016666667
9/28/22,6.025
9/27/22,9.833333333
9/26/22,6.683333333
9/25/22,6.191666667
9/24/22,6.425
9/23/22,10.53333333
9/22/22,7.491666667
9/21/22,6.966666667
9/20/22,7.025
9/19/22,10.05
9/18/22,4.525
9/17/22,5.1125
9/16/22,10.3
9/15/22,6.833333333
9/14/22,10.41666667
9/13/22,8.016666667
9/12/22,7.533333333
9/11/22,3.583333333
9/10/22,6.116666667
9/9/22,8.483333333
9/8/22,8.8
9/7/22,7.804166667
9/6/22,7.5375
9/5/22,6.066666667
9/4/22,4.129166667
9/3/22,7.366666667
9/2/22,10.68333333
9/1/22,8.241666667
8/31/22,7.933333333
8/30/22,5.695833333
8/29/22,6.1
8/28/22,4.75
8/27/22,5.916666667
8/26/22,5.466666667
8/25/22,5.7
8/24/22,6.75
8/23/22,4.691666667
8/22/22,7.358333333
8/21/22,5.458333333
8/20/22,4.9
8/19/22,5.1
8/18/22,7.666666667
8/17/22,9.633333333
8/16/22,7.395833333
8/15/22,6.983333333
8/14/22,7.766666667
8/13/22,7.066666667
8/12/22,7.883333333
8/11/22,8.991666667
8/10/22,7.108333333
8/9/22,8.433333333
8/8/22,6.783333333
8/7/22,4.383333333
8/6/22,5.55
8/5/22,7.725
8/4/22,10.275
8/3/22,7.95
8/2/22,6.616666667
8/1/22,8.475
7/31/22,4.904166667
7/30/22,8.383333333
7/29/22,7.458333333
7/28/22,9.566666667
7/27/22,5.05
7/26/22,6.4
7/25/22,7.733333333
7/24/22,4.333333333
7/23/22,5.15
7/22/22,8.779166667
7/21/22,9.1
7/20/22,9.266666667
7/19/22,8.6875
7/18/22,9.941666667
7/17/22,8.133333333
7/16/22,6.229166667
7/15/22,8.058333333
7/14/22,11.11666667
7/13/22,9.904166667
7/12/22,6.825
7/11/22,8.85
7/10/22,4.266666667
7/9/22,7.066666667
7/8/22,6.370833333
7/7/22,7.183333333
7/6/22,12.36666667
7/5/22,11.9
7/4/22,7.133333333
7/3/22,5.108333333
7/2/22,7.395833333
7/1/22,8.291666667
6/30/22,5.3
6/29/22,6.958333333
6/28/22,7.416666667
6/27/22,10.60833333
6/26/22,8.191666667
6/25/22,5.983333333
6/24/22,9.333333333
6/23/22,6.529166667
6/22/22,10.33333333
6/21/22,7.095833333
6/20/22,7.541666667
6/19/22,5.8
6/18/22,5.1
6/17/22,13.2
6/16/22,9.583333333
6/15/22,7.216666667
6/14/22,8.458333333
6/13/22,9.7
6/12/22,7.383333333
6/11/22,5.916666667
6/10/22,7.633333333
6/9/22,6.6
6/8/22,4.745833333
6/7/22,6.116666667
6/6/22,7.141666667
6/5/22,5.216666667
6/4/22,6.241666667
6/3/22,7.466666667
6/2/22,11.91666667
6/1/22,8.995833333
5/31/22,7.5625
5/30/22,7.283333333
5/29/22,4.866666667
5/28/22,5.55
5/27/22,8.333333333
5/26/22,8.708333333
5/25/22,8.716666667
5/24/22,9.025
5/23/22,5.925
5/22/22,6.995833333
5/21/22,7.116666667
5/20/22,8.441666667
5/19/22,9.608333333
5/18/22,7.608333333
5/17/22,6.616666667
5/16/22,6.433333333
5/15/22,10.2
5/14/22,10.2
5/13/22,7.166666667
5/12/22,8.975
5/11/22,6.866666667
5/10/22,7.208333333
5/9/22,7.783333333
5/8/22,5.758333333
5/7/22,5.95
5/6/22,10.66666667
5/5/22,9.033333333
5/4/22,6.4875
5/3/22,6.166666667
5/2/22,6.558333333
5/1/22,4.258333333
4/30/22,7.425
4/29/22,8.0375
4/28/22,8.695833333
4/27/22,5.358333333
4/26/22,7.541666667
4/25/22,6.625
4/24/22,4.116666667
4/23/22,4.85
4/22/22,8
4/21/22,5.566666667
4/20/22,5.35
4/19/22,9.391666667
4/18/22,10.05833333
4/17/22,4.116666667
4/16/22,6.225
4/15/22,5.183333333
4/14/22,8.625
4/13/22,8.1
4/12/22,6.691666667
4/11/22,8.6
4/10/22,5.375
4/9/22,5.583333333
4/8/22,9.0375
4/7/22,7.504166667
4/6/22,7.358333333
4/5/22,7.808333333
4/4/22,6.091666667
4/3/22,6.05
4/2/22,8.916666667
4/1/22,8.391666667
3/31/22,8.033333333
3/30/22,9.65
3/29/22,6.633333333
3/28/22,6.85
3/27/22,7.133333333
3/26/22,4.9
3/25/22,7.4
3/24/22,8.066666667
3/23/22,7.683333333
3/22/22,6.816666667
3/21/22,6.55
3/20/22,4.725
3/19/22,6.666666667
3/18/22,7.45
3/17/22,6.383333333
3/16/22,7.866666667
3/15/22,6.85
3/14/22,6.341666667
3/13/22,4.766666667
3/12/22,4.491666667
3/11/22,9.479166667
3/10/22,8.183333333
3/9/22,9.925
3/8/22,6.554166667
3/7/22,7.2375
3/6/22,7.183333333
3/5/22,10.31666667
3/4/22,8.583333333
3/3/22,7.016666667
3/2/22,11.225
3/1/22,7.091666667
2/28/22,5.941666667
2/27/22,7.225
2/26/22,7.566666667
2/25/22,8.954166667
2/24/22,8.5125
2/23/22,5.816666667
2/22/22,5.808333333
2/21/22,9.85
2/20/22,4.5
2/19/22,5.566666667
2/18/22,7.9
2/17/22,5.75
2/16/22,6.016666667
2/15/22,5.433333333
2/14/22,5.566666667
2/13/22,5.158333333
2/12/22,4.433333333
2/11/22,8.75
2/10/22,8.05
2/9/22,7.6625
2/8/22,7.6
2/7/22,8.2
2/6/22,5.775
2/5/22,11.65
2/4/22,7.616666667
2/3/22,5.983333333
2/2/22,7.55
2/1/22,7.454166667
1/31/22,7.683333333
1/30/22,5.504166667
1/29/22,6.05
1/28/22,7.429166667
1/27/22,9.566666667
1/26/22,7.633333333
1/25/22,6.566666667
1/24/22,6.958333333
1/23/22,5.183333333
1/22/22,8.1
1/21/22,10.59583333
1/20/22,6.333333333
1/19/22,4.566666667
1/18/22,7.116666667
1/17/22,5.641666667
1/16/22,3.741666667
1/15/22,4.275
1/14/22,5.166666667
1/13/22,4.4
1/12/22,6.841666667
1/11/22,6.55
1/10/22,7.420833333
1/9/22,6.016666667
1/8/22,5.7625
1/7/22,7.675
1/6/22,8.05
1/5/22,7.641666667
1/4/22,7.275
1/3/22,7.120833333
1/2/22,4.275
1/1/22,3.583333333
12/31/21,8.7
12/30/21,9
12/29/21,8.083333333
12/28/21,9.945833333
12/27/21,7.433333333
12/26/21,6.566666667
12/25/21,5.85
12/24/21,6.766666667
12/23/21,6.241666667
12/22/21,7.291666667
12/21/21,5.95
12/20/21,6.908333333
12/19/21,4.45
12/18/21,8.020833333
12/17/21,6.966666667
12/16/21,8.9
12/15/21,7.266666667
12/14/21,6
12/13/21,7.8
12/12/21,5.05
12/11/21,4.033333333
12/10/21,6.516666667
12/9/21,5.783333333
12/8/21,4.566666667
12/7/21,6.033333333
12/6/21,4.991666667
12/5/21,4.6875
12/4/21,6.716666667
12/3/21,4.725
12/2/21,9.216666667
12/1/21,9.533333333
11/30/21,8.008333333
11/29/21,6.916666667
11/28/21,4.85
11/27/21,4.983333333
11/26/21,8.566666667
11/25/21,9.083333333
11/24/21,7.333333333
11/23/21,9.133333333
11/22/21,7.35
11/21/21,7.525
11/20/21,6.758333333
11/19/21,8.933333333
11/18/21,6.925
11/17/21,7.566666667
11/16/21,7.408333333
11/15/21,7.3
11/14/21,4.516666667
11/13/21,5.2
11/12/21,7.983333333
11/11/21,6.516666667
11/10/21,6.9
11/9/21,10.225
11/8/21,9.25
11/7/21,5.358333333
11/6/21,5.7375
11/5/21,7.616666667
11/4/21,8.433333333
11/3/21,6.116666667
11/2/21,6.933333333
11/1/21,7.633333333
10/31/21,6.5
10/30/21,5.45
10/29/21,6.1
10/28/21,6.95
10/27/21,5.7
10/26/21,6.983333333
10/25/21,5.116666667
10/24/21,4.675
10/23/21,6.041666667
10/22/21,5.9125
10/21/21,9.925
10/20/21,7.141666667
10/19/21,8.05
10/18/21,7.45
10/17/21,4.658333333
10/16/21,9.5
10/15/21,8.2
10/14/21,8.25
10/13/21,6.266666667
10/12/21,8.304166667
10/11/21,8.304166667
10/10/21,4.566666667
10/9/21,7.75
10/8/21,11.24166667
10/7/21,11.71666667
10/6/21,9.633333333
10/5/21,6.658333333
10/4/21,5.995833333
10/3/21,5.958333333
10/2/21,4.466666667
10/1/21,8.6
9/30/21,6.5
9/29/21,7.470833333
9/28/21,5.841666667
9/27/21,5.916666667
9/26/21,5.9
9/25/21,5.129166667
9/24/21,6.666666667
9/23/21,6.675
9/22/21,9.283333333
9/21/21,10.01666667
9/20/21,6.775
9/19/21,4.370833333
9/18/21,6.425
9/17/21,7.066666667
9/16/21,10.1375
9/15/21,9.75
9/14/21,6.291666667
9/13/21,6.366666667
9/12/21,4.583333333
9/11/21,5.833333333
9/10/21,7.5125
9/9/21,8.6
9/8/21,7.670833333
9/7/21,7.85
9/6/21,4.658333333
9/5/21,4.908333333
9/4/21,4.916666667
9/3/21,8.033333333
9/2/21,8.708333333
9/1/21,11.60833333
8/31/21,7.675
8/30/21,7.466666667
8/29/21,4.008333333
8/28/21,6.116666667
8/27/21,5.766666667
8/26/21,6.329166667
8/25/21,5.491666667
8/24/21,7.733333333
8/23/21,4.133333333
8/22/21,4.291666667
8/21/21,5.516666667
8/20/21,5.866666667
8/19/21,6.2125
8/18/21,7.833333333
8/17/21,6.4
8/16/21,6.875
8/15/21,5.525
8/14/21,5.816666667
8/13/21,9.516666667
8/12/21,8.033333333
8/11/21,7.083333333
8/10/21,6.366666667
8/9/21,7.075
8/8/21,5.120833333
8/7/21,5.475
8/6/21,7.533333333
8/5/21,6.75
8/4/21,8.633333333
8/3/21,5.433333333
8/2/21,7.508333333
8/1/21,4.833333333
7/31/21,5.075
7/30/21,6.3
7/29/21,6.8375
7/28/21,6.166666667
7/27/21,6.166666667
7/26/21,7.35
7/25/21,4.591666667
7/24/21,5.183333333
7/23/21,7.35
7/22/21,6.741666667
7/21/21,6.775
7/20/21,9.258333333
7/19/21,5.775
7/18/21,5.05
7/17/21,5.733333333
7/16/21,6.166666667
7/15/21,9.558333333
7/14/21,5.358333333
7/13/21,9.291666667
7/12/21,9.5
7/11/21,6.6
7/10/21,5.283333333
7/9/21,8.333333333
7/8/21,8.266666667
7/7/21,10.18333333
7/6/21,7.779166667
7/5/21,9.025
7/4/21,12.475
7/3/21,14.00833333
7/2/21,15.75
7/1/21,20.3
6/30/21,15.1
6/29/21,19.65
6/28/21,26.05
6/27/21,17.83333333
6/26/21,16.85833333
6/25/21,12.44583333
6/24/21,16.7
6/23/21,15.85
6/22/21,15.35
6/21/21,13.7
6/20/21,11.53333333
6/19/21,13.125
6/18/21,10.39166667
6/17/21,9.65
6/16/21,14.05833333
6/15/21,10.21666667
6/14/21,9.275
6/13/21,8.145833333
6/12/21,10.43333333
6/11/21,12.63333333
6/10/21,11.4375
6/9/21,8.179166667
6/8/21,7.633333333
6/7/21,10.59166667
6/6/21,4.979166667
6/5/21,8.916666667
6/4/21,9.7
6/3/21,7.883333333
6/2/21,6.045833333
6/1/21,9.129166667
5/31/21,7.3
5/30/21,7.254166667
5/29/21,13.47083333
5/28/21,11.45
5/27/21,11.98333333
5/26/21,9.441666667
5/25/21,12.575
5/24/21,10.725
5/23/21,10.23333333
5/22/21,16.91666667
5/21/21,13.90416667
5/20/21,11.45
5/19/21,14.03333333
5/18/21,14.975
5/17/21,11
5/16/21,10.20833333
5/15/21,13.675
5/14/21,12.225
5/13/21,7.216666667
5/12/21,6.691666667
5/11/21,7.483333333
5/10/21,7.066666667
5/9/21,6.133333333
5/8/21,7.15
5/7/21,8.545833333
5/6/21,8.266666667
5/5/21,9.183333333
5/4/21,7.15
5/3/21,6.7
5/2/21,5.9
5/1/21,10.45
4/30/21,11.35
4/29/21,11.575
4/28/21,11.36666667
4/27/21,10.0625
4/26/21,13.1375
4/25/21,12
4/24/21,13.2
4/23/21,12.1
4/22/21,10.66666667
4/21/21,12.21666667
4/20/21,12.46666667
4/19/21,17.4
4/18/21,14.80833333
4/17/21,18
4/16/21,10.93333333
4/15/21,9.95
4/14/21,10.9
4/13/21,10.29583333
4/12/21,8.575
4/11/21,9.916666667
4/10/21,10.58333333
4/9/21,11.15833333
4/8/21,11.51666667
4/7/21,10.18333333
4/6/21,9.991666667
4/5/21,7.733333333
4/4/21,9.791666667
4/3/21,16.425
4/2/21,11.825
4/1/21,11.33333333
3/31/21,10.55
3/30/21,10.22916667
3/29/21,9.433333333
3/28/21,7.45
3/27/21,9.116666667
3/26/21,10.00833333
3/25/21,9.9
3/24/21,9.591666667
3/23/21,8.666666667
3/22/21,9.166666667
3/21/21,6.716666667
3/20/21,9.758333333
3/19/21,12.46666667
3/18/21,11.69583333
3/17/21,10.65
3/16/21,9.933333333
3/15/21,10.03333333
3/14/21,9.216666667
3/13/21,13.65
3/12/21,11.57083333
3/11/21,11.19166667
3/10/21,12.2
3/9/21,10.25
3/8/21,9.033333333
3/7/21,7.733333333
3/6/21,10.36666667
3/5/21,12.56666667
3/4/21,12.575
3/3/21,10.72916667
3/2/21,11.75
3/1/21,11.47083333
2/28/21,12.05833333
2/27/21,10.81666667
2/26/21,12.06666667
2/25/21,8.408333333
2/24/21,11.63333333
2/23/21,12.46666667
2/22/21,10.11666667
2/21/21,8.575
2/20/21,9.5375
2/19/21,10.98333333
2/18/21,11.48333333
2/17/21,11.13333333
2/16/21,11.35
2/15/21,9.966666667
2/14/21,10.25
2/13/21,11.91666667
2/12/21,11.5
2/11/21,10.4
2/10/21,11.71666667
2/9/21,10.85
2/8/21,7.991666667
2/7/21,8.75
2/6/21,11.36666667
2/5/21,10.15
2/4/21,9.85
2/3/21,11.64166667
2/2/21,10.90833333
2/1/21,12.77083333
1/31/21,12.02083333
1/30/21,15.78333333
1/29/21,11.15
1/28/21,11.45833333
1/27/21,10.5375
1/26/21,9.85
1/25/21,10.19583333
1/24/21,10.25
1/23/21,10.61666667
1/22/21,12.45833333
1/21/21,12.75
1/20/21,11.78333333
1/19/21,16.33333333
1/18/21,17.1
1/17/21,15.9
1/16/21,15.71666667
1/15/21,15.925
1/14/21,16.08333333
1/13/21,12.84166667
1/12/21,18.33333333
1/11/21,14.00833333
1/10/21,13.4
1/9/21,16.73333333
1/8/21,15.57083333
1/7/21,13.00833333
1/6/21,11.775
1/5/21,13.65
1/4/21,12.88333333
1/3/21,15.08333333
1/2/21,11.625
1/1/21,10.81666667
12/31/20,13.71666667
12/30/20,11.8
12/29/20,13.8
12/28/20,11.89166667
12/27/20,13.30833333
12/26/20,12.88333333
12/25/20,15.24583333
12/24/20,14.95833333
12/23/20,12.6625
12/22/20,16.05833333
12/21/20,12.98333333
12/20/20,12.66666667
12/19/20,14.10416667
12/18/20,15.41666667
12/17/20,13.71666667
12/16/20,14.38333333
12/15/20,15.175
12/14/20,13.61666667
12/13/20,10.75
12/12/20,16.4
12/11/20,16.04583333
12/10/20,16.03333333
12/9/20,12.76666667
12/8/20,13.98333333
12/7/20,12.29583333
12/6/20,12.06666667
12/5/20,13.74583333
12/4/20,12.88333333
12/3/20,14.31666667
12/2/20,14.01666667
12/1/20,14.94166667
11/30/20,13.65
11/29/20,9.795833333
11/28/20,13.12083333
11/27/20,13.75833333
11/26/20,12.50833333
11/25/20,13.06666667
11/24/20,15.3875
11/23/20,11.06666667
11/22/20,7.916666667
11/21/20,9.183333333
11/20/20,10.17083333
11/19/20,14
11/18/20,10.7
11/17/20,13.64166667
11/16/20,9.941666667
11/15/20,8.866666667
11/14/20,10.82916667
11/13/20,11.13333333
11/12/20,10.2125
11/11/20,11.06666667
11/10/20,10.1
11/9/20,8.15
11/8/20,10.43333333
11/7/20,9.658333333
11/6/20,14.80833333
11/5/20,10.35
11/4/20,11.83333333
11/3/20,16.96666667
11/2/20,13.50833333
11/1/20,16.16666667
10/31/20,17.01666667
10/30/20,14.26666667
10/29/20,21.8375
10/28/20,22.93333333
10/27/20,25.25
10/26/20,23.11666667
10/25/20,21.34166667
10/24/20,18.80833333
10/23/20,23.85
10/22/20,23.56666667
10/21/20,19.9
10/20/20,20.55833333
10/19/20,20.425
10/18/20,18.88333333
10/17/20,14.8
10/16/20,16.93333333
10/15/20,17.21666667
10/14/20,16.05833333
10/13/20,16.025
10/12/20,16.2
10/11/20,14.73333333
10/10/20,16.89166667
10/9/20,20.1125
10/8/20,16.14166667
10/7/20,16.48333333
10/6/20,19.225
10/5/20,15.375
10/4/20,14.7625
10/3/20,18.15
10/2/20,18.75833333
10/1/20,20.14166667
9/30/20,18.38333333
9/29/20,18.1
9/28/20,15.15
9/27/20,12.55833333
9/26/20,13.29583333
9/25/20,14.48333333
9/24/20,15.64166667
9/23/20,21.475
9/22/20,17.26666667
9/21/20,13.36666667
9/20/20,12.53333333
9/19/20,15.23333333
9/18/20,12.41666667
9/17/20,11.6375
9/16/20,13.61666667
9/15/20,13.275
9/14/20,12.25
9/13/20,9.866666667
9/12/20,10.6
9/11/20,13.5625
9/10/20,14.70833333
9/9/20,12.65
9/8/20,12.78333333
9/7/20,11.2
9/6/20,11.225
9/5/20,17.36666667
9/4/20,14.975
9/3/20,13.98333333
9/2/20,14.75833333
9/1/20,13.88333333
8/31/20,10.20416667
8/30/20,13.71666667
8/29/20,11.24166667
8/28/20,12.09166667
8/27/20,19.79166667
8/26/20,13.68333333
8/25/20,13.67916667
8/24/20,11.53333333
8/23/20,9.733333333
8/22/20,12.10833333
8/21/20,11.725
8/20/20,12.275
8/19/20,16.3
8/18/20,20
8/17/20,13.13333333
8/16/20,9.45
8/15/20,10.62083333
8/14/20,10.9
8/13/20,10.48333333
8/12/20,10.16666667
8/11/20,11.725
8/10/20,12.20833333
8/9/20,7.125
8/8/20,9.591666667
8/7/20,10.66666667
8/6/20,12.03333333
8/5/20,9.9
8/4/20,9.491666667
8/3/20,7.433333333
8/2/20,9.5
8/1/20,15.48333333
7/31/20,12.73333333
7/30/20,14.70833333
7/29/20,10.975
7/28/20,11.31666667
7/27/20,8.15
7/26/20,8.9125
7/25/20,9.241666667
7/24/20,9.666666667
7/23/20,10.03333333
7/22/20,11.81666667
7/21/20,11.2
7/20/20,8.683333333
7/19/20,10.21666667
7/18/20,19.9
7/17/20,11.86666667
7/16/20,12.06666667
7/15/20,9.858333333
7/14/20,11.975
7/13/20,8.266666667
7/12/20,7.133333333
7/11/20,8.625
7/10/20,8
7/9/20,8.775
7/8/20,9.858333333
7/7/20,8.825
7/6/20,8.133333333
7/5/20,5.033333333
7/4/20,6.633333333
7/3/20,9.85
7/2/20,9.445833333
7/1/20,10.14166667
6/30/20,9.866666667
6/29/20,8.433333333
6/28/20,6.316666667
6/27/20,9.441666667
6/26/20,7.325
6/25/20,10.75833333
6/24/20,11.225
6/23/20,9.15
6/22/20,7.791666667
6/21/20,7.325
6/20/20,9.883333333
6/19/20,10.625
6/18/20,9.508333333
6/17/20,12.2
6/16/20,11.2875
6/15/20,10.65416667
6/14/20,5.283333333
6/13/20,7.683333333
6/12/20,7.066666667
6/11/20,6.3
6/10/20,7.733333333
6/9/20,7.8
6/8/20,7.675
6/7/20,5.833333333
6/6/20,3.983333333
6/5/20,6.366666667
6/4/20,10.4
6/3/20,13.16666667
6/2/20,11.7
6/1/20,13.27916667
5/31/20,7.808333333
5/30/20,7.679166667
5/29/20,13.88333333
5/28/20,11.41666667
5/27/20,9.191666667
5/26/20,11.95
5/25/20,9.616666667
5/24/20,10.2
5/23/20,15.80833333
5/22/20,13.86666667
5/21/20,16.46666667
5/20/20,16.65
5/19/20,16.83333333
5/18/20,11.59583333
5/17/20,14.85833333
5/16/20,13.29166667
5/15/20,17.36666667
5/14/20,11.34583333
5/13/20,14.48333333
5/12/20,11.375
5/11/20,7.383333333
5/10/20,5.3
5/9/20,13.20833333
5/8/20,14.25833333
5/7/20,11.31666667
5/6/20,8.675
5/5/20,8.016666667
5/4/20,7.470833333
5/3/20,7.045833333
5/2/20,8.408333333
5/1/20,13.2
4/30/20,12.85
4/29/20,9.416666667
4/28/20,8.15
4/27/20,9.416666667
4/26/20,7.541666667
4/25/20,9.641666667
4/24/20,9.466666667
4/23/20,13.22083333
4/22/20,8.25
4/21/20,8.3
4/20/20,6.733333333
4/19/20,5.641666667
4/18/20,6.408333333
4/17/20,9.716666667
4/16/20,7.65
4/15/20,6.25
4/14/20,6.583333333
4/13/20,5.633333333
4/12/20,5.116666667
4/11/20,5.2
4/10/20,6.341666667
4/9/20,6.666666667
4/8/20,8.041666667
4/7/20,8.25
4/6/20,9.925
4/5/20,3.966666667
4/4/20,5.483333333
4/3/20,11.25
4/2/20,8.1
4/1/20,7.866666667
3/31/20,7.083333333
3/30/20,8.683333333
3/29/20,6.266666667
3/28/20,7.6
3/27/20,7.116666667
3/26/20,7.483333333
3/25/20,19.4625
3/24/20,11.51666667
3/23/20,13.07916667
3/22/20,7.341666667
3/21/20,11.46666667
3/20/20,18.36666667
3/19/20,12.51666667
3/18/20,14.90833333
3/17/20,14.275
3/16/20,12.95
3/15/20,12.68333333
3/14/20,13.76666667
3/13/20,14.21666667
3/12/20,12.24166667
3/9/20,8.058333333
3/6/20,8.975
3/3/20,7.683333333
2/29/20,8.333333333
2/26/20,8.666666667
2/23/20,7.108333333
2/20/20,9.183333333
2/17/20,7.866666667
2/14/20,9.216666667
2/11/20,10.05833333
2/8/20,8.366666667
2/5/20,8.433333333
2/2/20,8.116666667
1/30/20,7
1/27/20,10.61666667
1/24/20,6.991666667
1/21/20,8.158333333
1/18/20,7.595833333
1/15/20,8.083333333
1/12/20,6.116666667
1/9/20,7.35
1/6/20,10.6
1/3/20,7.166666667
12/31/19,7.475
12/28/19,6.4
12/25/19,6.991666667
12/22/19,4.75
12/19/19,7.533333333
12/16/19,7.416666667
12/13/19,7.533333333
12/10/19,8.85
12/7/19,6.616666667
12/4/19,7.675
12/1/19,6.066666667
11/28/19,6.083333333
11/25/19,9.133333333
11/22/19,9.195833333
11/19/19,9.716666667
11/16/19,6.558333333
11/13/19,10.18333333
11/10/19,4.491666667
11/7/19,10.075
11/4/19,10.1
11/1/19,10.975
10/29/19,10.225
10/26/19,12.10833333
10/23/19,6.1625
10/20/19,5.375
10/17/19,7.529166667
10/14/19,8.933333333
10/11/19,6.691666667
10/8/19,6.258333333
10/5/19,5.6
10/2/19,7.566666667
9/29/19,7.05
9/26/19,6.266666667
9/23/19,12.06666667
9/20/19,6.666666667
9/17/19,7.841666667
9/14/19,5.733333333
9/11/19,4.975
9/8/19,3.366666667
9/5/19,6.35
9/2/19,7.2
8/30/19,6.508333333
8/27/19,8.283333333
8/24/19,6.333333333
8/21/19,9.025
8/18/19,7.9875
8/15/19,6.233333333
8/12/19,7.5
8/9/19,7.95
8/6/19,7.166666667
8/3/19,4.8
7/31/19,6.183333333
7/28/19,3.65
7/25/19,8.875
7/22/19,5.945833333
7/19/19,14.48333333
7/16/19,7.395833333
7/13/19,8
7/10/19,13.01666667
7/7/19,6.55
7/4/19,7.516666667
7/1/19,8.966666667
6/28/19,14.94166667
6/25/19,9.275
6/22/19,12.73333333
6/19/19,6.583333333
6/16/19,11.68333333
6/13/19,9.45
6/10/19,7.933333333
6/7/19,8.2875
6/4/19,9.3625
6/1/19,10.75
5/29/19,6.85
5/26/19,6.85
5/23/19,10.025
5/20/19,6.966666667
5/17/19,10.53333333
5/14/19,10.5375
5/11/19,12.8375
5/8/19,9.854166667
5/5/19,9.983333333
5/2/19,6.133333333
4/29/19,7.1
4/26/19,9.6
4/23/19,11.55416667
4/20/19,11.53333333
4/17/19,9.995833333
4/14/19,9.854166667
4/11/19,8.575
4/8/19,9.758333333
4/5/19,11.58333333
4/2/19,9.816666667
3/30/19,11.5
3/27/19,11.75
3/24/19,5.429166667
3/21/19,8.183333333
3/18/19,6.216666667
3/15/19,7.308333333
3/12/19,8.541666667
3/9/19,7.054166667
3/6/19,12.05
3/3/19,7.416666667
2/28/19,7.525
2/25/19,8.708333333
2/22/19,8.675
2/19/19,8.983333333
2/16/19,7.325
2/13/19,9.883333333
2/10/19,8.208333333
2/7/19,5.733333333
2/4/19,6.416666667
2/1/19,7.670833333
1/29/19,7.904166667
1/26/19,7.2
1/23/19,7.016666667
1/20/19,5.266666667
1/17/19,8.7
1/14/19,6.566666667
1/11/19,7.175
1/8/19,6.5
1/5/19,4.366666667
1/2/19,7.666666667
12/30/18,3.895833333
12/27/18,4.6125
12/24/18,6.216666667
12/21/18,7.75
12/18/18,10.03333333
12/15/18,6.466666667
12/12/18,11.65
12/9/18,8.425
12/6/18,9.483333333
12/3/18,10.1375
11/30/18,15.31666667
11/27/18,10.21666667
11/24/18,8.2
11/21/18,15.41666667
11/18/18,10.16666667
11/15/18,12.71666667
11/12/18,9.875
11/9/18,10.7
11/6/18,10.68333333
11/3/18,6
10/31/18,6.883333333
10/28/18,7.791666667
10/25/18,8.983333333
10/22/18,6.983333333
10/19/18,9.191666667
10/16/18,9.483333333
10/13/18,7.4
10/10/18,7.825
10/7/18,6.5875
10/4/18,6.741666667
10/1/18,6.5
9/28/18,6.183333333
9/25/18,6.3
9/22/18,5.625
9/19/18,5.3
9/16/18,5.008333333
9/13/18,7.333333333
9/10/18,8.133333333
9/7/18,7.408333333
9/4/18,9.383333333
9/1/18,6.15
8/29/18,9.316666667
8/26/18,4.366666667
8/23/18,6.075
8/20/18,7.208333333
8/17/18,7.266666667
8/14/18,7.633333333
8/11/18,4.541666667
8/8/18,6.641666667
8/7/18,14.45
8/6/18,9.825
8/5/18,4.554166667
8/4/18,7.866666667
8/3/18,12.95
8/2/18,12.95
8/1/18,8.466666667
7/31/18,9.716666667
7/30/18,9.716666667
7/29/18,12.775
7/28/18,10.425
7/27/18,10.425
7/26/18,10.35
7/25/18,12.125
7/24/18,12.125
7/23/18,5.7
7/22/18,8.933333333
7/21/18,8.933333333
7/20/18,7
7/19/18,11.025
7/18/18,11.025
7/17/18,14.25
7/16/18,13.45
7/15/18,13.45
7/14/18,13.275
7/13/18,8.233333333
7/12/18,8.233333333
7/11/18,14.275
7/10/18,8.666666667
7/9/18,8.666666667
7/8/18,7.633333333
7/7/18,6.583333333
7/6/18,6.583333333
7/5/18,9.316666667
7/4/18,17.475
7/3/18,17.475
7/2/18,8.133333333
7/1/18,12.375
6/30/18,12.375
6/29/18,11.1
6/28/18,17.025
6/27/18,17.025
6/26/18,8.25
6/25/18,9.55
6/24/18,9.55
6/23/18,8.25
6/22/18,9.475
6/21/18,9.475
6/20/18,8.916666667
6/19/18,6.733333333
6/18/18,6.733333333
6/17/18,5.9
6/16/18,11.625
6/15/18,11.625
6/14/18,15.075
6/13/18,8.216666667
6/12/18,8.216666667
6/11/18,9.85
6/10/18,8.35
6/9/18,8.35
6/8/18,8.083333333
6/7/18,13.95
6/6/18,13.95
6/5/18,9.1
6/4/18,6.45
6/3/18,6.45
6/2/18,10.125
6/1/18,9.85
5/31/18,9.85
5/30/18,9.583333333
5/29/18,8.666666667
5/28/18,8.666666667
5/27/18,6.933333333
5/26/18,6.9
5/25/18,6.9
5/24/18,10.9
5/23/18,7.683333333
5/22/18,7.683333333
5/21/18,11.50833333
5/20/18,10.625
5/19/18,10.625
5/18/18,14.425
5/17/18,9.95
5/16/18,9.95
5/15/18,10.38333333
5/14/18,8
5/13/18,8
5/12/18,17.925
5/11/18,7.466666667
5/10/18,7.466666667
5/9/18,13.60833333
5/8/18,14.125
5/7/18,14.125
5/6/18,12.575
5/5/18,11.2
5/4/18,11.2
5/3/18,9.216666667
5/2/18,7.433333333
5/1/18,7.433333333
4/30/18,10.525
4/29/18,12.825
4/28/18,12.825
4/27/18,8.616666667
4/26/18,11.03333333
4/25/18,11.03333333
4/24/18,11.15
4/23/18,7.1
4/22/18,7.1
4/21/18,7.933333333
4/20/18,6.85
4/19/18,6.85
4/18/18,12
4/17/18,8.45
4/16/18,8.45
4/15/18,8.466666667
4/14/18,10.5
4/13/18,10.5
4/12/18,11.95
4/11/18,6.9
4/10/18,6.9
4/9/18,9.875
4/8/18,9.35
4/7/18,9.35
4/6/18,10.7
4/5/18,11.375
4/4/18,11.375
4/3/18,6.85
4/2/18,6.616666667
4/1/18,6.616666667
3/31/18,7.166666667
3/30/18,11.625
3/29/18,11.625
3/28/18,7.516666667
3/27/18,12.65
3/26/18,12.65
3/25/18,11.275
3/24/18,8.983333333
3/23/18,8.983333333
3/22/18,7.866666667
3/21/18,9.316666667
3/20/18,9.316666667
3/19/18,10.775
3/18/18,11.4
3/17/18,11.4
3/16/18,12.65
3/15/18,11.55
3/14/18,11.55
3/13/18,10.825
3/12/18,11.925
3/11/18,11.925
3/10/18,13.125
3/9/18,10.625
3/8/18,10.625
3/7/18,6.833333333
3/6/18,13.55
3/5/18,13.55
3/4/18,9.95
3/3/18,11.65
3/2/18,11.65
3/1/18,10.725
2/28/18,10.625
2/27/18,10.625
2/26/18,6.5
2/25/18,14.75
2/24/18,14.75
2/23/18,9.116666667
2/22/18,6.883333333
2/21/18,6.883333333
2/20/18,8.416666667
2/19/18,6.966666667
2/18/18,6.966666667
2/17/18,6.616666667
2/16/18,8.483333333
2/15/18,8.483333333
2/14/18,11.05
2/13/18,10.2
2/12/18,10.2
2/11/18,9.45
2/10/18,12.2
2/9/18,12.2
2/8/18,8.866666667
2/7/18,7.433333333
2/6/18,7.433333333
2/5/18,9.275
2/4/18,10.475
2/3/18,10.475
2/2/18,12.475
2/1/18,15.675
1/31/18,15.675
1/30/18,12.275
1/29/18,11.95
1/28/18,11.95
1/27/18,11.775
1/26/18,11.375
1/25/18,11.375
1/24/18,7.8
1/23/18,11.6
1/22/18,11.6
1/21/18,7.45
1/20/18,13.075
1/19/18,13.075
1/18/18,13.425
1/17/18,13.025
1/16/18,13.025
1/15/18,7.733333333
1/14/18,9.683333333
1/13/18,9.683333333
1/12/18,11.425
1/11/18,13.7
1/10/18,13.7
1/9/18,14.875
1/8/18,14.3
1/7/18,14.3
1/6/18,9.483333333
1/5/18,13.95
1/4/18,13.95
1/3/18,7.983333333
1/2/18,13.9
1/1/18,13.9
12/31/17,10.7
12/30/17,8.066666667
12/29/17,8.066666667
12/28/17,8.133333333
12/27/17,13.375
12/26/17,13.375
12/25/17,10.86666667
12/24/17,14.01666667
12/23/17,14.01666667
12/22/17,10.85
12/21/17,11.25
12/20/17,11.25
12/19/17,11.45
12/18/17,11.6
12/17/17,11.6
12/16/17,13.15
12/15/17,8.233333333
12/14/17,8.233333333
12/13/17,13.1
12/12/17,13.4
12/11/17,13.4
12/10/17,11.95
12/9/17,15.5
12/8/17,15.5
12/7/17,12.075
12/6/17,13
12/5/17,13
12/4/17,8.383333333
12/3/17,10.35
12/2/17,10.35
12/1/17,17.1
11/30/17,10.08333333
11/29/17,10.08333333
11/28/17,13.35
11/27/17,15.375
11/26/17,15.375
11/25/17,9.75
11/24/17,15.35
11/23/17,15.35
11/22/17,13.1
11/21/17,7.5
11/20/17,7.5
11/19/17,11.75
11/18/17,9.15
11/17/17,9.15
11/16/17,18.275
11/15/17,20.975
11/14/17,20.975
11/13/17,27.26666667
11/12/17,16.71666667
11/11/17,16.71666667
11/10/17,10.78333333
11/9/17,15.35833333
11/8/17,15.35833333
11/7/17,12.01666667
11/6/17,14.9
11/5/17,14.9
11/4/17,18.875
11/3/17,10.55
11/2/17,10.55
11/1/17,15.85
10/31/17,15.9
10/30/17,15.9
10/29/17,22.925
10/28/17,14.48333333
10/27/17,14.48333333
10/26/17,12.9
10/25/17,10.41666667
10/24/17,10.41666667
10/23/17,8.1
10/22/17,10.6
10/21/17,10.6
10/20/17,14.225
10/19/17,14.45
10/18/17,14.45
10/17/17,12.3
10/16/17,7.933333333
10/15/17,7.933333333
10/14/17,17.1
10/13/17,10.66666667
10/12/17,10.66666667
10/11/17,10.43333333
10/10/17,15.4
10/9/17,15.4
10/8/17,8.233333333
10/7/17,9.216666667
10/6/17,9.216666667
10/5/17,15.375
10/4/17,13.325
10/3/17,13.325
10/2/17,15.85
10/1/17,10.11666667
9/30/17,10.11666667
9/29/17,11.325
9/28/17,14.575
9/27/17,14.575
9/26/17,11.16666667
9/25/17,7.883333333
9/24/17,7.883333333
9/23/17,14.425
9/22/17,7.216666667
9/21/17,7.216666667
9/20/17,19.575
9/19/17,12.23333333
9/18/17,12.23333333
9/17/17,11.925
9/16/17,11.925
9/15/17,11.925
9/14/17,6.433333333
9/13/17,8.925
9/12/17,8.925
9/11/17,12.95
9/10/17,7.216666667
9/9/17,7.216666667
9/8/17,11.8
9/7/17,7.9
9/6/17,7.9
9/5/17,11.5
9/4/17,10.75
9/3/17,10.75
9/2/17,11.625
9/1/17,14.15
8/31/17,14.15
8/30/17,15.95
8/29/17,11
8/28/17,11
8/27/17,20.51666667
8/26/17,17.11666667
8/25/17,17.11666667
8/24/17,12.55
8/23/17,28.95
8/22/17,28.95
8/21/17,11.93333333
8/20/17,9.916666667
8/19/17,9.916666667
8/18/17,8.65
8/17/17,14.25
8/16/17,14.25
8/15/17,17.375
8/14/17,8.45
8/13/17,8.45
8/12/17,11.93333333
8/11/17,13.16666667
8/10/17,13.16666667
8/9/17,12.05
8/8/17,7.7
8/7/17,7.7
8/6/17,10.375
8/5/17,6.6
8/4/17,6.6
8/3/17,12.3
8/2/17,11.75
8/1/17,11.75
7/31/17,12.375
7/30/17,12.875
7/29/17,12.875
7/28/17,8.483333333
7/27/17,9.15
7/26/17,9.15
7/25/17,10.95
7/24/17,9.45
7/23/17,9.45
7/22/17,18.175
7/21/17,7.533333333
7/20/17,7.533333333
7/19/17,13.3
7/18/17,13.325
7/17/17,13.325
7/16/17,19.725
7/15/17,10.63333333
7/14/17,10.63333333
7/13/17,11.3
7/12/17,10.3
7/11/17,10.3
7/10/17,14.325
7/9/17,8.033333333
7/8/17,8.033333333
7/7/17,14.775
7/6/17,9.733333333
7/5/17,9.733333333
7/4/17,10.1
7/3/17,7.933333333
7/2/17,8.575
7/1/17,11.88333333
6/30/17,13.45
6/29/17,13.45
6/28/17,19.95
6/27/17,10.91666667
6/26/17,10.91666667
6/25/17,14.65
6/24/17,13.85
6/23/17,13.85
6/22/17,20.125
6/21/17,15.3
6/20/17,15.3
6/19/17,10.61666667
6/18/17,9.666666667
6/17/17,9.666666667
6/16/17,11.13333333
6/15/17,12.55
6/14/17,12.55
6/13/17,13.5
6/12/17,15.4
6/11/17,15.4
6/10/17,15.625
6/9/17,17.05
6/8/17,17.05
6/7/17,16.925
6/6/17,10.8
6/5/17,10.8
6/4/17,11.03333333
6/3/17,12.76666667
6/2/17,12.76666667
6/1/17,16.825
5/31/17,13.925
5/30/17,13.925
5/29/17,9.783333333
5/28/17,17
5/27/17,17
5/26/17,11.7
5/25/17,18
5/24/17,18
5/23/17,11.36666667
5/22/17,10.23333333
5/21/17,10.23333333
5/20/17,11.88333333
5/19/17,12.08333333
5/18/17,12.08333333
5/17/17,13.7
5/16/17,10.03333333
5/15/17,10.03333333
5/14/17,13.48333333
5/13/17,19.025
5/12/17,19.025
5/11/17,17.45
5/10/17,10.61666667
5/9/17,10.61666667
5/8/17,15.4
5/7/17,15.63333333
5/6/17,15.63333333
5/5/17,11.76666667
5/4/17,18.575
5/3/17,18.575
5/2/17,14.75
5/1/17,14.5
4/30/17,14.5
4/29/17,13.5
4/28/17,20.25
4/27/17,20.25
4/26/17,24.675
4/25/17,11.8
4/24/17,11.8
4/23/17,14.475
4/22/17,14.875
4/21/17,14.875
4/20/17,11.11666667
4/19/17,16.575
4/18/17,16.575
4/17/17,9.266666667
4/16/17,16.1
4/15/17,16.1
4/14/17,13.18333333
4/13/17,16.3
4/12/17,16.3
4/11/17,15.175
4/10/17,7.6
4/9/17,7.6
4/8/17,15.65
4/7/17,11.53333333
4/6/17,11.53333333
4/5/17,11.58333333
4/4/17,8.183333333
4/3/17,8.183333333
4/2/17,21.175
4/1/17,20.475
3/31/17,20.475
3/30/17,19.675
3/29/17,10.7
3/28/17,10.7
3/27/17,7.2
3/26/17,9.55
3/25/17,9.55
3/24/17,10.95
3/23/17,13.3
3/22/17,13.3
3/21/17,11.95
3/20/17,8.616666667
3/19/17,8.616666667
3/18/17,9.9
3/17/17,14.25
3/16/17,14.25
3/15/17,15.9
3/14/17,17.175
3/13/17,17.175
3/12/17,15.675
3/11/17,10.08333333
3/10/17,10.08333333
3/9/17,13.76666667
3/8/17,14.03333333
3/7/17,14.03333333
3/6/17,12.11666667
3/5/17,21.15
3/4/17,21.15
3/3/17,23.25
3/2/17,14.38333333
3/1/17,14.38333333
2/28/17,12.16666667
2/27/17,11
2/26/17,11
2/25/17,20.875
2/24/17,11.98333333
2/23/17,11.98333333
2/22/17,12.28333333
2/21/17,17.125
2/20/17,17.125
2/19/17,10.76666667
2/18/17,12.86666667
2/17/17,12.86666667
2/16/17,19.275
2/15/17,12.775
2/14/17,12.775
2/13/17,13.975
2/12/17,17.15833333
2/11/17,17.15833333
2/10/17,16.625
2/9/17,13.03333333
2/8/17,13.03333333
2/7/17,18.28333333
2/6/17,16.675
2/5/17,16.675
2/4/17,16.46666667
2/3/17,15.35
2/2/17,15.35
2/1/17,23.925
1/31/17,10.43333333
1/30/17,10.43333333
1/29/17,16.925
1/28/17,10.225
1/27/17,10.225
1/26/17,12.56666667
1/25/17,24.275
1/24/17,24.275
1/23/17,9.975
1/22/17,9.925
1/21/17,9.925
1/20/17,10.02
1/19/17,12.42
1/18/17,12.425
1/17/17,12.6
1/16/17,7
1/15/17,7
1/14/17,8.98
1/13/17,8.5
1/12/17,8.5
1/11/17,10.71
1/10/17,10.71
1/9/17,10.71666667
1/8/17,10.43
1/7/17,11.48
1/6/17,11.48333333
1/5/17,10.69
1/4/17,12.34
1/3/17,12.35
1/2/17,10.84
1/1/17,12.27
12/31/16,12.275
12/30/16,14.54
12/29/16,7.66
12/28/16,7.666666667
12/27/16,13.55
12/26/16,10.29
12/25/16,10.3
12/24/16,12.77
12/23/16,8.58
12/22/16,8.583333333
12/21/16,10.71
12/20/16,13.84
12/19/16,13.85
12/18/16,15.09
12/17/16,17.02
12/16/16,17.025
12/15/16,9.68
12/14/16,8.69
12/13/16,8.7
12/12/16,6.09
12/11/16,12.8
12/10/16,12.8
12/9/16,8.76
12/8/16,9.06
12/7/16,9.066666667
12/6/16,9.31
12/5/16,13.79
12/4/16,13.8
12/3/16,29.25
12/2/16,9.03
12/1/16,9.033333333
11/30/16,9.65
11/29/16,9.76
11/28/16,9.766666667
11/27/16,13.75
11/26/16,12.96
11/25/16,12.96666667
11/24/16,20.3
11/23/16,18.62
11/22/16,18.625
11/21/16,11.15
11/20/16,11.5
11/19/16,11.5
11/18/16,9.73
11/17/16,10
11/16/16,10
11/15/16,11.72
11/14/16,8.33
11/13/16,8.333333333
11/12/16,6.96
11/11/16,11.47
11/10/16,11.475
11/9/16,12.14
11/8/16,11.53
11/7/16,11.53333333
11/6/16,8.76
11/5/16,12.5
11/4/16,12.5
11/3/16,8.98
11/2/16,11.77
11/1/16,11.775
10/31/16,8.75
10/30/16,7.96
10/29/16,7.966666667
10/28/16,12.44
10/27/16,19.88
10/26/16,19.88333333
10/25/16,9.13
10/24/16,9.28
10/23/16,9.283333333
10/22/16,6.7
10/21/16,13.41
10/20/16,13.41666667
10/19/16,9.11
10/18/16,11.26
10/17/16,11.26666667
10/16/16,10.21
10/15/16,10.23
10/14/16,10.23333333
10/13/16,9.51
10/12/16,10.96
10/11/16,10.96666667
10/10/16,7.16
10/9/16,6.34
10/8/16,6.35
10/7/16,8.46
10/6/16,8.21
10/5/16,8.216666667
10/4/16,8.76
10/3/16,8.76
10/2/16,8.766666667
10/1/16,9.28
9/30/16,9.34
9/29/16,9.35
9/28/16,7.13
9/27/16,6.95
9/26/16,6.95
9/25/16,7
9/24/16,9.88
9/23/16,9.883333333
9/22/16,6.7
9/21/16,8.28
9/20/16,8.283333333
9/19/16,7.7
9/18/16,8.5
9/17/16,8.5
9/16/16,8.09
9/15/16,7.33
9/14/16,7.333333333
9/13/16,6.83
9/12/16,7.43
9/11/16,7.433333333
9/10/16,9.36
9/9/16,7.96
9/8/16,7.966666667
9/7/16,8.81
9/6/16,9.96
9/5/16,9.966666667
9/4/16,10.38
9/3/16,6.96
9/2/16,6.966666667
9/1/16,8.55
8/31/16,7.98
8/30/16,7.983333333
8/29/16,7.29
8/28/16,8.69
8/27/16,8.7
8/26/16,9.88
8/25/16,7.4
8/24/16,7.4
8/23/16,7.08
8/22/16,6.81
8/21/16,6.816666667
8/20/16,9.05
8/19/16,8.15
8/18/16,8.15
8/17/16,10.56
8/16/16,7.83
8/15/16,7.833333333
8/14/16,8.21
8/13/16,8.73
8/12/16,8.733333333
8/11/16,8.11
8/10/16,12.69
8/9/16,12.7
8/8/16,8.05
8/7/16,6.65
8/6/16,6.65
8/5/16,7.48
8/4/16,7.5
8/3/16,7.5
8/2/16,8.34
8/1/16,7.88
7/31/16,7.883333333
7/30/16,10.36
7/29/16,10.3
7/28/16,10.3
7/27/16,10.65
7/26/16,9.91
7/25/16,9.916666667
7/24/16,9.8
7/23/16,10.51
7/22/16,10.51666667
7/21/16,8.71
7/20/16,9.8
7/19/16,9.8
7/18/16,7.26
7/17/16,7.76
7/16/16,7.766666667
7/15/16,9.23
7/14/16,10.73
7/13/16,10.73333333
7/12/16,7.96
7/11/16,6.79
7/10/16,6.8
7/9/16,9.19
7/8/16,8.75
7/7/16,8.75
7/6/16,8.51
7/5/16,7.63
7/4/16,7.633333333
7/3/16,8.09
7/2/16,8.16
7/1/16,8.166666667
6/30/16,9.88
6/29/16,8.69
6/28/16,8.7
6/27/16,7.04
6/26/16,7.78
6/25/16,7.783333333
6/24/16,9.78
6/23/16,12.63
6/22/16,12.63333333
6/21/16,8.59
6/20/16,6
6/19/16,6
6/18/16,9.3
6/17/16,9.66
6/16/16,9.66
6/15/16,12.92
6/14/16,9.7
6/13/16,9.7
6/12/16,7.61
6/11/16,8.683333333
6/10/16,8.683333333
6/9/16,7.916666667
6/8/16,9.933333333
6/7/16,9.933333333
6/6/16,6.533333333
6/5/16,10.61666667
6/4/16,10.61666667
6/3/16,9.866666667
6/2/16,10.85
6/1/16,10.85
5/31/16,9.466666667
5/30/16,7.766666667
5/29/16,7.766666667
5/28/16,11.01666667
5/27/16,9.85
5/26/16,9.85
5/25/16,8.183333333
5/24/16,7.55
5/23/16,7.55
5/22/16,8.566666667
5/21/16,8.016666667
5/20/16,8.016666667
5/19/16,9.966666667
5/18/16,7.783333333
5/17/16,7.783333333
5/16/16,8.583333333
5/15/16,9.816666667
5/14/16,9.816666667
5/13/16,8.283333333
5/12/16,9.483333333
5/11/16,9.483333333
5/10/16,7
5/9/16,6.866666667
5/8/16,6.866666667
5/7/16,6.516666667
5/6/16,7.333333333
5/5/16,7.333333333
5/4/16,7.341666667
5/3/16,8.25
5/2/16,8.25
5/1/16,7.316666667
4/30/16,7.433333333
4/29/16,7.433333333
4/28/16,10.36666667
4/27/16,7.75
4/26/16,7.75
4/25/16,8.783333333
4/24/16,7.35
4/23/16,7.35
4/22/16,7.8
4/21/16,7.366666667
4/20/16,7.366666667
4/19/16,8.733333333
4/18/16,7.166666667
4/17/16,7.166666667
4/16/16,8.2
4/15/16,7.383333333
4/14/16,7.383333333
4/13/16,7.533333333
4/12/16,8.283333333
4/11/16,8.283333333
4/10/16,7.033333333
4/9/16,7.8
4/8/16,7.8
4/7/16,7.266666667
4/6/16,8.633333333
4/5/16,8.633333333
4/4/16,8.316666667
4/3/16,10.63333333
4/2/16,10.63333333
4/1/16,9.316666667
3/31/16,8.5
3/30/16,8.5
3/29/16,9.2
3/28/16,7.283333333
3/27/16,7.283333333
3/26/16,7.266666667
3/25/16,7.866666667
3/24/16,7.866666667
3/23/16,7.266666667
3/22/16,9.166666667
3/21/16,9.166666667
3/20/16,8.05
3/19/16,8.816666667
3/18/16,8.816666667
3/17/16,7.1
3/16/16,7.1
3/15/16,8.4
3/14/16,7.6
3/13/16,7.166666667
3/12/16,7.166666667
3/11/16,6.833333333
3/10/16,8.216666667
3/9/16,8.216666667
3/8/16,7.35
3/7/16,8.766666667
3/6/16,8.766666667
3/5/16,9.566666667
3/4/16,10.8
3/3/16,10.8
3/2/16,12.41666667
3/1/16,11.41666667
2/29/16,11.41666667
2/28/16,8.55
2/27/16,7.466666667
2/26/16,7.466666667
2/25/16,9.833333333
2/24/16,9.166666667
2/23/16,9.166666667
2/22/16,9.916666667
2/21/16,7.9
2/20/16,7.9
2/19/16,5.933333333
2/18/16,9.5
2/17/16,9.5
2/16/16,8.233333333
2/15/16,6.216666667
2/14/16,6.216666667
2/13/16,7.1
2/12/16,5.983333333
2/11/16,5.983333333
2/10/16,8.316666667
2/9/16,7.733333333
2/8/16,7.733333333
2/7/16,6.516666667
2/6/16,6.166666667
2/5/16,6.166666667
2/4/16,7.483333333
2/3/16,8.666666667
2/2/16,8.666666667
2/1/16,6.816666667
1/31/16,7.25
1/30/16,7.25
1/29/16,9.55
1/28/16,7.666666667
1/27/16,7.666666667
1/26/16,6.9
1/25/16,8.033333333
1/24/16,8.033333333
1/23/16,8.333333333
1/22/16,9.166666667
1/21/16,9.166666667
1/20/16,8.316666667
1/19/16,5.95
1/18/16,5.95
1/17/16,9.3
1/16/16,10.5
1/15/16,10.5
1/14/16,7.45
1/13/16,6.733333333
1/12/16,6.733333333
1/11/16,6.683333333
1/10/16,7.216666667
1/9/16,7.216666667
1/8/16,10
1/7/16,9.45
1/6/16,9.45
1/5/16,6.383333333
1/4/16,7.133333333
1/3/16,7.133333333
1/2/16,7.783333333
1/1/16,7.433333333
12/31/15,7.433333333
12/30/15,8.416666667
12/29/15,7.116666667
12/28/15,7.116666667
12/27/15,6.066666667
12/26/15,8.533333333
12/25/15,8.533333333
12/24/15,7.866666667
12/23/15,8.45
12/22/15,8.45
12/21/15,6.416666667
12/20/15,7.8
12/19/15,7.8
12/18/15,7.65
12/17/15,7.533333333
12/16/15,7.533333333
12/15/15,7.916666667
12/14/15,8.45
12/13/15,8.45
12/12/15,7.933333333
12/11/15,6.8
12/10/15,6.8
12/9/15,7.783333333
12/8/15,8.033333333
12/7/15,8.033333333
12/6/15,7.3
12/5/15,8.933333333
12/4/15,8.933333333
12/3/15,8.366666667
12/2/15,6.766666667
12/1/15,6.766666667
11/30/15,7.716666667
11/29/15,8.3
11/28/15,8.3
11/27/15,8.233333333
11/26/15,7.216666667
11/25/15,7.216666667
11/24/15,8.4
11/23/15,7.033333333
11/22/15,7.033333333
11/21/15,7.525
11/20/15,10.5
11/19/15,10.5
11/18/15,8.183333333
11/17/15,7.033333333
11/16/15,7.033333333
11/15/15,9.333333333
11/14/15,7.766666667
11/13/15,7.766666667
11/12/15,7.683333333
11/11/15,9.166666667
11/10/15,9.166666667
11/9/15,8.716666667
11/8/15,8.816666667
11/7/15,8.816666667
11/6/15,7.766666667
11/5/15,9.883333333
11/4/15,9.883333333
11/3/15,8.4
11/2/15,8.5
11/1/15,8.5
10/31/15,6.9
10/30/15,7.616666667
10/29/15,7.616666667
10/28/15,7.383333333
10/27/15,7.016666667
10/26/15,7.016666667
10/25/15,8.366666667
10/24/15,7.8
10/23/15,7.8
10/22/15,8.983333333
10/21/15,9.616666667
10/20/15,9.616666667
10/19/15,7.7
10/18/15,8.683333333
10/17/15,8.883333333
10/16/15,7.25
10/15/15,7.416666667
10/14/15,8.05
10/13/15,9.566666667
10/12/15,9.55
10/11/15,7.366666667
10/10/15,7.9
10/9/15,11.58333333
10/8/15,9.016666667
10/7/15,10.98333333
10/6/15,7.783333333
10/5/15,7.733333333
10/4/15,7.966666667
10/3/15,7.9
10/2/15,8
10/1/15,7.866666667
9/30/15,8.033333333
9/29/15,6.566666667
9/28/15,7.9
9/27/15,7.583333333
9/26/15,7.583333333
9/25/15,8.15
9/24/15,8.2
9/23/15,8.2
9/22/15,8.783333333
9/21/15,9.566666667
9/20/15,9.566666667
9/19/15,8.1
9/18/15,9.216666667
9/17/15,9.216666667
9/16/15,7
9/15/15,8.1
9/14/15,8.1
9/13/15,9.633333333
9/12/15,7.416666667
9/11/15,7.416666667
9/10/15,8.916666667
9/9/15,8.85
9/8/15,8.85
9/7/15,7.65
9/6/15,8.183333333
9/5/15,8.183333333
9/4/15,10.75
9/3/15,12.3
9/2/15,12.3
9/1/15,7.233333333
8/31/15,8.458333333
8/30/15,8.458333333
8/29/15,7.816666667
8/28/15,8.1
8/27/15,8.1
8/26/15,9.783333333
8/25/15,7.8
8/24/15,7.8
8/23/15,7.75
8/22/15,7.583333333
8/21/15,7.583333333
8/20/15,7.783333333
8/19/15,8.433333333
8/18/15,8.433333333
8/17/15,7.45
8/16/15,7.45
8/15/15,9.383333333
8/14/15,8.5
8/13/15,8.783333333
8/12/15,9.183333333
8/11/15,7.133333333
8/10/15,6.366666667
8/9/15,8.083333333
8/8/15,7.716666667
8/7/15,8.3
8/6/15,9.05
8/5/15,11.56666667
8/4/15,8.966666667
8/3/15,8
8/2/15,7.416666667
8/1/15,7.916666667
7/31/15,9.433333333
7/30/15,9.65
7/29/15,10.1
7/28/15,8
7/27/15,8.416666667
7/26/15,8.2
7/25/15,8.533333333
7/24/15,6.816666667
7/23/15,7.383333333
7/22/15,8.6
7/21/15,8.3
7/20/15,7.333333333
7/19/15,8.016666667
7/18/15,7.766666667
7/17/15,8.433333333
7/16/15,8.583333333
7/15/15,7.583333333
7/14/15,9.283333333
7/13/15,8.883333333
7/12/15,9.75
7/11/15,9.316666667
7/10/15,11.51666667
7/9/15,8.716666667
7/8/15,11
7/7/15,8.55
7/6/15,6.9
7/5/15,8.75
7/4/15,7.333333333
7/3/15,7.483333333
7/2/15,8.283333333
7/1/15,8.866666667
6/30/15,9.083333333
6/29/15,9.183333333
6/28/15,8.15
6/27/15,8.733333333
6/26/15,7.783333333
6/25/15,7.066666667
6/24/15,7.8
6/23/15,8.816666667
6/22/15,9.233333333
6/21/15,9.416666667
6/20/15,8.283333333
6/19/15,7.416666667
6/18/15,7.483333333
6/17/15,8.216666667
6/16/15,9.95
6/15/15,7.683333333
6/14/15,7.583333333
6/13/15,7.4
6/12/15,8.866666667
6/11/15,7.316666667
6/10/15,7.7
6/9/15,6.7
6/8/15,8.216666667
6/7/15,7.5
6/6/15,8.066666667
6/5/15,8.4
6/4/15,9.05
6/3/15,8.433333333
6/2/15,7.85
6/1/15,8.483333333
5/31/15,7.5
5/30/15,9.316666667
5/29/15,7.616666667
5/28/15,7.716666667
5/27/15,7.833333333
5/26/15,8.95
5/25/15,7.933333333
5/24/15,8
5/23/15,9.3
5/22/15,8.083333333
5/21/15,7.65
5/20/15,7.916666667
5/19/15,8.066666667
5/18/15,7.716666667
5/17/15,6.4
5/16/15,8.45
5/15/15,7.666666667
5/14/15,7.7
5/13/15,7.45
5/12/15,7.55
5/11/15,8.033333333
5/10/15,8.933333333
5/9/15,9.466666667
5/8/15,7.25
5/7/15,6.816666667
5/6/15,8.583333333
5/5/15,7.85
5/4/15,9.066666667
5/3/15,7.383333333
5/2/15,8
5/1/15,8.366666667
4/30/15,8.466666667
4/29/15,9.066666667
4/28/15,7.35
4/27/15,7.916666667
4/26/15,7.5
4/25/15,8.116666667
4/24/15,9.166666667
4/23/15,7.8
4/22/15,8.466666667
4/21/15,7.9
4/20/15,7.416666667
4/19/15,7.7
4/18/15,9.416666667
4/17/15,8.35
4/16/15,8.416666667
4/15/15,8.116666667
4/14/15,6.083333333
4/13/15,7.466666667
4/12/15,8.183333333
4/11/15,7.4
4/10/15,8.633333333
4/9/15,7.866666667
4/8/15,9.8
4/7/15,7.066666667
4/6/15,9.466666667
4/5/15,7.55
4/4/15,7.608333333
4/3/15,7.85
4/2/15,7.166666667
4/1/15,8.183333333
3/31/15,7.8
3/30/15,7.95
3/29/15,7.3
3/28/15,7.883333333
3/27/15,7
3/26/15,7.616666667
3/25/15,6.4
3/24/15,6.85
3/23/15,7.266666667
3/22/15,7.783333333
3/21/15,8.533333333
3/20/15,7.75
3/19/15,8.166666667
3/18/15,8.016666667
3/17/15,7.45
3/16/15,8.983333333
3/15/15,7.533333333
3/14/15,8.15
3/13/15,7.566666667
3/12/15,8.916666667
3/11/15,7.2
3/10/15,8.083333333
3/9/15,8.883333333
3/8/15,7.95
3/7/15,9.2
3/6/15,7.416666667
3/5/15,10.51666667
3/4/15,7.216666667
3/3/15,8.1
3/2/15,7.466666667
3/1/15,7.733333333
2/28/15,9.95
2/27/15,7.566666667
2/26/15,8.633333333
2/25/15,7.066666667
2/24/15,8.8
2/23/15,9.15
2/22/15,7.833333333
2/21/15,8.85
2/20/15,7.366666667
2/19/15,7.216666667
2/18/15,6.716666667
2/17/15,7.733333333
2/16/15,7.366666667
2/15/15,8.15
2/14/15,7.65
2/13/15,8.3
2/12/15,7.75
2/11/15,7.683333333
2/10/15,7.7
2/9/15,8.066666667
2/8/15,9.216666667
2/7/15,7.05
2/6/15,7.033333333
2/5/15,7.483333333
2/4/15,7.3
2/3/15,9.066666667
2/2/15,8.466666667
2/1/15,6.5
1/31/15,8.283333333
1/30/15,9.316666667
1/29/15,6.833333333
1/28/15,6.95
1/27/15,8.05
1/26/15,10.26666667
1/25/15,9.033333333
1/24/15,9.483333333
1/23/15,9.116666667
1/22/15,8.333333333
1/21/15,9.8
1/20/15,9.633333333
1/19/15,7.85
1/18/15,8.133333333
1/17/15,8.433333333
1/16/15,8.2
1/15/15,8.416666667
1/14/15,8.466666667
1/13/15,10.95
1/12/15,7.1
1/11/15,8.9
1/10/15,8.616666667
1/9/15,7.466666667
1/8/15,9.716666667
1/7/15,7.433333333
1/6/15,7.633333333
1/5/15,6.816666667
1/4/15,8.033333333
1/3/15,6.433333333
1/2/15,6.933333333
1/1/15,7.15
12/31/14,7.8
12/30/14,7.9
12/29/14,6.816666667
12/28/14,7.166666667
12/27/14,7.55
12/26/14,7.55
12/25/14,6.483333333
12/24/14,7.216666667
12/23/14,7.516666667
12/22/14,9.3
12/21/14,8.083333333
12/20/14,7.833333333
12/19/14,10.7
12/18/14,8.616666667
12/17/14,8.9
12/16/14,8.483333333
12/15/14,7.716666667
12/14/14,9.383333333
12/13/14,8.95
12/12/14,7.9
12/11/14,8.9
12/10/14,7.05
12/9/14,8.666666667
12/8/14,8.25
12/7/14,9.466666667
12/6/14,8.066666667
12/5/14,7.083333333
12/4/14,8.4
12/3/14,9.15
12/2/14,9.566666667
12/1/14,8.3
11/30/14,7.516666667
11/29/14,7.816666667
11/28/14,8.55
11/27/14,8.016666667
11/26/14,8.033333333
11/25/14,9.05
11/24/14,7.2
11/23/14,8.916666667
11/22/14,7.25
11/21/14,8.266666667
11/20/14,8.033333333
11/19/14,7.516666667
11/18/14,8
11/17/14,7.5
11/16/14,8.3
11/15/14,7.116666667
11/14/14,7.583333333
11/13/14,7.95
11/12/14,8.083333333
11/11/14,8.483333333
11/10/14,7.183333333
11/9/14,8.216666667
11/8/14,7.016666667
11/7/14,7.883333333
11/6/14,8.55
11/5/14,7.2
11/4/14,6.566666667
11/3/14,6.816666667
11/2/14,7.116666667
11/1/14,6.583333333
10/31/14,5.95
10/30/14,6.633333333
10/29/14,7.816666667
10/28/14,7.216666667
10/27/14,7.233333333
10/26/14,8.716666667
10/25/14,7.783333333
10/24/14,6.75
10/23/14,7.583333333
10/22/14,6.75
10/21/14,8.5
10/20/14,8.083333333
10/19/14,8.3
10/18/14,7.25
10/17/14,8.283333333
10/16/14,7.016666667
10/15/14,7.516666667
10/14/14,7.366666667
10/13/14,7.783333333
10/12/14,8.283333333
10/11/14,8.15
10/10/14,7.15
10/9/14,8.833333333
10/8/14,8.683333333
10/7/14,7.033333333
10/6/14,7.266666667
10/5/14,6.283333333
10/4/14,8.216666667
10/3/14,7.566666667
10/2/14,7.683333333
10/1/14,7.75
9/30/14,7.5
9/29/14,8.2
9/28/14,7.583333333
9/27/14,8.2
9/26/14,7.25
9/25/14,7.3
9/24/14,7.283333333
9/23/14,7.4
9/22/14,6.733333333
9/21/14,6.383333333
9/20/14,6.55
9/19/14,7.783333333
9/18/14,5.95
9/17/14,6
9/16/14,7.1
9/15/14,7.333333333
9/14/14,7.5
9/13/14,6.233333333
9/12/14,7.566666667
9/11/14,6.65
9/10/14,6.983333333
9/9/14,8.6
9/8/14,7.85
9/7/14,7.466666667
9/6/14,7.25
9/5/14,6.866666667
9/4/14,7.416666667
9/3/14,7.15
9/2/14,8.1
9/1/14,8.45
8/31/14,6.25
8/30/14,6.083333333
8/29/14,6.85
8/28/14,6.216666667
8/27/14,6.566666667
8/26/14,6.816666667
8/25/14,8.35
8/24/14,6.966666667
8/23/14,7.05
8/22/14,7
8/21/14,6.666666667
8/20/14,7.15
8/19/14,5.883333333
8/18/14,5.983333333
8/17/14,7.083333333
8/16/14,6.933333333
8/15/14,6.75
8/14/14,6.983333333
8/13/14,7.616666667
8/12/14,6.4
8/11/14,6.383333333
8/10/14,6.683333333
8/9/14,7.333333333
8/8/14,6.566666667
8/7/14,7.166666667
8/6/14,7.65
8/5/14,9.233333333
8/4/14,7.783333333
8/3/14,7.85
8/2/14,6.066666667
8/1/14,7.6
7/31/14,8.05
7/30/14,6.85
7/29/14,7.433333333
7/28/14,8.416666667
7/27/14,7.516666667
7/26/14,7.683333333
7/25/14,7.183333333
7/24/14,7.5
7/23/14,8.033333333
7/22/14,7.85
7/21/14,7.733333333
7/20/14,6.333333333
7/19/14,6.75
7/18/14,7.583333333
7/17/14,6.466666667
7/16/14,6.75
7/15/14,8.4
7/14/14,6.966666667
7/13/14,7.416666667
7/12/14,6.283333333
7/11/14,7.8
7/10/14,7.816666667
7/9/14,7.4
7/8/14,7.1
7/7/14,8.166666667
7/6/14,7.85
7/5/14,7.966666667
7/4/14,7.366666667
7/3/14,8.166666667
7/2/14,8.266666667
7/1/14,8.316666667
6/30/14,9.3
6/29/14,6.716666667
6/28/14,5.583333333
6/27/14,6
6/26/14,6.216666667
6/25/14,5.75
6/24/14,6.016666667
6/23/14,8.25
6/22/14,5.9
6/21/14,5.883333333
6/20/14,5.716666667
6/19/14,8.116666667
6/18/14,6.5
6/17/14,6.383333333
6/16/14,5.8
6/15/14,6.266666667
6/14/14,6.966666667
6/13/14,7.35
6/12/14,7.716666667
6/11/14,7.8
6/10/14,6.75
6/9/14,8.933333333
6/8/14,7.366666667
6/7/14,7.25
6/6/14,7.416666667
6/5/14,7.766666667
6/4/14,6.433333333
6/3/14,5.983333333
6/2/14,6.866666667
6/1/14,6.633333333
5/31/14,7.5
5/30/14,7.383333333
5/29/14,7.833333333
5/28/14,6.933333333
5/27/14,8.266666667
5/26/14,7.383333333
5/25/14,8.466666667
5/24/14,7.35
5/23/14,6.933333333
5/22/14,7.45
5/21/14,6.533333333
5/20/14,6.833333333
5/19/14,6.533333333
5/18/14,7.183333333
5/17/14,7.1
5/16/14,6.266666667
5/15/14,7.5
5/14/14,7.4
5/13/14,7
5/12/14,7.766666667
5/11/14,7.85
5/10/14,6.633333333
5/9/14,7.6
5/8/14,8.133333333
5/7/14,7.983333333
5/6/14,7
5/5/14,8.366666667
5/4/14,7.633333333
5/3/14,8.216666667
5/2/14,6.966666667
5/1/14,7.65
4/30/14,7.666666667
4/29/14,8.166666667
4/28/14,7.583333333
4/27/14,8.2
4/26/14,7.066666667
4/25/14,8
4/24/14,9.283333333
4/23/14,7.6
4/22/14,8.55
4/21/14,7.15
4/20/14,7.9
4/19/14,8.133333333
4/18/14,9.383333333
4/17/14,7
4/16/14,8.933333333
4/15/14,6.433333333
4/14/14,6.783333333
4/13/14,7
4/12/14,7.283333333
4/11/14,9.016666667
4/10/14,7.483333333
4/9/14,8.216666667
4/8/14,8.066666667
4/7/14,9.1
4/6/14,9.266666667
4/5/14,6.333333333
4/4/14,5.466666667
4/3/14,5.833333333
4/2/14,6.8
4/1/14,7.233333333
3/31/14,7.916666667
3/30/14,7.7
3/29/14,7.25
3/28/14,7.133333333
3/27/14,7.6
3/26/14,8.266666667
3/25/14,8.666666667
3/24/14,6.65
3/23/14,6.316666667
3/22/14,6.8
3/21/14,7.116666667
3/20/14,7.916666667
3/19/14,8.116666667
3/18/14,8.016666667
3/17/14,11.4
3/16/14,14.86666667
3/15/14,10.73333333
3/14/14,12.43333333
3/13/14,13.56666667
3/12/14,11.26666667
3/11/14,8
3/10/14,8.233333333
3/9/14,7.083333333
3/8/14,6.216666667
3/7/14,7.2
3/6/14,7.933333333
3/5/14,8.55
3/4/14,10.85
3/3/14,8.983333333
3/2/14,7.966666667
3/1/14,10
2/28/14,6.983333333
2/27/14,7.066666667
2/26/14,7.916666667
2/25/14,8
2/24/14,7.4
2/23/14,7.1
2/22/14,8.216666667
2/21/14,7.95
2/20/14,8.416666667
2/19/14,7.066666667
2/18/14,8.4
2/17/14,8.25
2/16/14,6.55
2/15/14,7.433333333
2/14/14,6.633333333
2/13/14,8.233333333
2/12/14,7.366666667
2/11/14,7.233333333
2/10/14,8.166666667
2/9/14,7.933333333
2/8/14,8.35
2/7/14,7.983333333
2/6/14,7.55
2/5/14,7.916666667
2/4/14,8.416666667
2/3/14,6.666666667
2/2/14,7.016666667
2/1/14,7.216666667
1/31/14,7.383333333
1/30/14,8.45
1/29/14,8.15
1/28/14,8.9
1/27/14,8.8
1/26/14,8.05
1/25/14,9.45
1/24/14,7.25
1/23/14,8.933333333
1/22/14,7.8
1/21/14,7.25
1/20/14,6.583333333
1/19/14,6.7
1/18/14,8.033333333
1/17/14,8.483333333
1/16/14,6.25
1/15/14,7.433333333
1/14/14,8.016666667
1/13/14,6.116666667
1/12/14,6.783333333
1/11/14,5.716666667
1/10/14,6.633333333
1/9/14,7.433333333
1/8/14,6.216666667
1/7/14,6.716666667
1/6/14,8
1/5/14,7.066666667
1/4/14,8.95
1/3/14,8.95
1/2/14,8.966666667
1/1/14,6.466666667
12/31/13,7.316666667
12/30/13,7
12/29/13,8.766666667
12/28/13,7.883333333
12/27/13,7.416666667
12/26/13,6.616666667
12/25/13,6.933333333
12/24/13,8.05
12/23/13,8.75
12/22/13,7.866666667
12/21/13,8.683333333
12/20/13,6.15
12/19/13,5.766666667
12/18/13,6.6
12/17/13,6.283333333
12/16/13,6.483333333
12/15/13,7.15
12/14/13,6.483333333
12/13/13,7.433333333
12/12/13,7.416666667
12/11/13,7.733333333
12/10/13,6.6
12/9/13,6.066666667
12/8/13,7.116666667
12/7/13,7.216666667
12/6/13,6.65
12/5/13,7.566666667
12/4/13,7.233333333
12/3/13,8.35
12/2/13,8.85
12/1/13,6.183333333
11/30/13,9.1
11/29/13,7.55
11/28/13,8.016666667
11/27/13,8.4
11/26/13,7.783333333
11/25/13,7.666666667
11/24/13,6.55
11/23/13,8.05
11/22/13,8.25
11/21/13,10.38333333
11/20/13,8.583333333
11/19/13,10.38333333
11/18/13,9.15
11/17/13,7.2
11/16/13,7.183333333
11/15/13,7.816666667
11/14/13,8.266666667
11/13/13,6.533333333
11/12/13,6.25
11/11/13,6.2
11/10/13,6.55
11/9/13,8.183333333
11/8/13,10.13333333
11/7/13,8.333333333
11/6/13,7.316666667
11/5/13,7.6
11/4/13,6.133333333
11/3/13,6.083333333
11/2/13,5.75
11/1/13,6.45
10/31/13,5.7
10/30/13,5.683333333
10/29/13,7.233333333
10/28/13,6.583333333
10/27/13,7.483333333
10/26/13,6.5
10/25/13,5.466666667
10/24/13,6.066666667
10/23/13,5.95
10/22/13,4.883333333
10/21/13,5.966666667
10/20/13,5.5
10/19/13,5.7
10/18/13,6.566666667
10/17/13,6.716666667
10/16/13,5.333333333
10/15/13,4.966666667
10/14/13,4.6
10/13/13,4.766666667
10/12/13,5.866666667
10/11/13,6.883333333
10/10/13,5.65
10/9/13,6.516666667
10/8/13,6.966666667
10/7/13,7.266666667
10/6/13,5.45
10/5/13,6.266666667
10/4/13,6.783333333
10/3/13,6.183333333
10/2/13,7.133333333
10/1/13,6.15
9/30/13,6.533333333
9/29/13,6.266666667
9/28/13,7.216666667
9/27/13,7.416666667
9/26/13,7.316666667
9/25/13,5.65
9/24/13,6.183333333
9/23/13,5.116666667
9/22/13,5.633333333
9/21/13,6.266666667
9/20/13,6
9/19/13,6.116666667
9/18/13,8.683333333
9/17/13,7.3
9/16/13,7.233333333
9/15/13,6.466666667
9/14/13,5.633333333
9/13/13,5.616666667
9/12/13,5.4
9/11/13,5.75
9/10/13,7
9/9/13,6.133333333
9/8/13,8.1
9/7/13,7.65
9/6/13,5.783333333
9/5/13,7.05
9/4/13,6.65
9/3/13,6.35
9/2/13,4.583333333
9/1/13,5.116666667
8/31/13,6.55
8/30/13,6.15
8/29/13,5.933333333
8/28/13,7.016666667
8/27/13,7.616666667
8/26/13,7.75
8/25/13,8.283333333
8/24/13,5.966666667
8/23/13,5.683333333
8/22/13,5.633333333
8/21/13,5.2
8/20/13,6.6
8/19/13,7.116666667
8/18/13,6.116666667
8/17/13,5.833333333
8/16/13,7.216666667
8/15/13,7.166666667
8/14/13,8.416666667
8/13/13,6.15
8/12/13,5.25
8/11/13,5.2
8/10/13,5.616666667
8/9/13,5.8
8/8/13,6.35
8/7/13,6.65
8/6/13,6.216666667
8/5/13,6.6
8/4/13,6.75
8/3/13,6.733333333
8/2/13,6.333333333
8/1/13,6.85
7/31/13,6.316666667
7/30/13,6.35
7/29/13,8.2
7/28/13,7.633333333
7/27/13,7.883333333
7/26/13,7.016666667
7/25/13,9.333333333
7/24/13,8.35
7/23/13,9.25
7/22/13,7
7/21/13,6.933333333
7/20/13,7
7/19/13,7.25
7/18/13,6.816666667
7/17/13,7.7
7/16/13,8.416666667
7/15/13,7.416666667
7/14/13,7.65
7/13/13,9.583333333
7/12/13,8.583333333
7/11/13,7.066666667
7/10/13,7.6
7/9/13,5.933333333
7/8/13,6.983333333
7/7/13,6.733333333
7/6/13,6.833333333
7/5/13,7.35
7/4/13,7.183333333
7/3/13,7.566666667
7/2/13,8.65
7/1/13,7.8
6/30/13,8.933333333
6/29/13,8.616666667
6/28/13,7.616666667
6/27/13,8.616666667
6/26/13,7.25
6/25/13,7.916666667
6/24/13,10.08333333
6/23/13,8.716666667
6/22/13,7.95
6/21/13,9.433333333
6/20/13,10.66666667
6/19/13,12.1
6/18/13,8.9
6/17/13,7.8
6/16/13,6.516666667
6/15/13,7.4
6/14/13,7.766666667
6/13/13,5.883333333
6/12/13,6.433333333
6/11/13,7.266666667
6/10/13,7.05
6/9/13,7.666666667
6/8/13,6.7
6/7/13,7.716666667
6/6/13,8.233333333
6/5/13,6.066666667
6/4/13,6.45
6/3/13,6.2
6/2/13,6.9
6/1/13,6.566666667
5/31/13,7.05
5/30/13,7.783333333
5/29/13,7.766666667
5/28/13,7.616666667
5/27/13,7.616666667
5/26/13,9.466666667
5/25/13,7.683333333
5/24/13,7.966666667
5/23/13,7.733333333
5/22/13,8.033333333
5/21/13,8.566666667
5/20/13,8.883333333
5/19/13,8.733333333
5/18/13,8.191666667
5/17/13,7.55
5/16/13,7.883333333
5/15/13,7.766666667
5/14/13,8.75
5/13/13,6.616666667
5/12/13,6.816666667
5/11/13,6.833333333
5/10/13,6.683333333
5/9/13,6.783333333
5/8/13,7.933333333
5/7/13,6.7
5/6/13,6.533333333
5/5/13,7.8
5/4/13,7.233333333
5/3/13,8.8
5/2/13,7.866666667
5/1/13,8
4/30/13,7.766666667
4/29/13,6.35
4/28/13,7.95
4/27/13,7.2
4/26/13,6.4
4/25/13,7.483333333
4/24/13,6.616666667
4/23/13,7.366666667
4/22/13,7.316666667
4/21/13,7.016666667
4/20/13,8.066666667
4/19/13,8.766666667
4/18/13,9.25
4/17/13,6.95
4/16/13,6.85
4/15/13,7.083333333
4/14/13,7.95
4/13/13,7.416666667
4/12/13,6.8
4/11/13,7.366666667
4/10/13,7.35
4/9/13,7.75
4/8/13,6.466666667
4/7/13,7.383333333
4/6/13,5.783333333
4/5/13,7.583333333
4/4/13,7.683333333
4/3/13,6.783333333
4/2/13,7.383333333
4/1/13,5.766666667
3/31/13,7.716666667
3/30/13,7.316666667
3/29/13,6.75
3/28/13,6.5
3/27/13,9.766666667
3/26/13,7.066666667
3/25/13,7.083333333
3/24/13,5.2
3/23/13,6.15
3/22/13,5.85
3/21/13,5.35
3/20/13,6.75
3/19/13,6.3
3/18/13,6.55
3/17/13,5.9
3/16/13,7.35
3/15/13,8.45
3/14/13,7.933333333
3/13/13,8.716666667
3/12/13,12.46666667
3/11/13,6.9
3/10/13,7.116666667
3/9/13,10.16666667
3/8/13,10.58333333
3/7/13,9.333333333
3/6/13,8.666666667
3/5/13,8.616666667
3/4/13,7.016666667
3/3/13,7.866666667
3/2/13,9.4
3/1/13,9.183333333
2/28/13,8.25
2/27/13,6.233333333
2/26/13,9
2/25/13,6.183333333
2/24/13,8.416666667
2/23/13,8.016666667
2/22/13,10.28333333
2/21/13,7.4
2/20/13,8.533333333
2/19/13,7.8
2/18/13,9.266666667
2/17/13,7.55
2/16/13,7.7
2/15/13,7.966666667
2/14/13,7.65
2/13/13,9.566666667
2/12/13,11.4
2/11/13,8.966666667
2/10/13,8.683333333
2/9/13,11.48333333
2/8/13,11.55
2/7/13,9.766666667
2/6/13,9.5
2/5/13,9.266666667
2/4/13,8.816666667
2/3/13,9.1
2/2/13,8.633333333
2/1/13,9.766666667
1/31/13,6.516666667
1/30/13,9.266666667
1/29/13,9.5
1/28/13,8.75
1/27/13,8.433333333
1/26/13,9.466666667
1/25/13,11.55
1/24/13,10.03333333
1/23/13,10.08333333
1/22/13,11.48333333
1/21/13,9.433333333
1/20/13,8.983333333
1/19/13,9.616666667
1/18/13,13.2
1/17/13,11.16666667
1/16/13,11.50833333
1/15/13,12.55
1/14/13,11.31666667
1/13/13,12.26666667
1/12/13,11.28333333
1/11/13,11.95
1/10/13,8.966666667
1/9/13,11.41666667
1/8/13,9.666666667
1/7/13,8.466666667
1/6/13,11.08333333
1/5/13,8.7
1/4/13,10.68333333
1/3/13,9.333333333
1/2/13,9.3
1/1/13,10.08333333
12/31/12,8.283333333
12/30/12,9.183333333
12/29/12,12.9
12/28/12,9.5
12/27/12,10.05
12/26/12,11.46666667
12/25/12,10.71666667
12/24/12,11.43333333
12/23/12,10.28333333
12/22/12,11.5
12/21/12,11.89166667
12/20/12,14.51666667
12/19/12,9.983333333
12/18/12,13.61666667
12/17/12,14.31666667
12/16/12,12.3
12/15/12,13.55
12/14/12,19.38333333
12/13/12,11.41666667
12/12/12,13.01666667
12/11/12,12.53333333
12/10/12,12.85
12/9/12,13.08333333
12/8/12,10.88333333
12/7/12,12.6
12/6/12,11.6
12/5/12,16.58333333
12/4/12,17.1
12/3/12,9.733333333
12/2/12,8.933333333
12/1/12,11.58333333
11/30/12,14.08333333
11/29/12,11.21666667
11/28/12,11.35
11/27/12,9.9
11/26/12,10.41666667
11/25/12,13.21666667
11/24/12,13.35
11/23/12,15.6
11/22/12,11.68333333
11/21/12,11.71666667
11/20/12,11.31666667
11/19/12,14.56666667
11/18/12,9.916666667
11/17/12,14.01666667
11/16/12,12.98333333
11/15/12,14.1
11/14/12,11.86666667
11/13/12,11.71666667
11/12/12,11.19166667
11/11/12,15.83333333
11/10/12,9.883333333
11/9/12,12.8
11/8/12,11.13333333
11/7/12,11.05
11/6/12,13.75
11/5/12,11.78333333
11/4/12,10.75
11/3/12,14.5
11/2/12,16.36666667
11/1/12,13.88333333
10/31/12,16.11666667
10/30/12,11.525
10/29/12,9.75
10/28/12,9.183333333
10/27/12,8.633333333
10/26/12,9.508333333
10/25/12,13.2
10/24/12,11.68333333
10/23/12,15.71666667
10/22/12,10.66666667
10/21/12,10.58333333
10/20/12,11.38333333
10/19/12,11.35
10/18/12,10.95
10/17/12,16.06666667
10/16/12,10.78333333
10/15/12,10.6
10/14/12,13.18333333
10/13/12,11.46666667
10/12/12,10.3
10/11/12,13.65
10/10/12,11.93333333
10/9/12,14.26666667
10/8/12,11.61666667
10/7/12,11.375
10/6/12,12.48333333
10/5/12,12.88333333
10/4/12,13.89166667
10/3/12,13.85
10/2/12,12.31666667
10/1/12,10.74166667
9/30/12,13.95
9/29/12,12.96666667
9/28/12,11.21666667
9/27/12,13.48333333
9/26/12,12.93333333
9/25/12,8.9
9/24/12,13.05833333
9/23/12,13.81666667
9/22/12,11.76666667
9/21/12,10.51666667
9/20/12,14.7
9/19/12,11.85
9/18/12,11.28333333
9/17/12,10.78333333
9/16/12,11.88333333
9/15/12,13.05
9/14/12,10.36666667
9/13/12,11.51666667
9/12/12,14.4
9/11/12,11.13333333
9/10/12,16.55
9/9/12,11.2
9/8/12,13.4
9/7/12,10.03333333
9/6/12,8.466666667
9/5/12,10.95
9/4/12,15.61666667
9/3/12,9.016666667
9/2/12,8.6
9/1/12,11.35
8/31/12,12.2
8/30/12,11.06666667
8/29/12,10
8/28/12,14.43333333
8/27/12,11.18333333
8/26/12,11.25
8/25/12,16.9
8/24/12,11.46666667
8/23/12,9.633333333
8/22/12,13.7
8/21/12,10.18333333
8/20/12,10.21666667
8/19/12,13.23333333
8/18/12,15.61666667
8/17/12,13.26666667
8/16/12,16.16666667
8/15/12,16.06666667
8/14/12,12.7
8/13/12,14.6
8/12/12,12.46666667
8/11/12,13.16666667
8/10/12,8.85
8/9/12,11.93333333
8/8/12,9.7
8/7/12,12.63333333
8/6/12,19.775
8/5/12,13.11666667
8/4/12,13.91666667
8/3/12,10.21666667
8/2/12,12.85
8/1/12,16.28333333
7/31/12,21.79166667
7/30/12,12.46666667
7/29/12,14.9
7/28/12,11.6
7/27/12,10.98333333
7/26/12,13.06666667
7/25/12,11.45
7/24/12,13.28333333
7/23/12,10.68333333
7/22/12,11.88333333
7/21/12,15.25
7/20/12,16.68333333
7/19/12,12.68333333
7/18/12,14.7
7/17/12,13.3
7/16/12,12.88333333
7/15/12,15.19166667
7/14/12,17.26666667
7/13/12,12.11666667
7/12/12,15.7
7/11/12,13.65
7/10/12,18.16666667
7/9/12,11.61666667
7/8/12,11.15
7/7/12,12.2
7/6/12,11.65
7/5/12,13.56666667
7/4/12,13.33333333
7/3/12,13.18333333
7/2/12,10.51666667
7/1/12,16.99166667
6/30/12,14.08333333
6/29/12,13.61666667
6/28/12,14.16666667
6/27/12,11.51666667
6/26/12,17.48333333
6/25/12,13.88333333
6/24/12,13.71666667
6/23/12,10.63333333
6/22/12,15.36666667
6/21/12,14.36666667
6/20/12,21.29166667
6/19/12,12.93333333
6/18/12,14.68333333
6/17/12,12.55
6/16/12,23.78333333
6/15/12,20.18333333
6/14/12,47.73333333
6/13/12,28.95
6/12/12,12.3
6/11/12,11.46666667
6/10/12,10.81666667
6/9/12,10.26666667
6/8/12,14.81666667
6/7/12,17.575
6/6/12,8.466666667
6/5/12,16.35
6/4/12,14.775
6/3/12,11.21666667
6/2/12,10.93333333
6/1/12,9.816666667
5/31/12,10.71666667
5/30/12,15.36666667
5/29/12,12.41666667
5/28/12,11.25
5/27/12,9.45
5/26/12,12.96666667
5/25/12,14.68333333
5/24/12,14.8
5/23/12,16.5
5/22/12,15.3
5/21/12,11.31666667
5/20/12,11.81666667
5/19/12,11.28333333
5/18/12,10.03333333
5/17/12,12.03333333
5/16/12,14.35
5/15/12,12.21666667
5/14/12,12.61666667
5/13/12,9.833333333
5/12/12,9.033333333
5/11/12,15.18333333
5/10/12,9.958333333
5/9/12,9.5
5/8/12,7.566666667
5/7/12,9.55
5/6/12,9.816666667
5/5/12,9.583333333
5/4/12,9.083333333
5/3/12,8.916666667
5/2/12,12.15
5/1/12,11.63333333
4/30/12,8.9
4/29/12,8.35
4/28/12,9.316666667
4/27/12,10.4
4/26/12,18.1
4/25/12,9.883333333
4/24/12,10.45
4/23/12,9.216666667
4/22/12,8.55
4/21/12,10.7
4/20/12,8.25
4/19/12,8.566666667
4/18/12,10.60833333
4/17/12,9.216666667
4/16/12,10.05
4/15/12,11.325
4/14/12,9.633333333
4/13/12,11.53333333
4/12/12,10.23333333
4/11/12,8.5
4/10/12,9.166666667
4/9/12,8.666666667
4/8/12,8.708333333
4/7/12,9.75
4/6/12,11.11666667
4/5/12,10.275
4/4/12,10.15
4/3/12,10.03333333
4/2/12,11.46666667
4/1/12,8.741666667
3/31/12,8.066666667
3/30/12,8.3
3/29/12,9.25
3/28/12,9.55
3/27/12,8.966666667
3/26/12,8.666666667
3/25/12,8.541666667
3/24/12,7.908333333
3/23/12,10.63333333
3/22/12,9.075
3/21/12,8.45
3/20/12,9.158333333
3/19/12,9.566666667
3/18/12,8.383333333
3/17/12,9.266666667
3/16/12,9
3/15/12,10.93333333
3/14/12,10.55
3/13/12,9.866666667
3/12/12,7.883333333
3/11/12,12.16666667
3/10/12,10.54166667
3/9/12,9.2
3/8/12,8.966666667
3/7/12,11.36666667
3/6/12,8.9
3/5/12,9.166666667
3/4/12,8.183333333
3/3/12,9.858333333
3/2/12,11.95
3/1/12,7.883333333
2/29/12,7.283333333
2/28/12,9.683333333
2/27/12,9.266666667
2/26/12,11.11666667
2/25/12,8.983333333
2/24/12,9.816666667
2/23/12,12.4
2/22/12,12.05
2/21/12,16.15
2/20/12,12.18333333
2/19/12,12.38333333
2/18/12,12.08333333
2/17/12,13.31666667
2/16/12,12.73333333
2/15/12,12.15
2/14/12,9.616666667
2/13/12,10.83333333
2/12/12,10.95
2/11/12,12.6
2/10/12,10.56666667
2/9/12,13.21666667
2/8/12,15.68333333
2/7/12,13.86666667
2/6/12,12.73333333
2/5/12,16.48333333
2/4/12,11.63333333
2/3/12,12.65
2/2/12,12.43333333
2/1/12,17.03333333
1/31/12,11.08333333
1/30/12,12
1/29/12,13.76666667
1/28/12,10.88333333
1/27/12,13.28333333
1/26/12,15.23333333
1/25/12,11.68333333
1/24/12,12.85
1/23/12,12.9
1/22/12,15.4
1/21/12,11.05
1/20/12,12.86666667
1/19/12,13.51666667
1/18/12,12.78333333
1/17/12,12.93333333
1/16/12,13.05
1/15/12,13.11666667
1/14/12,12.23333333
1/13/12,14.43333333
1/12/12,13.33333333
1/11/12,13.01666667
1/10/12,13.71666667
1/9/12,12.65
1/8/12,14.01666667
1/7/12,12.31666667
1/6/12,10.13333333
1/5/12,14.11666667
1/4/12,13.61666667
1/3/12,13.61666667
1/2/12,15.56666667
1/1/12,15.05
12/31/11,12.13333333
12/30/11,13.9
12/29/11,14.96666667
12/28/11,13.9
12/27/11,13.83333333
12/26/11,12.53333333
12/25/11,13.03333333
12/24/11,15.36666667
12/23/11,13.23333333
12/22/11,14.6
12/21/11,12.925
12/20/11,14.9
12/19/11,16.03333333
12/18/11,9.233333333
12/17/11,13.18333333
12/16/11,12.01666667
12/15/11,15.93333333
12/14/11,17.05
12/13/11,15.61666667
12/12/11,10.63333333
12/11/11,13.25
12/10/11,14.03333333
12/9/11,10.26666667
12/8/11,14.01666667
12/7/11,14
12/6/11,15.18333333
12/5/11,13.36666667
12/4/11,16.01666667
12/3/11,12.78333333
12/2/11,11.06666667
12/1/11,0
11/30/11,0
11/29/11,0
11/28/11,0
11/27/11,0
11/26/11,0
11/25/11,0
11/24/11,0
11/23/11,0
11/22/11,0
11/21/11,0
11/20/11,0
11/19/11,0
11/18/11,0
11/17/11,0
11/16/11,0
11/15/11,0
11/14/11,0
11/13/11,0
11/12/11,0
11/11/11,0
11/10/11,0
11/9/11,0
11/8/11,0
11/7/11,0
11/6/11,0
11/5/11,0
11/4/11,0
11/3/11,0
11/2/11,0
11/1/11,0
10/31/11,0
10/30/11,0
10/29/11,0
10/28/11,0
10/27/11,0
10/26/11,0
10/25/11,0
10/24/11,0
10/23/11,0
10/22/11,0
10/21/11,0
10/20/11,0
10/19/11,0
10/18/11,0
10/17/11,0
10/16/11,0
10/15/11,0
10/14/11,0
10/13/11,0
10/12/11,0
10/11/11,0
10/10/11,0
10/9/11,0
10/8/11,0
10/7/11,0
10/6/11,0
10/5/11,0
10/4/11,0
10/3/11,0
10/2/11,0
10/1/11,0
9/30/11,0
9/29/11,0
9/28/11,0
9/27/11,0
9/26/11,0
9/25/11,0
9/24/11,0
9/23/11,0
9/22/11,0
9/21/11,0
9/20/11,0
9/19/11,0
9/18/11,0
9/17/11,0
9/16/11,0
9/15/11,0
9/14/11,0
9/13/11,0
9/12/11,0
9/11/11,0
9/10/11,0
9/9/11,0
9/8/11,0
9/7/11,0
9/6/11,0
9/5/11,0
9/4/11,0
9/3/11,0
9/2/11,0
9/1/11,0
8/31/11,0
8/30/11,0
8/29/11,0
8/28/11,0
8/27/11,0
8/26/11,0
8/25/11,0
8/24/11,0
8/23/11,0
8/22/11,0
8/21/11,0
8/20/11,0
8/19/11,0
8/18/11,0
8/17/11,0
8/16/11,0
8/15/11,0
8/14/11,0
8/13/11,0
8/12/11,0
8/11/11,0
8/10/11,0
8/9/11,0
8/8/11,0
8/7/11,0
8/6/11,0
8/5/11,0
8/4/11,0
8/3/11,0
8/2/11,0
8/1/11,0
7/31/11,0
7/30/11,0
7/29/11,0
7/28/11,0
7/27/11,0
7/26/11,0
7/25/11,0
7/24/11,0
7/23/11,0
7/22/11,0
7/21/11,0
7/20/11,0
7/19/11,0
7/18/11,0
7/17/11,0
7/16/11,0
7/15/11,0
7/14/11,0
7/13/11,0
7/12/11,0
7/11/11,0
7/10/11,0
7/9/11,0
7/8/11,0
7/7/11,0
7/6/11,0
7/5/11,0
7/4/11,0
7/3/11,0
7/2/11,0
7/1/11,0
6/30/11,0
6/29/11,0
6/28/11,0
6/27/11,0
6/26/11,0
6/25/11,0
6/24/11,0
6/23/11,0
6/22/11,0
6/21/11,0
6/20/11,0
6/19/11,0
6/18/11,0
6/17/11,0
6/16/11,0
6/15/11,0
6/14/11,0
6/13/11,0
6/12/11,0
6/11/11,0
6/10/11,0
6/9/11,0
6/8/11,0
6/7/11,0
6/6/11,0
6/5/11,0
6/4/11,0
6/3/11,0
6/2/11,0
6/1/11,0
5/31/11,0
5/30/11,0
5/29/11,0
5/28/11,0
5/27/11,0
5/26/11,0
5/25/11,0
5/24/11,0
5/23/11,0
5/22/11,0
5/21/11,0
5/20/11,0
5/19/11,0
5/18/11,0
5/17/11,0
5/16/11,0
5/15/11,0
5/14/11,0
5/13/11,0
5/12/11,0
5/11/11,0
5/10/11,0
5/9/11,0
5/8/11,0
5/7/11,0
5/6/11,0
5/5/11,0
5/4/11,0
5/3/11,0
5/2/11,0
5/1/11,0
4/30/11,0
4/29/11,0
4/28/11,0
4/27/11,0
4/26/11,0
4/25/11,0
4/24/11,0
4/23/11,0
4/22/11,0
4/21/11,0
4/20/11,0
4/19/11,0
4/18/11,0
4/17/11,0
4/16/11,0
4/15/11,0
4/14/11,0
4/13/11,0
4/12/11,0
4/11/11,0
4/10/11,0
4/9/11,0
4/8/11,0
4/7/11,0
4/6/11,0
4/5/11,0
4/4/11,0
4/3/11,0
4/2/11,0
4/1/11,0
3/31/11,0
3/30/11,0
3/29/11,0
3/28/11,0
3/27/11,0
3/26/11,0
3/25/11,0
3/24/11,0
3/23/11,0
3/22/11,0
3/21/11,0
3/20/11,0
3/19/11,0
3/18/11,0
3/17/11,0
3/16/11,0
3/15/11,0
3/14/11,0
3/13/11,0
3/12/11,0
3/11/11,0
3/10/11,0
3/9/11,0
3/8/11,0
3/7/11,0
3/6/11,0
3/5/11,0
3/4/11,0
3/3/11,0
3/2/11,0
3/1/11,0
2/28/11,0
2/27/11,0
2/26/11,0
2/25/11,0
2/24/11,0
2/23/11,0
2/22/11,0
2/21/11,0
2/20/11,0
2/19/11,0
2/18/11,0
2/17/11,0
2/16/11,0
2/15/11,0
2/14/11,0
2/13/11,0
2/12/11,0
2/11/11,0
2/10/11,0
2/9/11,0
2/8/11,0
2/7/11,0
2/6/11,0
2/5/11,0
2/4/11,0
2/3/11,0
2/2/11,0
2/1/11,0
1/31/11,0
1/30/11,0
1/29/11,0
1/28/11,0
1/27/11,0
1/26/11,0
1/25/11,0
1/24/11,0
1/23/11,0
1/22/11,0
1/21/11,0
1/20/11,0
1/19/11,0
1/18/11,0
1/17/11,0
1/16/11,0
1/15/11,0
1/14/11,0
1/13/11,0
1/12/11,0
1/11/11,0
1/10/11,0
1/9/11,0
1/8/11,0
1/7/11,0
1/6/11,0
1/5/11,0
1/4/11,0
1/3/11,0
1/2/11,0
1/1/11,0
12/31/10,0
12/30/10,0
12/29/10,0
12/28/10,0
12/27/10,0
12/26/10,0
12/25/10,0
12/24/10,0
12/23/10,0
12/22/10,0
12/21/10,0
12/20/10,0
12/19/10,0
12/18/10,0
12/17/10,0
12/16/10,0
12/15/10,0
12/14/10,0
12/13/10,0
12/12/10,0
12/11/10,0
12/10/10,0
12/9/10,0
12/8/10,0
12/7/10,0
12/6/10,0
12/5/10,0
12/4/10,0
12/3/10,0
12/2/10,0
12/1/10,0
11/30/10,0
11/29/10,0
11/28/10,0
11/27/10,0
11/26/10,0
11/25/10,0
11/24/10,0
11/23/10,0
11/22/10,0
11/21/10,0
11/20/10,0
11/19/10,0
11/18/10,0
11/17/10,0
11/16/10,0
11/15/10,0
11/14/10,0
11/13/10,0
11/12/10,0
11/11/10,0
11/10/10,0
11/9/10,0
11/8/10,0
11/7/10,0
11/6/10,0
11/5/10,0
11/4/10,0
11/3/10,0
11/2/10,0
11/1/10,0
10/31/10,0
10/30/10,0
10/29/10,0
10/28/10,0
10/27/10,0
10/26/10,0
10/25/10,0
10/24/10,0
10/23/10,0
10/22/10,0
10/21/10,0
10/20/10,0
10/19/10,0
10/18/10,0
10/17/10,0
10/16/10,0
10/15/10,0
10/14/10,0
10/13/10,0
10/12/10,0
10/11/10,0
10/10/10,0
10/9/10,0
10/8/10,0
10/7/10,0
10/6/10,0
10/5/10,0
10/4/10,0
10/3/10,0
10/2/10,0
10/1/10,0
9/30/10,0
9/29/10,0
9/28/10,0
9/27/10,0
9/26/10,0
9/25/10,0
9/24/10,0
9/23/10,0
9/22/10,0
9/21/10,0
9/20/10,0
9/19/10,0
9/18/10,0
9/17/10,0
9/16/10,0
9/15/10,0
9/14/10,0
9/13/10,0
9/12/10,0
9/11/10,0
9/10/10,0
9/9/10,0
9/8/10,0
9/7/10,0
9/6/10,0
9/5/10,0
9/4/10,0
9/3/10,0
9/2/10,0
9/1/10,0
8/31/10,0
8/30/10,0
8/29/10,0
8/28/10,0
8/27/10,0
8/26/10,0
8/25/10,0
8/24/10,0
8/23/10,0
8/22/10,0
8/21/10,0
8/20/10,0
8/19/10,0
8/18/10,0
8/17/10,0
8/16/10,0
8/15/10,0
8/14/10,0
8/13/10,0
8/12/10,0
8/11/10,0
8/10/10,0
8/9/10,0
8/8/10,0
8/7/10,0
8/6/10,0
8/5/10,0
8/4/10,0
8/3/10,0
8/2/10,0
8/1/10,0
7/31/10,0
7/30/10,0
7/29/10,0
7/28/10,0
7/27/10,0
7/26/10,0
7/25/10,0
7/24/10,0
7/23/10,0
7/22/10,0
7/21/10,0
7/20/10,0
7/19/10,0
7/18/10,0
7/17/10,0
7/16/10,0
7/15/10,0
7/14/10,0
7/13/10,0
7/12/10,0
7/11/10,0
7/10/10,0
7/9/10,0
7/8/10,0
7/7/10,0
7/6/10,0
7/5/10,0
7/4/10,0
7/3/10,0
7/2/10,0
7/1/10,0
6/30/10,0
6/29/10,0
6/28/10,0
6/27/10,0
6/26/10,0
6/25/10,0
6/24/10,0
6/23/10,0
6/22/10,0
6/21/10,0
6/20/10,0
6/19/10,0
6/18/10,0
6/17/10,0
6/16/10,0
6/15/10,0
6/14/10,0
6/13/10,0
6/12/10,0
6/11/10,0
6/10/10,0
6/9/10,0
6/8/10,0
6/7/10,0
6/6/10,0
6/5/10,0
6/4/10,0
6/3/10,0
6/2/10,0
6/1/10,0
5/31/10,0
5/30/10,0
5/29/10,0
5/28/10,0
5/27/10,0
5/26/10,0
5/25/10,0
5/24/10,0
5/23/10,0
5/22/10,0
5/21/10,0
5/20/10,0
5/19/10,0
5/18/10,0
5/17/10,0
5/16/10,0
5/15/10,0
5/14/10,0
5/13/10,0
5/12/10,0
5/11/10,0
5/10/10,0
5/9/10,0
5/8/10,0
5/7/10,0
5/6/10,0
5/5/10,0
5/4/10,0
5/3/10,0
5/2/10,0
5/1/10,0
4/30/10,0
4/29/10,0
4/28/10,0
4/27/10,0
4/26/10,0
4/25/10,0
4/24/10,0
4/23/10,0
4/22/10,0
4/21/10,0
4/20/10,0
4/19/10,0
4/18/10,0
4/17/10,0
4/16/10,0
4/15/10,0
4/14/10,0
4/13/10,0
4/12/10,0
4/11/10,0
4/10/10,0
4/9/10,0
4/8/10,0
4/7/10,0
4/6/10,0
4/5/10,0
4/4/10,0
4/3/10,0
4/2/10,0
4/1/10,0
3/31/10,0
3/30/10,0
3/29/10,0
3/28/10,0
3/27/10,0
3/26/10,0
3/25/10,0
3/24/10,0
3/23/10,0
3/22/10,0
3/21/10,0
3/20/10,0
3/19/10,0
3/18/10,0
3/17/10,0
3/16/10,0
3/15/10,0
3/14/10,0
3/13/10,0
3/12/10,0
3/11/10,0
3/10/10,0
3/9/10,0
3/8/10,0
3/7/10,0
3/6/10,0
3/5/10,0
3/4/10,0
3/3/10,0
3/2/10,0
3/1/10,0
2/28/10,0
2/27/10,0
2/26/10,0
2/25/10,0
2/24/10,0
2/23/10,0
2/22/10,0
2/21/10,0
2/20/10,0
2/19/10,0
2/18/10,0
2/17/10,0
2/16/10,0
2/15/10,0
2/14/10,0
2/13/10,0
2/12/10,0
2/11/10,0
2/10/10,0
2/9/10,0
2/8/10,0
2/7/10,0
2/6/10,0
2/5/10,0
2/4/10,0
2/3/10,0
2/2/10,0
2/1/10,0
1/31/10,0
1/30/10,0
1/29/10,0
1/28/10,0
1/27/10,0
1/26/10,0
1/25/10,0
1/24/10,0
1/23/10,0
1/22/10,0
1/21/10,0
1/20/10,0
1/19/10,0
1/18/10,0
1/17/10,0
1/16/10,0
1/15/10,0
1/14/10,0
1/13/10,0
1/12/10,0
1/11/10,0
1/10/10,0
1/9/10,0
1/8/10,0
1/7/10,0
1/6/10,0
1/5/10,0
1/4/10,0
1/3/10,0
1/2/10,0
1/1/10,0
12/31/09,0
12/30/09,0
12/29/09,0
12/28/09,0
12/27/09,0
12/26/09,0
12/25/09,0
12/24/09,0
12/23/09,0
12/22/09,0
12/21/09,0
12/20/09,0
12/19/09,0
12/18/09,0
12/17/09,0
12/16/09,0
12/15/09,0
12/14/09,0
12/13/09,0
12/12/09,0
12/11/09,0
12/10/09,0
12/9/09,0
12/8/09,0
12/7/09,0
12/6/09,0
12/5/09,0
12/4/09,0
12/3/09,0
12/2/09,0
12/1/09,0
11/30/09,0
11/29/09,0
11/28/09,0
11/27/09,0
11/26/09,0
11/25/09,0
11/24/09,0
11/23/09,0
11/22/09,0
11/21/09,0
11/20/09,0
11/19/09,0
11/18/09,0
11/17/09,0
11/16/09,0
11/15/09,0
11/14/09,0
11/13/09,0
11/12/09,0
11/11/09,0
11/10/09,0
11/9/09,0
11/8/09,0
11/7/09,0
11/6/09,0
11/5/09,0
11/4/09,0
11/3/09,0
11/2/09,0
11/1/09,0
10/31/09,0
10/30/09,0
10/29/09,0
10/28/09,0
10/27/09,0
10/26/09,0
10/25/09,0
10/24/09,0
10/23/09,0
10/22/09,0
10/21/09,0
10/20/09,0
10/19/09,0
10/18/09,0
10/17/09,0
10/16/09,0
10/15/09,0
10/14/09,0
10/13/09,0
10/12/09,0
10/11/09,0
10/10/09,0
10/9/09,0
10/8/09,0
10/7/09,0
10/6/09,0
10/5/09,0
10/4/09,0
10/3/09,0
10/2/09,0
10/1/09,0
9/30/09,0
9/29/09,0
9/28/09,0
9/27/09,0
9/26/09,0
9/25/09,0
9/24/09,0
9/23/09,0
9/22/09,0
9/21/09,0
9/20/09,0
9/19/09,0
9/18/09,0
9/17/09,0
9/16/09,0
9/15/09,0
9/14/09,0
9/13/09,0
9/12/09,0
9/11/09,0
9/10/09,0
9/9/09,0
9/8/09,0
9/7/09,0
9/6/09,0
9/5/09,0
9/4/09,0
9/3/09,0
9/2/09,0
9/1/09,0
8/31/09,0
8/30/09,0
8/29/09,0
8/28/09,0
8/27/09,0
8/26/09,0
8/25/09,0
8/24/09,0
8/23/09,0
8/22/09,0
8/21/09,0
8/20/09,0
8/19/09,0
8/18/09,0
8/17/09,0
8/16/09,0
8/15/09,0
8/14/09,0
8/13/09,0
8/12/09,0
8/11/09,0
8/10/09,0
8/9/09,0
8/8/09,0
8/7/09,0
8/6/09,0
8/5/09,0
8/4/09,0
8/3/09,0
8/2/09,0
8/1/09,0
7/31/09,0
7/30/09,0
7/29/09,0
7/28/09,0
7/27/09,0
7/26/09,0
7/25/09,0
7/24/09,0
7/23/09,0
7/22/09,0
7/21/09,0
7/20/09,0
7/19/09,0
7/18/09,0
7/17/09,0
7/16/09,0
7/15/09,0
7/14/09,0
7/13/09,0
7/12/09,0
7/11/09,0
7/10/09,0
7/9/09,0
7/8/09,0
7/7/09,0
7/6/09,0
7/5/09,0
7/4/09,0
7/3/09,0
7/2/09,0
7/1/09,0
6/30/09,0
6/29/09,0
6/28/09,0
6/27/09,0
6/26/09,0
6/25/09,0
6/24/09,0
6/23/09,0
6/22/09,0
6/21/09,0
6/20/09,0
6/19/09,0
6/18/09,0
6/17/09,0
6/16/09,0
6/15/09,0
6/14/09,0
6/13/09,0
6/12/09,0
6/11/09,0
6/10/09,0
6/9/09,0
6/8/09,0
6/7/09,0
6/6/09,0
6/5/09,0
6/4/09,0
6/3/09,0
6/2/09,0
6/1/09,0
5/31/09,0
5/30/09,0
5/29/09,0
5/28/09,0
5/27/09,0
5/26/09,0
5/25/09,0
5/24/09,0
5/23/09,0
5/22/09,0
5/21/09,0
5/20/09,0
5/19/09,0
5/18/09,0
5/17/09,0
5/16/09,0
5/15/09,0
5/14/09,0
5/13/09,0
5/12/09,0
5/11/09,0
5/10/09,0
5/9/09,0
5/8/09,0
5/7/09,0
5/6/09,0
5/5/09,0
5/4/09,0
5/3/09,0
5/2/09,0
5/1/09,0
4/30/09,0
4/29/09,0
4/28/09,0
4/27/09,0
4/26/09,0
4/25/09,0
4/24/09,0
4/23/09,0
4/22/09,0
4/21/09,0
4/20/09,0
4/19/09,0
4/18/09,0
4/17/09,0
4/16/09,0
4/15/09,0
4/14/09,0
4/13/09,0
4/12/09,0
4/11/09,0
4/10/09,0
4/9/09,0
4/8/09,0
4/7/09,0
4/6/09,0
4/5/09,0
4/4/09,0
4/3/09,0
4/2/09,0
4/1/09,0
3/31/09,0
3/30/09,0
3/29/09,0
3/28/09,0
3/27/09,0
3/26/09,0
3/25/09,0
3/24/09,0
3/23/09,0
3/22/09,0
3/21/09,0
3/20/09,0
3/19/09,0
3/18/09,0
3/17/09,0
3/16/09,0
3/15/09,0
3/14/09,0
3/13/09,0
3/12/09,0
3/11/09,0
3/10/09,0
3/9/09,0
3/8/09,0
3/7/09,0
3/6/09,0
3/5/09,0
3/4/09,0
3/3/09,0
3/2/09,0
3/1/09,0
2/28/09,0
2/27/09,0
2/26/09,0
2/25/09,0
2/24/09,0
2/23/09,0
2/22/09,0
2/21/09,0
2/20/09,0
2/19/09,0
2/18/09,0
2/17/09,0
2/16/09,0
2/15/09,0
2/14/09,0
2/13/09,0
2/12/09,0
2/11/09,0
2/10/09,0
2/9/09,0
2/8/09,0
2/7/09,0
2/6/09,0
2/5/09,0
2/4/09,0
2/3/09,0
2/2/09,0
2/1/09,0
1/31/09,0
1/30/09,0
1/29/09,0
1/28/09,0
1/27/09,0
1/26/09,0
1/25/09,0
1/24/09,0
1/23/09,0
1/22/09,0
1/21/09,0
1/20/09,0
1/19/09,0
1/18/09,0
1/17/09,0
1/16/09,0
1/15/09,0
1/14/09,0
1/13/09,0
1/12/09,0
1/11/09,0
1/10/09,0
1/9/09,0
1/8/09,0
1/7/09,0
1/6/09,0
1/5/09,0
1/4/09,0
1/3/09,0