Date,Transactions
11/27/22,222672
11/26/22,229735
11/25/22,258341
11/24/22,254639
11/23/22,273997
11/22/22,253235
11/21/22,270779
11/20/22,229923
11/19/22,260694
11/18/22,282091
11/17/22,248465
11/16/22,268373
11/15/22,283090
11/14/22,242416
11/13/22,227644
11/12/22,239254
11/11/22,284467
11/10/22,292831
11/9/22,292265
11/8/22,295778
11/7/22,264869
11/6/22,223404
11/5/22,257198
11/4/22,281515
11/3/22,297039
11/2/22,257467
11/1/22,276192
10/31/22,284125
10/30/22,222138
10/29/22,252661
10/28/22,283035
10/27/22,267995
10/26/22,306069
10/25/22,248540
10/24/22,264486
10/23/22,217872
10/22/22,233097
10/21/22,270741
10/20/22,263986
10/19/22,263517
10/18/22,257694
10/17/22,260471
10/16/22,212919
10/15/22,241758
10/14/22,284648
10/13/22,281093
10/12/22,261196
10/11/22,266451
10/10/22,258286
10/9/22,211238
10/8/22,235498
10/7/22,270191
10/6/22,278204
10/5/22,267021
10/4/22,278744
10/3/22,273820
10/2/22,213646
10/1/22,241993
9/30/22,286672
9/29/22,267342
9/28/22,264048
9/27/22,271117
9/26/22,259311
9/25/22,212009
9/24/22,228040
9/23/22,281419
9/22/22,245794
9/21/22,260924
9/20/22,269773
9/19/22,253795
9/18/22,212396
9/17/22,247863
9/16/22,261361
9/15/22,277041
9/14/22,270309
9/13/22,260108
9/12/22,268971
9/11/22,220361
9/10/22,241936
9/9/22,290849
9/8/22,262863
9/7/22,265239
9/6/22,268125
9/5/22,250179
9/4/22,204538
9/3/22,242597
9/2/22,270588
9/1/22,268022
8/31/22,260425
8/30/22,262445
8/29/22,252235
8/28/22,202109
8/27/22,225420
8/26/22,262722
8/25/22,260460
8/24/22,256606
8/23/22,256928
8/22/22,250534
8/21/22,205435
8/20/22,222722
8/19/22,279910
8/18/22,291921
8/17/22,256127
8/16/22,273896
8/15/22,241934
8/14/22,205350
8/13/22,233308
8/12/22,273661
8/11/22,287356
8/10/22,264566
8/9/22,256233
8/8/22,256582
8/7/22,196161
8/6/22,237677
8/5/22,268463
8/4/22,279707
8/3/22,282037
8/2/22,266968
8/1/22,249610
7/31/22,209042
7/30/22,232696
7/29/22,281608
7/28/22,287254
7/27/22,255930
7/26/22,264861
7/25/22,253417
7/24/22,199919
7/23/22,223744
7/22/22,263276
7/21/22,273976
7/20/22,260195
7/19/22,279950
7/18/22,247895
7/17/22,202157
7/16/22,226638
7/15/22,269269
7/14/22,286894
7/13/22,222657
7/12/22,275378
7/11/22,229482
7/10/22,199369
7/9/22,220708
7/8/22,268331
7/7/22,281435
7/6/22,267118
7/5/22,245829
7/4/22,240385
7/3/22,206333
7/2/22,235096
7/1/22,271874
6/30/22,271213
6/29/22,265079
6/28/22,248080
6/27/22,258883
6/26/22,206755
6/25/22,218017
6/24/22,254348
6/23/22,255213
6/22/22,255472
6/21/22,254438
6/20/22,236636
6/19/22,199777
6/18/22,247890
6/17/22,251574
6/16/22,251253
6/15/22,296312
6/14/22,283231
6/13/22,272503
6/12/22,215473
6/11/22,230002
6/10/22,261856
6/9/22,262105
6/8/22,261597
6/7/22,263641
6/6/22,268921
6/5/22,201341
6/4/22,218629
6/3/22,267517
6/2/22,264901
6/1/22,272165
5/31/22,276273
5/30/22,271819
5/29/22,207859
5/28/22,226794
5/27/22,270453
5/26/22,262367
5/25/22,288842
5/24/22,235866
5/23/22,265106
5/22/22,209047
5/21/22,225225
5/20/22,267034
5/19/22,262479
5/18/22,262907
5/17/22,278496
5/16/22,272134
5/15/22,235433
5/14/22,290225
5/13/22,269880
5/12/22,274204
5/11/22,262683
5/10/22,279658
5/9/22,279511
5/8/22,233892
5/7/22,231623
5/6/22,286887
5/5/22,315759
5/4/22,233045
5/3/22,277895
5/2/22,272206
5/1/22,232322
4/30/22,261630
4/29/22,286563
4/28/22,275765
4/27/22,287105
4/26/22,273297
4/25/22,277417
4/24/22,221992
4/23/22,234978
4/22/22,260930
4/21/22,282438
4/20/22,285655
4/19/22,273168
4/18/22,246421
4/17/22,207324
4/16/22,225486
4/15/22,254831
4/14/22,265537
4/13/22,276968
4/12/22,278839
4/11/22,276623
4/10/22,216446
4/9/22,232792
4/8/22,266805
4/7/22,269404
4/6/22,273640
4/5/22,273430
4/4/22,275106
4/3/22,225564
4/2/22,254442
4/1/22,284105
3/31/22,279210
3/30/22,272864
3/29/22,286940
3/28/22,293304
3/27/22,218202
3/26/22,231031
3/25/22,290719
3/24/22,262987
3/23/22,264182
3/22/22,264569
3/21/22,259912
3/20/22,210547
3/19/22,242424
3/18/22,261318
3/17/22,278800
3/16/22,276390
3/15/22,263178
3/14/22,259592
3/13/22,208092
3/12/22,225148
3/11/22,252383
3/10/22,261553
3/9/22,272805
3/8/22,255771
3/7/22,255441
3/6/22,207116
3/5/22,225321
3/4/22,262101
3/3/22,268244
3/2/22,288657
3/1/22,280634
2/28/22,270918
2/27/22,211164
2/26/22,220423
2/25/22,260340
2/24/22,254139
2/23/22,251275
2/22/22,260265
2/21/22,237402
2/20/22,200535
2/19/22,220673
2/18/22,261055
2/17/22,255573
2/16/22,266788
2/15/22,273623
2/14/22,247592
2/13/22,208977
2/12/22,228189
2/11/22,258595
2/10/22,260813
2/9/22,265804
2/8/22,276850
2/7/22,262034
2/6/22,219196
2/5/22,258646
2/4/22,247946
2/3/22,265344
2/2/22,278985
2/1/22,272984
1/31/22,263410
1/30/22,207173
1/29/22,231038
1/28/22,264609
1/27/22,255925
1/26/22,261070
1/25/22,265128
1/24/22,270712
1/23/22,203986
1/22/22,250294
1/21/22,272348
1/20/22,271265
1/19/22,270334
1/18/22,265057
1/17/22,258141
1/16/22,216151
1/15/22,234373
1/14/22,270882
1/13/22,274515
1/12/22,271933
1/11/22,277698
1/10/22,266743
1/9/22,210143
1/8/22,223920
1/7/22,255381
1/6/22,264899
1/5/22,272155
1/4/22,274544
1/3/22,234793
1/2/22,196865
1/1/22,186834
12/31/21,269540
12/30/21,245021
12/29/21,276083
12/28/21,265422
12/27/21,249548
12/26/21,198574
12/25/21,207803
12/24/21,260565
12/23/21,291799
12/22/21,288495
12/21/21,304713
12/20/21,266947
12/19/21,206719
12/18/21,239170
12/17/21,263495
12/16/21,256206
12/15/21,281103
12/14/21,278275
12/13/21,278211
12/12/21,214808
12/11/21,225733
12/10/21,271375
12/9/21,282775
12/8/21,266110
12/7/21,288343
12/6/21,284467
12/5/21,215213
12/4/21,253674
12/3/21,290139
12/2/21,313261
12/1/21,288422
11/30/21,293876
11/29/21,301297
11/28/21,213768
11/27/21,240759
11/26/21,292645
11/25/21,287496
11/24/21,298909
11/23/21,283401
11/22/21,279165
11/21/21,222949
11/20/21,249652
11/19/21,284719
11/18/21,293867
11/17/21,290390
11/16/21,301103
11/15/21,288435
11/14/21,224016
11/13/21,238634
11/12/21,282049
11/11/21,293665
11/10/21,301025
11/9/21,335411
11/8/21,285806
11/7/21,226128
11/6/21,236233
11/5/21,285946
11/4/21,289141
11/3/21,288746
11/2/21,297402
11/1/21,293282
10/31/21,217435
10/30/21,252061
10/29/21,305733
10/28/21,295558
10/27/21,292114
10/26/21,294029
10/25/21,284680
10/24/21,211220
10/23/21,223941
10/22/21,287550
10/21/21,320743
10/20/21,291813
10/19/21,312018
10/18/21,285368
10/17/21,215883
10/16/21,270052
10/15/21,297746
10/14/21,282383
10/13/21,288916
10/12/21,274155
10/11/21,280184
10/10/21,211506
10/9/21,246189
10/8/21,280028
10/7/21,325875
10/6/21,267749
10/5/21,312538
10/4/21,268955
10/3/21,218112
10/2/21,259961
10/1/21,277042
9/30/21,293074
9/29/21,241991
9/28/21,262292
9/27/21,255873
9/26/21,195560
9/25/21,212575
9/24/21,277565
9/23/21,268689
9/22/21,275235
9/21/21,244568
9/20/21,270233
9/19/21,200516
9/18/21,227661
9/17/21,271040
9/16/21,271223
9/15/21,268957
9/14/21,268127
9/13/21,255970
9/12/21,192691
9/11/21,218445
9/10/21,261371
9/9/21,274384
9/8/21,270483
9/7/21,276624
9/6/21,268877
9/5/21,205066
9/4/21,227732
9/3/21,283991
9/2/21,289900
9/1/21,280865
8/31/21,271163
8/30/21,250955
8/29/21,191650
8/28/21,218268
8/27/21,256813
8/26/21,258590
8/25/21,263009
8/24/21,263984
8/23/21,270736
8/22/21,190631
8/21/21,219407
8/20/21,271837
8/19/21,253447
8/18/21,247333
8/17/21,257766
8/16/21,263529
8/15/21,186239
8/14/21,209074
8/13/21,260624
8/12/21,250961
8/11/21,262437
8/10/21,260968
8/9/21,252660
8/8/21,191623
8/7/21,212229
8/6/21,260810
8/5/21,246175
8/4/21,239596
8/3/21,246198
8/2/21,239277
8/1/21,185157
7/31/21,207348
7/30/21,255417
7/29/21,262612
7/28/21,251223
7/27/21,255221
7/26/21,261950
7/25/21,174535
7/24/21,198091
7/23/21,231130
7/22/21,230282
7/21/21,235680
7/20/21,230509
7/19/21,226803
7/18/21,161122
7/17/21,182047
7/16/21,223466
7/15/21,226234
7/14/21,236217
7/13/21,229916
7/12/21,220269
7/11/21,166144
7/10/21,187263
7/9/21,227511
7/8/21,230719
7/7/21,221227
7/6/21,228279
7/5/21,223760
7/4/21,171850
7/3/21,237463
7/2/21,188568
7/1/21,230253
6/30/21,218734
6/29/21,205616
6/28/21,217898
6/27/21,124640
6/26/21,181628
6/25/21,218245
6/24/21,233278
6/23/21,232704
6/22/21,196523
6/21/21,205050
6/20/21,167249
6/19/21,187042
6/18/21,222918
6/17/21,237725
6/16/21,252937
6/15/21,241861
6/14/21,242416
6/13/21,187098
6/12/21,222774
6/11/21,216502
6/10/21,252983
6/9/21,210911
6/8/21,246906
6/7/21,235479
6/6/21,185305
6/5/21,194580
6/4/21,236672
6/3/21,255621
6/2/21,250589
6/1/21,234561
5/31/21,226469
5/30/21,179795
5/29/21,198332
5/28/21,218311
5/27/21,214035
5/26/21,230753
5/25/21,233644
5/24/21,234755
5/23/21,194320
5/22/21,223800
5/21/21,226351
5/20/21,228039
5/19/21,263419
5/18/21,221018
5/17/21,250910
5/16/21,219435
5/15/21,232099
5/14/21,266055
5/13/21,276472
5/12/21,300452
5/11/21,312115
5/10/21,303297
5/9/21,247866
5/8/21,274691
5/7/21,307988
5/6/21,311380
5/5/21,309774
5/4/21,300824
5/3/21,287007
5/2/21,235214
5/1/21,262991
4/30/21,289389
4/29/21,259465
4/28/21,277126
4/27/21,298109
4/26/21,240687
4/25/21,241041
4/24/21,290690
4/23/21,295731
4/22/21,274610
4/21/21,226021
4/20/21,279977
4/19/21,208413
4/18/21,274735
4/17/21,194580
4/16/21,219704
4/15/21,359440
4/14/21,297494
4/13/21,310213
4/12/21,291369
4/11/21,253449
4/10/21,299086
4/9/21,324720
4/8/21,278534
4/7/21,321319
4/6/21,309565
4/5/21,289046
4/4/21,246007
4/3/21,281717
4/2/21,305788
4/1/21,311939
3/31/21,332749
3/30/21,321090
3/29/21,303305
3/28/21,248605
3/27/21,288259
3/26/21,293610
3/25/21,318562
3/24/21,305093
3/23/21,314234
3/22/21,297410
3/21/21,234936
3/20/21,286948
3/19/21,316180
3/18/21,331718
3/17/21,296119
3/16/21,319493
3/15/21,292231
3/14/21,308050
3/13/21,277072
3/12/21,320744
3/11/21,291245
3/10/21,344688
3/9/21,299682
3/8/21,291955
3/7/21,260739
3/6/21,287963
3/5/21,317780
3/4/21,289631
3/3/21,333402
3/2/21,338150
3/1/21,280485
2/28/21,254316
2/27/21,320784
2/26/21,306416
2/25/21,326116
2/24/21,358092
2/23/21,287884
2/22/21,285383
2/21/21,271645
2/20/21,320475
2/19/21,341586
2/18/21,316952
2/17/21,317666
2/16/21,296388
2/15/21,308496
2/14/21,298254
2/13/21,336624
2/12/21,343306
2/11/21,304739
2/10/21,340758
2/9/21,360137
2/8/21,335223
2/7/21,286364
2/6/21,333886
2/5/21,360541
2/4/21,367788
2/3/21,344425
2/2/21,364551
2/1/21,280863
1/31/21,290753
1/30/21,312313
1/29/21,341036
1/28/21,325146
1/27/21,323553
1/26/21,336935
1/25/21,309102
1/24/21,253971
1/23/21,305209
1/22/21,326935
1/21/21,290754
1/20/21,314809
1/19/21,325083
1/18/21,313816
1/17/21,271874
1/16/21,308461
1/15/21,344002
1/14/21,338809
1/13/21,319167
1/12/21,336627
1/11/21,333958
1/10/21,331865
1/9/21,321389
1/8/21,358526
1/7/21,401744
1/6/21,397384
1/5/21,354091
1/4/21,373734
1/3/21,359116
1/2/21,297111
1/1/21,258080
12/31/20,344918
12/30/20,338258
12/29/20,336311
12/28/20,308983
12/27/20,309005
12/26/20,273954
12/25/20,303901
12/24/20,269559
12/23/20,338463
12/22/20,324163
12/21/20,269834
12/20/20,282043
12/19/20,343536
12/18/20,375549
12/17/20,309481
12/16/20,315217
12/15/20,320440
12/14/20,314350
12/13/20,276160
12/12/20,295410
12/11/20,304735
12/10/20,313649
12/9/20,321079
12/8/20,330970
12/7/20,300906
12/6/20,258624
12/5/20,282599
12/4/20,318894
12/3/20,346921
12/2/20,327019
12/1/20,378068
11/30/20,256551
11/29/20,263573
11/28/20,293949
11/27/20,322445
11/26/20,323975
11/25/20,361990
11/24/20,333293
11/23/20,297840
11/22/20,271125
11/21/20,311189
11/20/20,348026
11/19/20,311061
11/18/20,362007
11/17/20,347772
11/16/20,311477
11/15/20,252715
11/14/20,273511
11/13/20,300040
11/12/20,324855
11/11/20,322277
11/10/20,303270
11/9/20,326383
11/8/20,243047
11/7/20,270901
11/6/20,340351
11/5/20,318668
11/4/20,320697
11/3/20,331673
11/2/20,224609
11/1/20,276280
10/31/20,275796
10/30/20,268364
10/29/20,276070
10/28/20,261340
10/27/20,251938
10/26/20,252494
10/25/20,242273
10/24/20,306774
10/23/20,323869
10/22/20,339087
10/21/20,311292
10/20/20,330563
10/19/20,303929
10/18/20,231557
10/17/20,275069
10/16/20,324647
10/15/20,340993
10/14/20,314541
10/13/20,333215
10/12/20,314174
10/11/20,256096
10/10/20,298486
10/9/20,339343
10/8/20,330227
10/7/20,370554
10/6/20,317922
10/5/20,294986
10/4/20,268019
10/3/20,310855
10/2/20,315443
10/1/20,304757
9/30/20,351417
9/29/20,347696
9/28/20,295476
9/27/20,259382
9/26/20,276162
9/25/20,353070
9/24/20,316552
9/23/20,349938
9/22/20,312989
9/21/20,297605
9/20/20,259095
9/19/20,296357
9/18/20,325157
9/17/20,348581
9/16/20,342609
9/15/20,332957
9/14/20,354020
9/13/20,255110
9/12/20,300152
9/11/20,308323
9/10/20,345981
9/9/20,314864
9/8/20,332668
9/7/20,327662
9/6/20,262820
9/5/20,325523
9/4/20,298286
9/3/20,310922
9/2/20,317449
9/1/20,376508
8/31/20,302920
8/30/20,269114
8/29/20,292783
8/28/20,352722
8/27/20,328157
8/26/20,324184
8/25/20,304409
8/24/20,329133
8/23/20,288728
8/22/20,311699
8/21/20,314297
8/20/20,333683
8/19/20,333879
8/18/20,346036
8/17/20,292944
8/16/20,285069
8/15/20,313760
8/14/20,365679
8/13/20,325346
8/12/20,346405
8/11/20,349952
8/10/20,308367
8/9/20,268402
8/8/20,283631
8/7/20,326499
8/6/20,356612
8/5/20,291814
8/4/20,329032
8/3/20,333753
8/2/20,287869
8/1/20,296705
7/31/20,356906
7/30/20,327789
7/29/20,346521
7/28/20,354742
7/27/20,326769
7/26/20,298580
7/25/20,293883
7/24/20,369432
7/23/20,336245
7/22/20,364792
7/21/20,312871
7/20/20,309747
7/19/20,277093
7/18/20,311022
7/17/20,293907
7/16/20,345849
7/15/20,316064
7/14/20,359847
7/13/20,310227
7/12/20,282364
7/11/20,306771
7/10/20,345996
7/9/20,362718
7/8/20,347455
7/7/20,345975
7/6/20,338767
7/5/20,274104
7/4/20,288647
7/3/20,331009
7/2/20,339469
7/1/20,382570
6/30/20,299733
6/29/20,315424
6/28/20,264909
6/27/20,275489
6/26/20,330381
6/25/20,312183
6/24/20,312321
6/23/20,355256
6/22/20,301396
6/21/20,259440
6/20/20,284123
6/19/20,344142
6/18/20,283897
6/17/20,333547
6/16/20,340517
6/15/20,294468
6/14/20,275723
6/13/20,280181
6/12/20,318274
6/11/20,332490
6/10/20,325163
6/9/20,327074
6/8/20,317275
6/7/20,252368
6/6/20,284873
6/5/20,327082
6/4/20,318285
6/3/20,314000
6/2/20,304114
6/1/20,308312
5/31/20,258427
5/30/20,286046
5/29/20,280960
5/28/20,299910
5/27/20,292927
5/26/20,295782
5/25/20,265875
5/24/20,214530
5/23/20,269230
5/22/20,278784
5/21/20,298483
5/20/20,280037
5/19/20,274897
5/18/20,273723
5/17/20,236808
5/16/20,296555
5/15/20,310642
5/14/20,268750
5/13/20,296796
5/12/20,345215
5/11/20,305839
5/10/20,286789
5/9/20,312399
5/8/20,323625
5/7/20,341986
5/6/20,333395
5/5/20,329075
5/4/20,326098
5/3/20,281752
5/2/20,286773
5/1/20,340574
4/30/20,321972
4/29/20,331401
4/28/20,323475
4/27/20,311217
4/26/20,252833
4/25/20,280805
4/24/20,320055
4/23/20,329045
4/22/20,278755
4/21/20,310851
4/20/20,310810
4/19/20,251984
4/18/20,289134
4/17/20,284222
4/16/20,322903
4/15/20,310253
4/14/20,299391
4/13/20,288113
4/12/20,228529
4/11/20,247852
4/10/20,288585
4/9/20,286706
4/8/20,286563
4/7/20,312770
4/6/20,280470
4/5/20,240259
4/4/20,253274
4/3/20,278763
4/2/20,299176
4/1/20,281855
3/31/20,290227
3/30/20,276828
3/29/20,232820
3/28/20,240627
3/27/20,276546
3/26/20,292828
3/25/20,218176
3/24/20,278131
3/23/20,259816
3/22/20,209154
3/21/20,245896
3/20/20,284594
3/19/20,265689
3/18/20,231254
3/17/20,278326
3/16/20,270399
3/15/20,223230
3/14/20,279828
3/13/20,276798
3/12/20,349978
3/11/20,287492
3/10/20,329698
3/9/20,348211
3/8/20,302694
3/7/20,313312
3/6/20,338383
3/5/20,349529
3/4/20,358745
3/3/20,342324
3/2/20,342821
3/1/20,342821
2/29/20,342821
2/28/20,368590
2/27/20,338781
2/26/20,329967
2/25/20,334593
2/24/20,328890
2/23/20,285579
2/22/20,304597
2/21/20,338484
2/20/20,316626
2/19/20,334805
2/18/20,331050
2/17/20,341491
2/16/20,292236
2/15/20,322721
2/14/20,326078
2/13/20,340081
2/12/20,344615
2/11/20,365583
2/10/20,298104
2/9/20,317070
2/8/20,318363
2/7/20,334938
2/6/20,315370
2/5/20,315370
2/4/20,309190
2/3/20,331012
2/2/20,290879
2/1/20,303724
1/31/20,334434
1/30/20,332558
1/29/20,340562
1/28/20,340052
1/27/20,279240
1/26/20,261247
1/25/20,285584
1/24/20,313887
1/23/20,329918
1/22/20,328586
1/21/20,315210
1/20/20,313661
1/19/20,283960
1/18/20,287237
1/17/20,323992
1/16/20,325947
1/15/20,332658
1/14/20,346953
1/13/20,291597
1/12/20,283136
1/11/20,309070
1/10/20,330734
1/9/20,322057
1/8/20,318019
1/7/20,344079
1/6/20,299146
1/5/20,287779
1/4/20,287215
1/3/20,316517
1/2/20,295567
1/1/20,251735
12/31/19,293447
12/30/19,324497
12/29/19,279925
12/28/19,298287
12/27/19,322204
12/26/19,296063
12/25/19,244666
12/24/19,290436
12/23/19,304845
12/22/19,281070
12/21/19,311118
12/20/19,332657
12/19/19,319555
12/18/19,314249
12/17/19,319254
12/16/19,327085
12/15/19,263441
12/14/19,293496
12/13/19,322888
12/12/19,311795
12/11/19,291248
12/10/19,320064
12/9/19,313629
12/8/19,278853
12/7/19,285284
12/6/19,315386
12/5/19,311468
12/4/19,337284
12/3/19,336512
12/2/19,314730
12/1/19,274621
11/30/19,277458
11/29/19,311290
11/28/19,309623
11/27/19,317597
11/26/19,321310
11/25/19,279470
11/24/19,267368
11/23/19,306424
11/22/19,310539
11/21/19,323954
11/20/19,321086
11/19/19,327630
11/18/19,304671
11/17/19,264370
11/16/19,283468
11/15/19,325145
11/14/19,350023
11/13/19,318945
11/12/19,301382
11/11/19,326707
11/10/19,299712
11/9/19,306163
11/8/19,311441
11/7/19,324487
11/6/19,314698
11/5/19,332839
11/4/19,310979
11/3/19,294367
11/2/19,284443
11/1/19,316187
10/31/19,293779
10/30/19,314163
10/29/19,307953
10/28/19,309611
10/27/19,256253
10/26/19,305722
10/25/19,328598
10/24/19,303843
10/23/19,349320
10/22/19,341464
10/21/19,351791
10/20/19,289796
10/19/19,304736
10/18/19,339390
10/17/19,334105
10/16/19,338473
10/15/19,339698
10/14/19,304466
10/13/19,279487
10/12/19,301693
10/11/19,345425
10/10/19,345048
10/9/19,311049
10/8/19,336354
10/7/19,328803
10/6/19,277613
10/5/19,326683
10/4/19,337222
10/3/19,326514
10/2/19,326557
10/1/19,337244
9/30/19,311396
9/29/19,285542
9/28/19,314433
9/27/19,303903
9/26/19,355775
9/25/19,347747
9/24/19,353263
9/23/19,288149
9/22/19,318713
9/21/19,336013
9/20/19,340929
9/19/19,346110
9/18/19,363185
9/17/19,343778
9/16/19,347341
9/15/19,274146
9/14/19,299894
9/13/19,308856
9/12/19,335868
9/11/19,338276
9/10/19,339858
9/9/19,316852
9/8/19,288507
9/7/19,314429
9/6/19,365531
9/5/19,352410
9/4/19,324741
9/3/19,370631
9/2/19,327248
9/1/19,285468
8/31/19,342195
8/30/19,349200
8/29/19,346734
8/28/19,341200
8/27/19,325984
8/26/19,318219
8/25/19,288934
8/24/19,304481
8/23/19,340220
8/22/19,322453
8/21/19,308808
8/20/19,333304
8/19/19,330473
8/18/19,276365
8/17/19,288256
8/16/19,323625
8/15/19,355644
8/14/19,359997
8/13/19,370747
8/12/19,297446
8/11/19,273280
8/10/19,304138
8/9/19,341125
8/8/19,336181
8/7/19,370909
8/6/19,368348
8/5/19,339136
8/4/19,298805
8/3/19,327588
8/2/19,349556
8/1/19,335943
7/31/19,361337
7/30/19,328375
7/29/19,333619
7/28/19,272974
7/27/19,283892
7/26/19,319612
7/25/19,336536
7/24/19,295589
7/23/19,320352
7/22/19,319399
7/21/19,283934
7/20/19,323002
7/19/19,299891
7/18/19,315745
7/17/19,324892
7/16/19,363337
7/15/19,349111
7/14/19,303287
7/13/19,304545
7/12/19,360899
7/11/19,325776
7/10/19,315664
7/9/19,365588
7/8/19,378966
7/7/19,313273
7/6/19,348674
7/5/19,378453
7/4/19,370704
7/3/19,397554
7/2/19,373409
7/1/19,336862
6/30/19,330731
6/29/19,356682
6/28/19,407094
6/27/19,361050
6/26/19,399624
6/25/19,361385
6/24/19,388342
6/23/19,380088
6/22/19,354075
6/21/19,337741
6/20/19,330103
6/19/19,401032
6/18/19,394843
6/17/19,321072
6/16/19,295254
6/15/19,330954
6/14/19,364383
6/13/19,364373
6/12/19,328464
6/11/19,340449
6/10/19,353629
6/9/19,300917
6/8/19,294369
6/7/19,350011
6/6/19,364526
6/5/19,372948
6/4/19,374763
6/3/19,294009
6/2/19,301003
6/1/19,332092
5/31/19,298997
5/30/19,376874
5/29/19,405155
5/28/19,390427
5/27/19,399584
5/26/19,374072
5/25/19,338398
5/24/19,373882
5/23/19,389343
5/22/19,394887
5/21/19,380889
5/20/19,381582
5/19/19,346859
5/18/19,359704
5/17/19,361654
5/16/19,375062
5/15/19,368901
5/14/19,367370
5/13/19,390428
5/12/19,338571
5/11/19,344957
5/10/19,322963
5/9/19,361569
5/8/19,393081
5/7/19,329943
5/6/19,378476
5/5/19,330732
5/4/19,355910
5/3/19,383032
5/2/19,452646
5/1/19,439549
4/30/19,346486
4/29/19,363207
4/28/19,383291
4/27/19,359008
4/26/19,381209
4/25/19,384089
4/24/19,404279
4/23/19,311753
4/22/19,342014
4/21/19,390735
4/20/19,319840
4/19/19,362128
4/18/19,382981
4/17/19,350737
4/16/19,358517
4/15/19,381473
4/14/19,337030
4/13/19,367076
4/12/19,376767
4/11/19,402802
4/10/19,396501
4/9/19,346071
4/8/19,372417
4/7/19,350631
4/6/19,359569
4/5/19,387090
4/4/19,354660
4/3/19,360250
4/2/19,401507
4/1/19,368904
3/31/19,381652
3/30/19,377783
3/29/19,369817
3/28/19,393698
3/27/19,383186
3/26/19,366415
3/25/19,322191
3/24/19,226166
3/23/19,251573
3/22/19,298524
3/21/19,300712
3/20/19,304960
3/19/19,304744
3/18/19,291505
3/17/19,227290
3/16/19,262267
3/15/19,296970
3/14/19,299929
3/13/19,285957
3/12/19,285653
3/11/19,294741
3/10/19,212877
3/9/19,239492
3/8/19,285264
3/7/19,282523
3/6/19,277863
3/5/19,285716
3/4/19,304188
3/3/19,353683
3/2/19,335864
3/1/19,354422
2/28/19,367827
2/27/19,344560
2/26/19,366568
2/25/19,336634
2/24/19,320446
2/23/19,328239
2/22/19,350306
2/21/19,297595
2/20/19,314320
2/19/19,348242
2/18/19,344274
2/17/19,327463
2/16/19,332137
2/15/19,296729
2/14/19,354483
2/13/19,352651
2/12/19,271573
2/11/19,315725
2/10/19,299609
2/9/19,310892
2/8/19,335280
2/7/19,353046
2/6/19,349596
2/5/19,354069
2/4/19,335288
2/3/19,300171
2/2/19,322032
2/1/19,339341
1/31/19,353945
1/30/19,321980
1/29/19,326162
1/28/19,308062
1/27/19,276651
1/26/19,288285
1/25/19,301085
1/24/19,308146
1/23/19,293494
1/22/19,296040
1/21/19,315202
1/20/19,294118
1/19/19,282188
1/18/19,305965
1/17/19,296695
1/16/19,305702
1/15/19,302279
1/14/19,326685
1/13/19,276997
1/12/19,281502
1/11/19,308372
1/10/19,327338
1/9/19,319056
1/8/19,318524
1/7/19,284782
1/6/19,258522
1/5/19,265192
1/4/19,281772
1/3/19,291016
1/2/19,271696
1/1/19,234725
12/31/18,259684
12/30/18,267639
12/29/18,264980
12/28/18,308267
12/27/18,300020
12/26/18,281305
12/25/18,265052
12/24/18,272297
12/23/18,250739
12/22/18,251216
12/21/18,280588
12/20/18,287273
12/19/18,302392
12/18/18,266245
12/17/18,298823
12/16/18,226453
12/15/18,262879
12/14/18,275801
12/13/18,268422
12/12/18,261423
12/11/18,251487
12/10/18,258353
12/9/18,238569
12/8/18,231104
12/7/18,253890
12/6/18,279654
12/5/18,256501
12/4/18,270189
12/3/18,240652
12/2/18,222673
12/1/18,241847
11/30/18,250157
11/29/18,246226
11/28/18,254456
11/27/18,268533
11/26/18,257062
11/25/18,239256
11/24/18,250017
11/23/18,275261
11/22/18,266116
11/21/18,254942
11/20/18,288450
11/19/18,267971
11/18/18,239803
11/17/18,262649
11/16/18,283124
11/15/18,291525
11/14/18,292755
11/13/18,279160
11/12/18,300006
11/11/18,246991
11/10/18,252499
11/9/18,283896
11/8/18,277597
11/7/18,293734
11/6/18,285451
11/5/18,293239
11/4/18,226247
11/3/18,249564
11/2/18,292704
11/1/18,281941
10/31/18,288283
10/30/18,283327
10/29/18,269754
10/28/18,219860
10/27/18,233749
10/26/18,253002
10/25/18,254599
10/24/18,254091
10/23/18,253463
10/22/18,255324
10/21/18,211505
10/20/18,227821
10/19/18,253826
10/18/18,253450
10/17/18,260362
10/16/18,257967
10/15/18,266945
10/14/18,191259
10/13/18,205097
10/12/18,243174
10/11/18,262467
10/10/18,244945
10/9/18,235862
10/8/18,248041
10/7/18,219731
10/6/18,214843
10/5/18,244719
10/4/18,243157
10/3/18,242303
10/2/18,244772
10/1/18,242820
9/30/18,208210
9/29/18,218339
9/28/18,254239
9/27/18,248686
9/26/18,243927
9/25/18,252113
9/24/18,237670
9/23/18,200319
9/22/18,225537
9/21/18,273051
9/20/18,253674
9/19/18,251037
9/18/18,244259
9/17/18,240152
9/16/18,179483
9/15/18,211071
9/14/18,223250
9/13/18,234209
9/12/18,233275
9/11/18,237571
9/10/18,222866
9/9/18,188912
9/8/18,204428
9/7/18,230790
9/6/18,252261
9/5/18,246477
9/4/18,232265
9/3/18,222897
9/2/18,187145
9/1/18,213331
8/31/18,237076
8/30/18,231391
8/29/18,237508
8/28/18,238039
8/27/18,223656
8/26/18,172747
8/25/18,196420
8/24/18,219848
8/23/18,217352
8/22/18,230333
8/21/18,217777
8/20/18,214983
8/19/18,167400
8/18/18,190935
8/17/18,233794
8/16/18,232335
8/15/18,246066
8/14/18,247622
8/13/18,222229
8/12/18,165044
8/11/18,192438
8/10/18,226148
8/9/18,222326
8/8/18,235311
8/7/18,233045
8/6/18,218607
8/5/18,172181
8/4/18,191657
8/3/18,229859
8/2/18,224873
8/1/18,241044
7/31/18,242977
7/30/18,230924
7/29/18,168407
7/28/18,188238
7/27/18,229397
7/26/18,231679
7/25/18,250208
7/24/18,259358
7/23/18,229480
7/22/18,167129
7/21/18,184803
7/20/18,225529
7/19/18,225039
7/18/18,238769
7/17/18,233966
7/16/18,207842
7/15/18,161151
7/14/18,176475
7/13/18,207904
7/12/18,203535
7/11/18,202603
7/10/18,216063
7/9/18,206546
7/8/18,155685
7/7/18,170160
7/6/18,200993
7/5/18,199600
7/4/18,206788
7/3/18,216747
7/2/18,199294
7/1/18,156247
6/30/18,181065
6/29/18,197881
6/28/18,187624
6/27/18,188510
6/26/18,195404
6/25/18,200173
6/24/18,158022
6/23/18,163295
6/22/18,204144
6/21/18,198113
6/20/18,198889
6/19/18,191805
6/18/18,196305
6/17/18,144908
6/16/18,159090
6/15/18,205861
6/14/18,210029
6/13/18,211829
6/12/18,214595
6/11/18,213196
6/10/18,179809
6/9/18,171306
6/8/18,200379
6/7/18,207627
6/6/18,206417
6/5/18,212901
6/4/18,209916
6/3/18,163443
6/2/18,174497
6/1/18,205481
5/31/18,209526
5/30/18,204077
5/29/18,204769
5/28/18,189063
5/27/18,144304
5/26/18,158783
5/25/18,196181
5/24/18,206825
5/23/18,223196
5/22/18,203337
5/21/18,202647
5/20/18,158663
5/19/18,173274
5/18/18,211496
5/17/18,192683
5/16/18,208463
5/15/18,214779
5/14/18,209697
5/13/18,158794
5/12/18,182054
5/11/18,213624
5/10/18,208961
5/9/18,206579
5/8/18,217810
5/7/18,205063
5/6/18,171761
5/5/18,202703
5/4/18,219069
5/3/18,228521
5/2/18,212296
5/1/18,199959
4/30/18,215107
4/29/18,180798
4/28/18,203681
4/27/18,211119
4/26/18,216732
4/25/18,213155
4/24/18,254493
4/23/18,226353
4/22/18,171870
4/21/18,193975
4/20/18,207777
4/19/18,213523
4/18/18,200740
4/17/18,201820
4/16/18,196106
4/15/18,174031
4/14/18,161843
4/13/18,217282
4/12/18,210879
4/11/18,183248
4/10/18,186415
4/9/18,176563
4/8/18,138535
4/7/18,154639
4/6/18,172889
4/5/18,181832
4/4/18,185710
4/3/18,198919
4/2/18,168178
4/1/18,135129
3/31/18,148617
3/30/18,185940
3/29/18,192411
3/28/18,177521
3/27/18,187065
3/26/18,187850
3/25/18,135274
3/24/18,157087
3/23/18,179818
3/22/18,185187
3/21/18,194846
3/20/18,195168
3/19/18,191528
3/18/18,164401
3/17/18,154496
3/16/18,186979
3/15/18,206186
3/14/18,191042
3/13/18,196140
3/12/18,188394
3/11/18,150884
3/10/18,156228
3/9/18,198180
3/8/18,196422
3/7/18,213978
3/6/18,206016
3/5/18,201438
3/4/18,160231
3/3/18,177024
3/2/18,195073
3/1/18,233744
2/28/18,189223
2/27/18,219624
2/26/18,186474
2/25/18,144869
2/24/18,154534
2/23/18,185193
2/22/18,183235
2/21/18,205201
2/20/18,198455
2/19/18,187367
2/18/18,159495
2/17/18,173789
2/16/18,187738
2/15/18,198183
2/14/18,196417
2/13/18,182984
2/12/18,186918
2/11/18,147208
2/10/18,181783
2/9/18,177860
2/8/18,173289
2/7/18,213719
2/6/18,244120
2/5/18,216363
2/4/18,173687
2/3/18,194891
2/2/18,235918
2/1/18,257664
1/31/18,204276
1/30/18,236609
1/29/18,232176
1/28/18,213446
1/27/18,193578
1/26/18,220459
1/25/18,236580
1/24/18,250423
1/23/18,271936
1/22/18,245562
1/21/18,215622
1/20/18,240611
1/19/18,243619
1/18/18,309495
1/17/18,315771
1/16/18,303725
1/15/18,273623
1/14/18,235045
1/13/18,265735
1/12/18,300091
1/11/18,337959
1/10/18,347393
1/9/18,360265
1/8/18,345672
1/7/18,368187
1/6/18,358847
1/5/18,342707
1/4/18,425008
1/3/18,395963
1/2/18,340980
1/1/18,241757
12/31/17,290422
12/30/17,344407
12/29/17,353824
12/28/17,305053
12/27/17,307642
12/26/17,247440
12/25/17,228926
12/24/17,279523
12/23/17,308211
12/22/17,380648
12/21/17,335482
12/20/17,370277
12/19/17,378622
12/18/17,394239
12/17/17,391910
12/16/17,364222
12/15/17,405676
12/14/17,490644
12/13/17,424579
12/12/17,372977
12/11/17,368598
12/10/17,341420
12/9/17,403399
12/8/17,385092
12/7/17,374917
12/6/17,443587
12/5/17,405709
12/4/17,400686
12/3/17,353044
12/2/17,326354
12/1/17,412908
11/30/17,384386
11/29/17,398090
11/28/17,365977
11/27/17,379256
11/26/17,329677
11/25/17,336689
11/24/17,305735
11/23/17,352207
11/22/17,312033
11/21/17,371091
11/20/17,336204
11/19/17,264855
11/18/17,270874
11/17/17,306617
11/16/17,310396
11/15/17,321788
11/14/17,271995
11/13/17,309299
11/12/17,185966
11/11/17,194634
11/10/17,271745
11/9/17,341281
11/8/17,301346
11/7/17,335636
11/6/17,271029
11/5/17,251728
11/4/17,294121
11/3/17,277598
11/2/17,341474
11/1/17,351529
10/31/17,277535
10/30/17,316077
10/29/17,334025
10/28/17,207066
10/27/17,246692
10/26/17,265827
10/25/17,315415
10/24/17,347220
10/23/17,316096
10/22/17,289131
10/21/17,312257
10/20/17,312409
10/19/17,356985
10/18/17,329579
10/17/17,334438
10/16/17,314725
10/15/17,283473
10/14/17,293140
10/13/17,309819
10/12/17,293164
10/11/17,292459
10/10/17,303101
10/9/17,296946
10/8/17,238385
10/7/17,231226
10/6/17,283699
10/5/17,273243
10/4/17,232826
10/3/17,282132
10/2/17,295002
10/1/17,203653
9/30/17,212678
9/29/17,254438
9/28/17,275976
9/27/17,257961
9/26/17,263648
9/25/17,226603
9/24/17,185277
9/23/17,203861
9/22/17,227615
9/21/17,255257
9/20/17,235723
9/19/17,282917
9/18/17,218204
9/17/17,197683
9/16/17,228257
9/15/17,292079
9/14/17,268068
9/13/17,263320
9/12/17,256230
9/11/17,253492
9/10/17,193240
9/9/17,217890
9/8/17,279488
9/7/17,256374
9/6/17,276225
9/5/17,277948
9/4/17,269280
9/3/17,195289
9/2/17,236811
9/1/17,283670
8/31/17,280724
8/30/17,271466
8/29/17,281116
8/28/17,223771
8/27/17,261891
8/26/17,226485
8/25/17,208169
8/24/17,203805
8/23/17,315734
8/22/17,196283
8/21/17,236772
8/20/17,210852
8/19/17,266832
8/18/17,312250
8/17/17,347319
8/16/17,274866
8/15/17,311002
8/14/17,255362
8/13/17,263310
8/12/17,260521
8/11/17,284001
8/10/17,257965
8/9/17,260955
8/8/17,275574
8/7/17,249002
8/6/17,199627
8/5/17,239771
8/4/17,235792
8/3/17,213017
8/2/17,209321
8/1/17,131875
7/31/17,231012
7/30/17,184145
7/29/17,211134
7/28/17,247207
7/27/17,225369
7/26/17,237853
7/25/17,244036
7/24/17,240072
7/23/17,181031
7/22/17,223358
7/21/17,268443
7/20/17,230199
7/19/17,253768
7/18/17,260575
7/17/17,230315
7/16/17,203165
7/15/17,221851
7/14/17,227903
7/13/17,245895
7/12/17,257138
7/11/17,265759
7/10/17,251722
7/9/17,188124
7/8/17,220835
7/7/17,243614
7/6/17,225106
7/5/17,237008
7/4/17,255483
7/3/17,253244
7/2/17,253244
7/1/17,221856
6/30/17,267360
6/29/17,231054
6/28/17,279811
6/27/17,259737
6/26/17,261906
6/25/17,180719
6/24/17,227127
6/23/17,259938
6/22/17,269685
6/21/17,280203
6/20/17,269438
6/19/17,269774
6/18/17,209359
6/17/17,236554
6/16/17,269937
6/15/17,293141
6/14/17,287644
6/13/17,291776
6/12/17,269098
6/11/17,222892
6/10/17,254993
6/9/17,282184
6/8/17,307377
6/7/17,339720
6/6/17,297416
6/5/17,289930
6/4/17,266044
6/3/17,305320
6/2/17,271539
6/1/17,319709
5/31/17,321634
5/30/17,347961
5/29/17,321638
5/28/17,308143
5/27/17,331914
5/26/17,333340
5/25/17,350114
5/24/17,338642
5/23/17,367710
5/22/17,327868
5/21/17,326057
5/20/17,352805
5/19/17,319502
5/18/17,288904
5/17/17,317527
5/16/17,233977
5/15/17,329229
5/14/17,369098
5/13/17,329266
5/12/17,317698
5/11/17,294743
5/10/17,311391
5/9/17,332879
5/8/17,365096
5/7/17,316011
5/6/17,363022
5/5/17,267193
5/4/17,354737
5/3/17,295149
5/2/17,333161
5/1/17,294786
4/30/17,281489
4/29/17,341319
4/28/17,305271
4/27/17,297884
4/26/17,334471
4/25/17,325387
4/24/17,222671
4/23/17,245039
4/22/17,268712
4/21/17,330354
4/20/17,267915
4/19/17,310104
4/18/17,303091
4/17/17,245184
4/16/17,211829
4/15/17,271976
4/14/17,290208
4/13/17,228679
4/12/17,278093
4/11/17,307893
4/10/17,275496
4/9/17,238286
4/8/17,226959
4/7/17,295463
4/6/17,290465
4/5/17,316555
4/4/17,256015
4/3/17,288141
4/2/17,244203
4/1/17,255871
3/31/17,259403
3/30/17,288788
3/29/17,283931
3/28/17,294001
3/27/17,232291
3/26/17,221915
3/25/17,242975
3/24/17,289521
3/23/17,287871
3/22/17,320713
3/21/17,288055
3/20/17,277033
3/19/17,271239
3/18/17,263530
3/17/17,292196
3/16/17,327034
3/15/17,292434
3/14/17,310395
3/13/17,273079
3/12/17,221110
3/11/17,280681
3/10/17,308482
3/9/17,303632
3/8/17,297108
3/7/17,327902
3/6/17,287731
3/5/17,280739
3/4/17,268875
3/3/17,337310
3/2/17,329428
3/1/17,315883
2/28/17,325414
2/27/17,284555
2/26/17,265203
2/25/17,326521
2/24/17,350751
2/23/17,325913
2/22/17,282194
2/21/17,279090
2/20/17,282728
2/19/17,251721
2/18/17,288149
2/17/17,319767
2/16/17,283203
2/15/17,294786
2/14/17,315084
2/13/17,288290
2/12/17,238182
2/11/17,262686
2/10/17,301789
2/9/17,346544
2/8/17,308316
2/7/17,325268
2/6/17,230027
2/5/17,292101
2/4/17,284778
2/3/17,323563
2/2/17,259559
2/1/17,350560
1/31/17,307683
1/30/17,250829
1/29/17,241627
1/28/17,246395
1/27/17,263332
1/26/17,313755
1/25/17,305961
1/24/17,278177
1/23/17,235530
1/22/17,236886
1/21/17,263562
1/20/17,298377
1/19/17,300605
1/18/17,298751
1/17/17,292697
1/16/17,267640
1/15/17,235999
1/14/17,242269
1/13/17,275149
1/12/17,297756
1/11/17,303058
1/10/17,323888
1/9/17,269947
1/8/17,260101
1/7/17,284719
1/6/17,346405
1/5/17,288501
1/4/17,330164
1/3/17,301664
1/2/17,290951
1/1/17,180502
12/31/16,250273
12/30/16,286818
12/29/16,304605
12/28/16,305394
12/27/16,296546
12/26/16,244914
12/25/16,199614
12/24/16,240820
12/23/16,304997
12/22/16,314644
12/21/16,325677
12/20/16,296473
12/19/16,284852
12/18/16,235789
12/17/16,239034
12/16/16,279361
12/15/16,282685
12/14/16,286328
12/13/16,291757
12/12/16,268662
12/11/16,268662
12/10/16,250241
12/9/16,268815
12/8/16,282711
12/7/16,311361
12/6/16,319762
12/5/16,278001
12/4/16,245650
12/3/16,287988
12/2/16,318263
12/1/16,239682
11/30/16,292654
11/29/16,294140
11/28/16,298530
11/27/16,237389
11/26/16,279374
11/25/16,315387
11/24/16,328538
11/23/16,276924
11/22/16,285635
11/21/16,285793
11/20/16,246537
11/19/16,249760
11/18/16,275925
11/17/16,277460
11/16/16,291186
11/15/16,280352
11/14/16,270506
11/13/16,221328
11/12/16,228886
11/11/16,254619
11/10/16,271374
11/9/16,270095
11/8/16,296060
11/7/16,274281
11/6/16,225786
11/5/16,242032
11/4/16,248043
11/3/16,271998
11/2/16,268418
11/1/16,246650
10/31/16,241778
10/30/16,209337
10/29/16,229689
10/28/16,250876
10/27/16,326388
10/26/16,225924
10/25/16,237030
10/24/16,226980
10/23/16,191578
10/22/16,216708
10/21/16,265355
10/20/16,270380
10/19/16,199083
10/18/16,251521
10/17/16,237232
10/16/16,197876
10/15/16,210448
10/14/16,239724
10/13/16,229703
10/12/16,235664
10/11/16,263565
10/10/16,222996
10/9/16,210548
10/8/16,250672
10/7/16,266324
10/6/16,274486
10/5/16,266811
10/4/16,264662
10/3/16,260813
10/2/16,192683
10/1/16,213930
9/30/16,250943
9/29/16,242730
9/28/16,234995
9/27/16,243008
9/26/16,230769
9/25/16,195642
9/24/16,210510
9/23/16,223187
9/22/16,231227
9/21/16,239216
9/20/16,247987
9/19/16,223540
9/18/16,191603
9/17/16,215529
9/16/16,211128
9/15/16,233488
9/14/16,231800
9/13/16,239886
9/12/16,208649
9/11/16,180391
9/10/16,193320
9/9/16,222094
9/8/16,227006
9/7/16,250809
9/6/16,232118
9/5/16,227683
9/4/16,183244
9/3/16,182204
9/2/16,225856
9/1/16,237466
8/31/16,226377
8/30/16,254486
8/29/16,225282
8/28/16,174489
8/27/16,191098
8/26/16,226767
8/25/16,234009
8/24/16,237956
8/23/16,239021
8/22/16,229801
8/21/16,184904
8/20/16,208224
8/19/16,246095
8/18/16,239541
8/17/16,238003
8/16/16,256447
8/15/16,202896
8/14/16,200174
8/13/16,217257
8/12/16,232973
8/11/16,254515
8/10/16,245581
8/9/16,233704
8/8/16,235295
8/7/16,192414
8/6/16,196551
8/5/16,228244
8/4/16,231835
8/3/16,245549
8/2/16,251098
8/1/16,225049
7/31/16,192254
7/30/16,199484
7/29/16,231414
7/28/16,236946
7/27/16,235603
7/26/16,237673
7/25/16,240533
7/24/16,183890
7/23/16,195796
7/22/16,221404
7/21/16,217606
7/20/16,227429
7/19/16,222146
7/18/16,222835
7/17/16,171013
7/16/16,182192
7/15/16,216081
7/14/16,220655
7/13/16,218093
7/12/16,219034
7/11/16,218089
7/10/16,162608
7/9/16,185405
7/8/16,210701
7/7/16,216812
7/6/16,214691
7/5/16,214959
7/4/16,213900
7/3/16,177127
7/2/16,198875
7/1/16,210409
6/30/16,231960
6/29/16,224112
6/28/16,213058
6/27/16,217029
6/26/16,183755
6/25/16,210998
6/24/16,237625
6/23/16,241300
6/22/16,235641
6/21/16,248164
6/20/16,249334
6/19/16,218298
6/18/16,235317
6/17/16,253752
6/16/16,267870
6/15/16,259202
6/14/16,247632
6/13/16,251354
6/12/16,210711
6/11/16,213159
6/10/16,228367
6/9/16,236353
6/8/16,229933
6/7/16,248576
6/6/16,221171
6/5/16,190528
6/4/16,196665
6/3/16,234669
6/2/16,231099
6/1/16,234385
5/31/16,215249
5/30/16,211369
5/29/16,178742
5/28/16,193054
5/27/16,215296
5/26/16,220093
5/25/16,247841
5/24/16,246517
5/23/16,222755
5/22/16,184348
5/21/16,191461
5/20/16,209396
5/19/16,219145
5/18/16,235084
5/17/16,238626
5/16/16,239809
5/15/16,200171
5/14/16,211280
5/13/16,232146
5/12/16,228409
5/11/16,234412
5/10/16,245721
5/9/16,226451
5/8/16,185562
5/7/16,202062
5/6/16,233232
5/5/16,229580
5/4/16,233691
5/3/16,235609
5/2/16,223785
5/1/16,191430
4/30/16,215712
4/29/16,261884
4/28/16,247957
4/27/16,239435
4/26/16,250744
4/25/16,217564
4/24/16,183155
4/23/16,185216
4/22/16,210976
4/21/16,212795
4/20/16,216780
4/19/16,226511
4/18/16,203165
4/17/16,191478
4/16/16,182004
4/15/16,216850
4/14/16,230281
4/13/16,223506
4/12/16,240200
4/11/16,217378
4/10/16,186954
4/9/16,207555
4/8/16,215441
4/7/16,218463
4/6/16,218585
4/5/16,216684
4/4/16,208929
4/3/16,176722
4/2/16,196651
4/1/16,211922
3/31/16,208976
3/30/16,207906
3/29/16,197409
3/28/16,181300
3/27/16,161486
3/26/16,159049
3/25/16,173609
3/24/16,194985
3/23/16,186808
3/22/16,210488
3/21/16,189228
3/20/16,178143
3/19/16,188863
3/18/16,203578
3/17/16,208319
3/16/16,215973
3/15/16,197677
3/14/16,191341
3/13/16,187401
3/12/16,141116
3/11/16,189816
3/10/16,192611
3/9/16,187623
3/8/16,200298
3/7/16,183530
3/6/16,171486
3/5/16,234992
3/4/16,212104
3/3/16,221257
3/2/16,270206
3/1/16,260619
2/29/16,265695
2/28/16,233436
2/27/16,182423
2/26/16,209880
2/25/16,216290
2/24/16,225112
2/23/16,246578
2/22/16,237696
2/21/16,209276
2/20/16,225259
2/19/16,217436
2/18/16,212765
2/17/16,227403
2/16/16,215940
2/15/16,207397
2/14/16,188927
2/13/16,184675
2/12/16,202906
2/11/16,227463
2/10/16,235527
2/9/16,230799
2/8/16,220559
2/7/16,212190
2/6/16,232752
2/5/16,215910
2/4/16,200661
2/3/16,200087
2/2/16,231998
2/1/16,222398
1/31/16,168625
1/30/16,209984
1/29/16,224394
1/28/16,231454
1/27/16,226385
1/26/16,230523
1/25/16,210592
1/24/16,193572
1/23/16,190400
1/22/16,226106
1/21/16,210240
1/20/16,209071
1/19/16,205735
1/18/16,213934
1/17/16,204128
1/16/16,190301
1/15/16,185105
1/14/16,183182
1/13/16,191628
1/12/16,196656
1/11/16,191196
1/10/16,164687
1/9/16,178374
1/8/16,181407
1/7/16,177873
1/6/16,177478
1/5/16,182371
1/4/16,170176
1/3/16,141064
1/2/16,149038
1/1/16,123623
12/31/15,164132
12/30/15,176447
12/29/15,187040
12/28/15,166837
12/27/15,160271
12/26/15,170904
12/25/15,184124
12/24/15,210228
12/23/15,221289
12/22/15,223130
12/21/15,229444
12/20/15,191441
12/19/15,216944
12/18/15,213847
12/17/15,219600
12/16/15,222531
12/15/15,223998
12/14/15,221499
12/13/15,186151
12/12/15,204141
12/11/15,211198
12/10/15,211452
12/9/15,220323
12/8/15,192097
12/7/15,185788
12/6/15,179712
12/5/15,179777
12/4/15,200213
12/3/15,164774
12/2/15,177277
12/1/15,184404
11/30/15,182648
11/29/15,130758
11/28/15,171602
11/27/15,160235
11/26/15,164730
11/25/15,152463
11/24/15,152324
11/23/15,142698
11/22/15,126564
11/21/15,151035
11/20/15,155128
11/19/15,154561
11/18/15,165269
11/17/15,158254
11/16/15,150942
11/15/15,143369
11/14/15,156065
11/13/15,156988
11/12/15,157847
11/11/15,171159
11/10/15,154030
11/9/15,159836
11/8/15,134785
11/7/15,161595
11/6/15,166893
11/5/15,189326
11/4/15,211121
11/3/15,186362
11/2/15,159656
11/1/15,156648
10/31/15,155400
10/30/15,164938
10/29/15,165622
10/28/15,160175
10/27/15,141609
10/26/15,126041
10/25/15,131488
10/24/15,140827
10/23/15,146222
10/22/15,147402
10/21/15,161031
10/20/15,138080
10/19/15,143969
10/18/15,120858
10/17/15,120858
10/16/15,143286
10/15/15,143885
10/14/15,157228
10/13/15,134878
10/12/15,133757
10/11/15,126927
10/10/15,127005
10/9/15,128618
10/8/15,119490
10/7/15,134931
10/6/15,139516
10/5/15,142346
10/4/15,103531
10/3/15,100858
10/2/15,132880
10/1/15,134327
9/30/15,135885
9/29/15,141351
9/28/15,138570
9/27/15,130885
9/26/15,107256
9/25/15,128166
9/24/15,124822
9/23/15,134964
9/22/15,136784
9/21/15,124667
9/20/15,105933
9/19/15,114851
9/18/15,188330
9/17/15,241346
9/16/15,167269
9/15/15,165993
9/14/15,163531
9/13/15,146048
9/12/15,153538
9/11/15,165288
9/10/15,124951
9/9/15,128619
9/8/15,126751
9/7/15,125467
9/6/15,106101
9/5/15,137427
9/4/15,103973
9/3/15,137446
9/2/15,137743
9/1/15,130410
8/31/15,117985
8/30/15,92338
8/29/15,107489
8/28/15,121692
8/27/15,116334
8/26/15,122852
8/25/15,125060
8/24/15,117026
8/23/15,94529
8/22/15,107795
8/21/15,116311
8/20/15,118230
8/19/15,122864
8/18/15,120131
8/17/15,115049
8/16/15,86583
8/15/15,86583
8/14/15,111255
8/13/15,107950
8/12/15,118336
8/11/15,114741
8/10/15,116923
8/9/15,110686
8/8/15,101512
8/7/15,104420
8/6/15,124658
8/5/15,133758
8/4/15,130246
8/3/15,132719
8/2/15,103600
8/1/15,98976
7/31/15,163175
7/30/15,123577
7/29/15,133697
7/28/15,136195
7/27/15,115226
7/26/15,111331
7/25/15,89650
7/24/15,109918
7/23/15,109852
7/22/15,111582
7/21/15,133785
7/20/15,123367
7/19/15,112440
7/18/15,130695
7/17/15,120617
7/16/15,118048
7/15/15,115570
7/14/15,122340
7/13/15,119707
7/12/15,208685
7/11/15,204729
7/10/15,171652
7/9/15,191163
7/8/15,187202
7/7/15,200420
7/6/15,174070
7/5/15,151741
7/4/15,101714
7/3/15,129719
7/2/15,138811
7/1/15,135567
6/30/15,155869
6/29/15,149003
6/28/15,117119
6/27/15,106004
6/26/15,108876
6/25/15,115640
6/24/15,113093
6/23/15,114471
6/22/15,128795
6/21/15,96654
6/20/15,91203
6/19/15,114779
6/18/15,124929
6/17/15,122001
6/16/15,133747
6/15/15,129389
6/14/15,122279
6/13/15,100512
6/12/15,126945
6/11/15,125022
6/10/15,125147
6/9/15,121638
6/8/15,115633
6/7/15,94037
6/6/15,92696
6/5/15,102005
6/4/15,109700
6/3/15,127600
6/2/15,125399
6/1/15,133489
5/31/15,98784
5/30/15,96037
5/29/15,132907
5/28/15,110980
5/27/15,109786
5/26/15,108558
5/25/15,106086
5/24/15,105519
5/23/15,87996
5/22/15,102770
5/21/15,100591
5/20/15,99962
5/19/15,107346
5/18/15,106503
5/17/15,97915
5/16/15,90686
5/15/15,93025
5/14/15,107882
5/13/15,108858
5/12/15,108615
5/11/15,114424
5/10/15,89409
5/9/15,90054
5/8/15,98717
5/7/15,111125
5/6/15,113420
5/5/15,113496
5/4/15,104000
5/3/15,94120
5/2/15,86037
5/1/15,99560
4/30/15,105236
4/29/15,114070
4/28/15,113193
4/27/15,112434
4/26/15,109382
4/25/15,98465
4/24/15,100790
4/23/15,110568
4/22/15,111878
4/21/15,113657
4/20/15,114061
4/19/15,91134
4/18/15,86313
4/17/15,100484
4/16/15,99046
4/15/15,104063
4/14/15,105461
4/13/15,115407
4/12/15,105282
4/11/15,88884
4/10/15,112826
4/9/15,114091
4/8/15,117822
4/7/15,108714
4/6/15,111786
4/5/15,100949
4/4/15,89651
4/3/15,94152
4/2/15,103760
4/1/15,119343
3/31/15,126590
3/30/15,105294
3/29/15,90516
3/28/15,87456
3/27/15,90053
3/26/15,101181
3/25/15,98391
3/24/15,93930
3/23/15,106019
3/22/15,106330
3/21/15,84331
3/20/15,103532
3/19/15,103109
3/18/15,102414
3/17/15,99561
3/16/15,104238
3/15/15,97794
3/14/15,89511
3/13/15,88828
3/12/15,96745
3/11/15,100765
3/10/15,102856
3/9/15,112347
3/8/15,87527
3/7/15,86526
3/6/15,94270
3/5/15,101115
3/4/15,96611
3/3/15,104846
3/2/15,104937
3/1/15,102935
2/28/15,86274
2/27/15,101474
2/26/15,103395
2/25/15,101348
2/24/15,105125
2/23/15,104463
2/22/15,96936
2/21/15,87827
2/20/15,92541
2/19/15,96709
2/18/15,105719
2/17/15,104555
2/16/15,98899
2/15/15,85267
2/14/15,85355
2/13/15,107004
2/12/15,87427
2/11/15,93868
2/10/15,98701
2/9/15,104758
2/8/15,95860
2/7/15,82716
2/6/15,85705
2/5/15,83440
2/4/15,90028
2/3/15,91793
2/2/15,93499
2/1/15,83230
1/31/15,86312
1/30/15,83762
1/29/15,86360
1/28/15,85232
1/27/15,89287
1/26/15,99035
1/25/15,86558
1/24/15,82358
1/23/15,89630
1/22/15,93698
1/21/15,94979
1/20/15,100251
1/19/15,98485
1/18/15,94096
1/17/15,87047
1/16/15,104699
1/15/15,112530
1/14/15,115787
1/13/15,102309
1/12/15,99090
1/11/15,98185
1/10/15,104874
1/9/15,105895
1/8/15,105211
1/7/15,89916
1/6/15,92912
1/5/15,87160
1/4/15,85694
1/3/15,85570
1/2/15,82832
1/1/15,59344
12/31/14,58963
12/30/14,83768
12/29/14,83447
12/28/14,79812
12/27/14,74773
12/26/14,76198
12/25/14,71700
12/24/14,70684
12/23/14,99469
12/22/14,99770
12/21/14,89437
12/20/14,86901
12/19/14,91493
12/18/14,92052
12/17/14,98444
12/16/14,93704
12/15/14,98790
12/14/14,79703
12/13/14,73926
12/12/14,79512
12/11/14,84005
12/10/14,85829
12/9/14,90695
12/8/14,90746
12/7/14,84498
12/6/14,77357
12/5/14,90900
12/4/14,92900
12/3/14,100829
12/2/14,99419
12/1/14,100786
11/30/14,95220
11/29/14,79098
11/28/14,81452
11/27/14,85987
11/26/14,85111
11/25/14,90019
11/24/14,82813
11/23/14,77283
11/22/14,75041
11/21/14,77832
11/20/14,89388
11/19/14,85497
11/18/14,87321
11/17/14,88354
11/16/14,85201
11/15/14,73338
11/14/14,86307
11/13/14,88631
11/12/14,100117
11/11/14,85618
11/10/14,87338
11/9/14,84819
11/8/14,72717
11/7/14,75950
11/6/14,89542
11/5/14,89460
11/4/14,89249
11/3/14,90386
11/2/14,77170
11/1/14,75827
10/31/14,74548
10/30/14,92622
10/29/14,93338
10/28/14,90268
10/27/14,83977
10/26/14,80135
10/25/14,70537
10/24/14,77906
10/23/14,81643
10/22/14,79173
10/21/14,81651
10/20/14,81421
10/19/14,78443
10/18/14,66477
10/17/14,69474
10/16/14,71826
10/15/14,76257
10/14/14,77131
10/13/14,81491
10/12/14,63509
10/11/14,63946
10/10/14,65724
10/9/14,82789
10/8/14,78944
10/7/14,80324
10/6/14,78049
10/5/14,75126
10/4/14,66673
10/3/14,75121
10/2/14,72698
10/1/14,74630
9/30/14,78006
9/29/14,78590
9/28/14,73283
9/27/14,62973
9/26/14,66942
9/25/14,73278
9/24/14,74974
9/23/14,81104
9/22/14,71140
9/21/14,59800
9/20/14,63151
9/19/14,62315
9/18/14,77364
9/17/14,79754
9/16/14,79784
9/15/14,78666
9/14/14,74142
9/13/14,66033
9/12/14,68384
9/11/14,66303
9/10/14,67673
9/9/14,81812
9/8/14,79868
9/7/14,71754
9/6/14,63369
9/5/14,67529
9/4/14,67048
9/3/14,71868
9/2/14,72036
9/1/14,71539
8/31/14,57755
8/30/14,59751
8/29/14,63834
8/28/14,68628
8/27/14,69208
8/26/14,74318
8/25/14,69894
8/24/14,66411
8/23/14,55023
8/22/14,66998
8/21/14,68234
8/20/14,75470
8/19/14,74740
8/18/14,75458
8/17/14,67980
8/16/14,67974
8/15/14,75339
8/14/14,69698
8/13/14,75738
8/12/14,75011
8/11/14,78844
8/10/14,57913
8/9/14,58486
8/8/14,62960
8/7/14,69913
8/6/14,70732
8/5/14,78820
8/4/14,67847
8/3/14,63052
8/2/14,52550
8/1/14,67915
7/31/14,69283
7/30/14,67721
7/29/14,61607
7/28/14,64697
7/27/14,59561
7/26/14,56333
7/25/14,57528
7/24/14,63135
7/23/14,66883
7/22/14,68901
7/21/14,66921
7/20/14,52001
7/19/14,54742
7/18/14,58490
7/17/14,66233
7/16/14,68638
7/15/14,67767
7/14/14,62761
7/13/14,59877
7/12/14,53123
7/11/14,59077
7/10/14,59949
7/9/14,64146
7/8/14,70117
7/7/14,70042
7/6/14,59986
7/5/14,49954
7/4/14,48515
7/3/14,61901
7/2/14,66728
7/1/14,67724
6/30/14,71054
6/29/14,49922
6/28/14,52251
6/27/14,56883
6/26/14,61432
6/25/14,62354
6/24/14,63760
6/23/14,60216
6/22/14,56648
6/21/14,50429
6/20/14,57381
6/19/14,59884
6/18/14,62320
6/17/14,70077
6/16/14,67270
6/15/14,65347
6/14/14,53596
6/13/14,58961
6/12/14,65091
6/11/14,62827
6/10/14,61611
6/9/14,65460
6/8/14,48308
6/7/14,47730
6/6/14,53216
6/5/14,66945
6/4/14,66695
6/3/14,66435
6/2/14,64434
6/1/14,61179
5/31/14,52976
5/30/14,65127
5/29/14,66935
5/28/14,65930
5/27/14,68524
5/26/14,67040
5/25/14,65795
5/24/14,52872
5/23/14,58146
5/22/14,74593
5/21/14,68905
5/20/14,71120
5/19/14,69552
5/18/14,49912
5/17/14,50661
5/16/14,55577
5/15/14,74893
5/14/14,72761
5/13/14,70031
5/12/14,74418
5/11/14,70064
5/10/14,51666
5/9/14,66293
5/8/14,67693
5/7/14,68393
5/6/14,77228
5/5/14,76736
5/4/14,63433
5/3/14,54157
5/2/14,56112
5/1/14,60401
4/30/14,63657
4/29/14,63947
4/28/14,64207
4/27/14,52629
4/26/14,50392
4/25/14,58437
4/24/14,72694
4/23/14,67659
4/22/14,72147
4/21/14,58110
4/20/14,57961
4/19/14,49394
4/18/14,56996
4/17/14,56600
4/16/14,67212
4/15/14,72809
4/14/14,74882
4/13/14,64331
4/12/14,47740
4/11/14,51907
4/10/14,66874
4/9/14,65153
4/8/14,64278
4/7/14,70101
4/6/14,50010
4/5/14,47456
4/4/14,59610
4/3/14,67075
4/2/14,67292
4/1/14,66756
3/31/14,65448
3/30/14,63096
3/29/14,55333
3/28/14,67079
3/27/14,69155
3/26/14,70940
3/25/14,71883
3/24/14,72484
3/23/14,67382
3/22/14,66673
3/21/14,69139
3/20/14,73981
3/19/14,73804
3/18/14,67419
3/17/14,57881
3/16/14,59332
3/15/14,58730
3/14/14,65898
3/13/14,72805
3/12/14,75356
3/11/14,76019
3/10/14,70884
3/9/14,66786
3/8/14,61289
3/7/14,72345
3/6/14,69559
3/5/14,71619
3/4/14,84600
3/3/14,85916
3/2/14,72585
3/1/14,63402
2/28/14,63344
2/27/14,71658
2/26/14,71897
2/25/14,71527
2/24/14,84004
2/23/14,60198
2/22/14,58632
2/21/14,59691
2/20/14,71144
2/19/14,71666
2/18/14,66351
2/17/14,60853
2/16/14,57119
2/15/14,56785
2/14/14,74889
2/13/14,76660
2/12/14,66888
2/11/14,67229
2/10/14,62872
2/9/14,67622
2/8/14,65009
2/7/14,64069
2/6/14,71870
2/5/14,67529
2/4/14,67952
2/3/14,65812
2/2/14,52483
2/1/14,50400
1/31/14,56840
1/30/14,60799
1/29/14,60919
1/28/14,61786
1/27/14,64374
1/26/14,60746
1/25/14,51630
1/24/14,65600
1/23/14,67893
1/22/14,63527
1/21/14,72577
1/20/14,71521
1/19/14,58819
1/18/14,51573
1/17/14,53290
1/16/14,58397
1/15/14,61612
1/14/14,60392
1/13/14,55579
1/12/14,50537
1/11/14,49308
1/10/14,56464
1/9/14,59031
1/8/14,58365
1/7/14,62884
1/6/14,67358
1/5/14,67597
1/4/14,55761
1/3/14,60980
1/2/14,63821
1/1/14,48424
12/31/13,48847
12/30/13,52382
12/29/13,56501
12/28/13,48009
12/27/13,47777
12/26/13,55170
12/25/13,55428
12/24/13,57077
12/23/13,56872
12/22/13,52897
12/21/13,51543
12/20/13,59140
12/19/13,70278
12/18/13,68814
12/17/13,81656
12/16/13,69382
12/15/13,63090
12/14/13,51885
12/13/13,60059
12/12/13,59827
12/11/13,59677
12/10/13,67623
12/9/13,67874
12/8/13,57289
12/7/13,67712
12/6/13,75125
12/5/13,71277
12/4/13,79624
12/3/13,79738
12/2/13,78202
12/1/13,73442
11/30/13,67175
11/29/13,80868
11/28/13,98921
11/27/13,102010
11/26/13,91169
11/25/13,71793
11/24/13,71937
11/23/13,60018
11/22/13,76947
11/21/13,76646
11/20/13,71024
11/19/13,92907
11/18/13,93322
11/17/13,73198
11/16/13,47175
11/15/13,51595
11/14/13,62100
11/13/13,64870
11/12/13,63151
11/11/13,58510
11/10/13,57538
11/9/13,57169
11/8/13,57804
11/7/13,60535
11/6/13,58631
11/5/13,55035
11/4/13,45523
11/3/13,42094
11/2/13,35815
11/1/13,45371
10/31/13,48306
10/30/13,56476
10/29/13,49930
10/28/13,51237
10/27/13,48635
10/26/13,47747
10/25/13,49353
10/24/13,59853
10/23/13,55314
10/22/13,54572
10/21/13,64906
10/20/13,49418
10/19/13,49864
10/18/13,54639
10/17/13,46870
10/16/13,45193
10/15/13,51947
10/14/13,57452
10/13/13,55763
10/12/13,51248
10/11/13,51922
10/10/13,54449
10/9/13,57769
10/8/13,45461
10/7/13,42865
10/6/13,43235
10/5/13,45479
10/4/13,47895
10/3/13,54796
10/2/13,61964
10/1/13,60542
9/30/13,55320
9/29/13,41181
9/28/13,41741
9/27/13,44660
9/26/13,57545
9/25/13,54262
9/24/13,58150
9/23/13,65328
9/22/13,60286
9/21/13,52686
9/20/13,58994
9/19/13,58990
9/18/13,59004
9/17/13,67931
9/16/13,66291
9/15/13,50391
9/14/13,43560
9/13/13,47147
9/12/13,48362
9/11/13,49210
9/10/13,49512
9/9/13,53551
9/8/13,46452
9/7/13,46470
9/6/13,54231
9/5/13,60730
9/4/13,60222
9/3/13,51136
9/2/13,51266
9/1/13,50456
8/31/13,45578
8/30/13,62603
8/29/13,60716
8/28/13,61525
8/27/13,62187
8/26/13,61016
8/25/13,53528
8/24/13,51817
8/23/13,51085
8/22/13,59969
8/21/13,60531
8/20/13,63416
8/19/13,66539
8/18/13,56397
8/17/13,53134
8/16/13,59253
8/15/13,58129
8/14/13,59029
8/13/13,50484
8/12/13,50228
8/11/13,45811
8/10/13,41059
8/9/13,49658
8/8/13,53241
8/7/13,57036
8/6/13,54369
8/5/13,52260
8/4/13,47903
8/3/13,45746
8/2/13,49065
8/1/13,53174
7/31/13,49524
7/30/13,51919
7/29/13,39998
7/28/13,37302
7/27/13,33111
7/26/13,35987
7/25/13,42530
7/24/13,42304
7/23/13,39963
7/22/13,39979
7/21/13,37257
7/20/13,36884
7/19/13,36759
7/18/13,38020
7/17/13,41257
7/16/13,39392
7/15/13,38784
7/14/13,36738
7/13/13,37970
7/12/13,40313
7/11/13,50045
7/10/13,39238
7/9/13,39340
7/8/13,41777
7/7/13,30356
7/6/13,28865
7/5/13,36979
7/4/13,35292
7/3/13,34560
7/2/13,35351
7/1/13,39128
6/30/13,34053
6/29/13,32994
6/28/13,49552
6/27/13,48324
6/26/13,46797
6/25/13,44629
6/24/13,45588
6/23/13,40963
6/22/13,44594
6/21/13,42571
6/20/13,52994
6/19/13,47031
6/18/13,46903
6/17/13,47025
6/16/13,42966
6/15/13,40076
6/14/13,41531
6/13/13,43193
6/12/13,43302
6/11/13,46417
6/10/13,45000
6/9/13,42406
6/8/13,46237
6/7/13,52188
6/6/13,54331
6/5/13,55918
6/4/13,57622
6/3/13,60118
6/2/13,52048
6/1/13,54311
5/31/13,52390
5/30/13,57616
5/29/13,55060
5/28/13,54919
5/27/13,55138
5/26/13,40722
5/25/13,39879
5/24/13,55836
5/23/13,59789
5/22/13,54824
5/21/13,53981
5/20/13,48821
5/19/13,50093
5/18/13,47090
5/17/13,58731
5/16/13,60896
5/15/13,60543
5/14/13,66470
5/13/13,63287
5/12/13,62190
5/11/13,73402
5/10/13,70410
5/9/13,67937
5/8/13,50439
5/7/13,47359
5/6/13,59215
5/5/13,50332
5/4/13,49419
5/3/13,48349
5/2/13,55429
5/1/13,57278
4/30/13,50437
4/29/13,51776
4/28/13,50009
4/27/13,40986
4/26/13,55264
4/25/13,56533
4/24/13,61214
4/23/13,61668
4/22/13,57304
4/21/13,46737
4/20/13,48302
4/19/13,48016
4/18/13,57863
4/17/13,56706
4/16/13,56164
4/15/13,65797
4/14/13,55471
4/13/13,53417
4/12/13,55361
4/11/13,68407
4/10/13,67725
4/9/13,68820
4/8/13,61680
4/7/13,63470
4/6/13,58820
4/5/13,61373
4/4/13,56063
4/3/13,69048
4/2/13,63276
4/1/13,60268
3/31/13,52469
3/30/13,59196
3/29/13,59787
3/28/13,66205
3/27/13,53207
3/26/13,51993
3/25/13,47247
3/24/13,51335
3/23/13,49834
3/22/13,58002
3/21/13,55564
3/20/13,53840
3/19/13,42579
3/18/13,43485
3/17/13,39391
3/16/13,34164
3/15/13,62776
3/14/13,60064
3/13/13,58832
3/12/13,48484
3/11/13,44410
3/10/13,67610
3/9/13,55546
3/8/13,47671
3/7/13,64814
3/6/13,62760
3/5/13,66437
3/4/13,56039
3/3/13,54459
3/2/13,49631
3/1/13,60659
2/28/13,63021
2/27/13,60993
2/26/13,62952
2/25/13,67144
2/24/13,65164
2/23/13,57795
2/22/13,62171
2/21/13,58920
2/20/13,58996
2/19/13,54519
2/18/13,55598
2/17/13,46318
2/16/13,51433
2/15/13,51218
2/14/13,57505
2/13/13,59090
2/12/13,57398
2/11/13,58851
2/10/13,56443
2/9/13,57363
2/8/13,50847
2/7/13,61237
2/6/13,58215
2/5/13,44783
2/4/13,55005
2/3/13,57480
2/2/13,56212
2/1/13,59382
1/31/13,56756
1/30/13,46104
1/29/13,51703
1/28/13,53617
1/27/13,52321
1/26/13,52366
1/25/13,53420
1/24/13,46045
1/23/13,46678
1/22/13,48267
1/21/13,40199
1/20/13,41371
1/19/13,41636
1/18/13,56455
1/17/13,48100
1/16/13,48021
1/15/13,52197
1/14/13,44560
1/13/13,43799
1/12/13,46837
1/11/13,52749
1/10/13,54662
1/9/13,51393
1/8/13,38624
1/7/13,35390
1/6/13,40860
1/5/13,39596
1/4/13,38931
1/3/13,49926
1/2/13,39433
1/1/13,38986
12/31/12,28620
12/30/12,45447
12/29/12,43751
12/28/12,39248
12/27/12,43787
12/26/12,43119
12/25/12,35740
12/24/12,36111
12/23/12,37099
12/22/12,39228
12/21/12,44580
12/20/12,40658
12/19/12,36133
12/18/12,49812
12/17/12,46590
12/16/12,40828
12/15/12,32365
12/14/12,33526
12/13/12,41397
12/12/12,36736
12/11/12,35322
12/10/12,36341
12/9/12,32059
12/8/12,32838
12/7/12,31857
12/6/12,37163
12/5/12,37201
12/4/12,33176
12/3/12,21659
12/2/12,22407
12/1/12,20555
11/30/12,29758
11/29/12,28363
11/28/12,39050
11/27/12,27632
11/26/12,29528
11/25/12,34810
11/24/12,29718
11/23/12,29169
11/22/12,31482
11/21/12,39066
11/20/12,41245
11/19/12,37561
11/18/12,34136
11/17/12,33144
11/16/12,34273
11/15/12,37604
11/14/12,37743
11/13/12,29221
11/12/12,23903
11/11/12,24652
11/10/12,23728
11/9/12,25157
11/8/12,26851
11/7/12,34985
11/6/12,31986
11/5/12,28059
11/4/12,32202
11/3/12,23899
11/2/12,25264
11/1/12,27498
10/31/12,27444
10/30/12,28602
10/29/12,29930
10/28/12,17965
10/27/12,17381
10/26/12,17488
10/25/12,26998
10/24/12,28126
10/23/12,33568
10/22/12,43154
10/21/12,35647
10/20/12,39774
10/19/12,25096
10/18/12,28470
10/17/12,28432
10/16/12,34533
10/15/12,33464
10/14/12,29690
10/13/12,33090
10/12/12,37278
10/11/12,24200
10/10/12,31226
10/9/12,32255
10/8/12,35903
10/7/12,34726
10/6/12,31676
10/5/12,35662
10/4/12,31955
10/3/12,29518
10/2/12,32185
10/1/12,24727
9/30/12,23803
9/29/12,21143
9/28/12,32768
9/27/12,29898
9/26/12,30194
9/25/12,24177
9/24/12,23775
9/23/12,31279
9/22/12,22014
9/21/12,23847
9/20/12,29957
9/19/12,32231
9/18/12,32119
9/17/12,31313
9/16/12,28415
9/15/12,27351
9/14/12,30340
9/13/12,29025
9/12/12,27899
9/11/12,30406
9/10/12,33632
9/9/12,32055
9/8/12,30076
9/7/12,33483
9/6/12,32477
9/5/12,44218
9/4/12,39946
9/3/12,36940
9/2/12,41066
9/1/12,40774
8/31/12,41940
8/30/12,41495
8/29/12,34209
8/28/12,33804
8/27/12,30838
8/26/12,29520
8/25/12,30525
8/24/12,35491
8/23/12,31818
8/22/12,31765
8/21/12,40634
8/20/12,35837
8/19/12,36248
8/18/12,35022
8/17/12,40554
8/16/12,40897
8/15/12,49165
8/14/12,34506
8/13/12,37605
8/12/12,49678
8/11/12,33139
8/10/12,29979
8/9/12,27362
8/8/12,40168
8/7/12,38855
8/6/12,28636
8/5/12,33283
8/4/12,32003
8/3/12,28166
8/2/12,33211
8/1/12,32475
7/31/12,34163
7/30/12,34395
7/29/12,38204
7/28/12,32788
7/27/12,27155
7/26/12,26430
7/25/12,30652
7/24/12,28369
7/23/12,29945
7/22/12,35901
7/21/12,34593
7/20/12,37598
7/19/12,35383
7/18/12,32588
7/17/12,30733
7/16/12,34693
7/15/12,26345
7/14/12,25886
7/13/12,25417
7/12/12,24303
7/11/12,26493
7/10/12,30165
7/9/12,25129
7/8/12,25293
7/7/12,21697
7/6/12,23916
7/5/12,21962
7/4/12,22045
7/3/12,22667
7/2/12,22946
7/1/12,25272
6/30/12,22618
6/29/12,23608
6/28/12,22339
6/27/12,30875
6/26/12,30636
6/25/12,32547
6/24/12,22392
6/23/12,21880
6/22/12,21659
6/21/12,26782
6/20/12,26501
6/19/12,33475
6/18/12,39071
6/17/12,39028
6/16/12,40290
6/15/12,54986
6/14/12,57407
6/13/12,56997
6/12/12,18243
6/11/12,20796
6/10/12,35275
6/9/12,33050
6/8/12,31523
6/7/12,26974
6/6/12,15937
6/5/12,18275
6/4/12,45318
6/3/12,33601
6/2/12,26654
6/1/12,18570
5/31/12,21013
5/30/12,20951
5/29/12,25743
5/28/12,29888
5/27/12,32526
5/26/12,22251
5/25/12,28999
5/24/12,29007
5/23/12,26020
5/22/12,23480
5/21/12,25323
5/20/12,29133
5/19/12,35404
5/18/12,38132
5/17/12,21758
5/16/12,18078
5/15/12,19677
5/14/12,20817
5/13/12,14737
5/12/12,14084
5/11/12,22055
5/10/12,11782
5/9/12,12723
5/8/12,18865
5/7/12,18247
5/6/12,16283
5/5/12,12416
5/4/12,14098
5/3/12,14376
5/2/12,12283
5/1/12,10208
4/30/12,10070
4/29/12,9064
4/28/12,7427
4/27/12,7173
4/26/12,7066
4/25/12,7557
4/24/12,7746
4/23/12,7395
4/22/12,6354
4/21/12,6768
4/20/12,7770
4/19/12,7900
4/18/12,8023
4/17/12,8145
4/16/12,8577
4/15/12,7846
4/14/12,7313
4/13/12,7223
4/12/12,7549
4/11/12,8513
4/10/12,8468
4/9/12,8435
4/8/12,6045
4/7/12,6080
4/6/12,6152
4/5/12,7000
4/4/12,7143
4/3/12,7479
4/2/12,7539
4/1/12,5563
3/31/12,5619
3/30/12,6286
3/29/12,7518
3/28/12,7526
3/27/12,7134
3/26/12,6619
3/25/12,6469
3/24/12,6249
3/23/12,6156
3/22/12,6293
3/21/12,6756
3/20/12,6834
3/19/12,6604
3/18/12,6679
3/17/12,6876
3/16/12,7473
3/15/12,6706
3/14/12,6895
3/13/12,7096
3/12/12,6805
3/11/12,5223
3/10/12,5174
3/9/12,6054
3/8/12,6637
3/7/12,6635
3/6/12,6574
3/5/12,6979
3/4/12,6729
3/3/12,6017
3/2/12,7645
3/1/12,7696
2/29/12,6713
2/28/12,6725
2/27/12,6627
2/26/12,6475
2/25/12,6306
2/24/12,6588
2/23/12,7203
2/22/12,7194
2/21/12,7124
2/20/12,6348
2/19/12,5958
2/18/12,5932
2/17/12,6676
2/16/12,9537
2/15/12,9286
2/14/12,9511
2/13/12,7992
2/12/12,7514
2/11/12,7405
2/10/12,8456
2/9/12,8642
2/8/12,7259
2/7/12,7012
2/6/12,6799
2/5/12,6500
2/4/12,7237
2/3/12,7597
2/2/12,6943
2/1/12,6502
1/31/12,6900
1/30/12,6469
1/29/12,6426
1/28/12,6464
1/27/12,6095
1/26/12,6598
1/25/12,6736
1/24/12,8017
1/23/12,6100
1/22/12,5984
1/21/12,5259
1/20/12,6780
1/19/12,6718
1/18/12,6464
1/17/12,6761
1/16/12,6545
1/15/12,6685
1/14/12,6807
1/13/12,6734
1/12/12,6824
1/11/12,7139
1/10/12,7168
1/9/12,6589
1/8/12,6404
1/7/12,6290
1/6/12,6211
1/5/12,6994
1/4/12,6917
1/3/12,5636
1/2/12,5410
1/1/12,5809
12/31/11,4523
12/30/11,5051
12/29/11,5024
12/28/11,5023
12/27/11,5211
12/26/11,5571
12/25/11,5381
12/24/11,4658
12/23/11,4676
12/22/11,5740
12/21/11,5577
12/20/11,5667
12/19/11,6684
12/18/11,4632
12/17/11,4615
12/16/11,4819
12/15/11,4850
12/14/11,5476
12/13/11,5125
12/12/11,4862
12/11/11,4924
12/10/11,5240
12/9/11,5588
12/8/11,5686
12/7/11,5787
12/6/11,7978
12/5/11,7021
12/4/11,6347
12/3/11,5631
12/2/11,5533
12/1/11,6316
11/30/11,6840
11/29/11,6332
11/28/11,6529
11/27/11,5061
11/26/11,4794
11/25/11,5004
11/24/11,5018
11/23/11,5020
11/22/11,5620
11/21/11,4770
11/20/11,5044
11/19/11,4796
11/18/11,5169
11/17/11,4818
11/16/11,5596
11/15/11,6106
11/14/11,6442
11/13/11,5620
11/12/11,5487
11/11/11,5346
11/10/11,5439
11/9/11,6448
11/8/11,6627
11/7/11,5748
11/6/11,5034
11/5/11,5021
11/4/11,6575
11/3/11,6253
11/2/11,5746
11/1/11,5750
10/31/11,5182
10/30/11,4956
10/29/11,4888
10/28/11,5118
10/27/11,5111
10/26/11,4739
10/25/11,5226
10/24/11,5282
10/23/11,5919
10/22/11,5114
10/21/11,4820
10/20/11,5357
10/19/11,5130
10/18/11,4810
10/17/11,5562
10/16/11,4981
10/15/11,4878
10/14/11,6080
10/13/11,4984
10/12/11,4739
10/11/11,6498
10/10/11,5882
10/9/11,5530
10/8/11,5623
10/7/11,5674
10/6/11,5509
10/5/11,6004
10/4/11,5809
10/3/11,5316
10/2/11,6273
10/1/11,5374
9/30/11,5584
9/29/11,5762
9/28/11,6017
9/27/11,5795
9/26/11,6055
9/25/11,5722
9/24/11,5671
9/23/11,6231
9/22/11,6139
9/21/11,6808
9/20/11,8078
9/19/11,6653
9/18/11,6272
9/17/11,5775
9/16/11,6209
9/15/11,6042
9/14/11,6040
9/13/11,6519
9/12/11,6564
9/11/11,6422
9/10/11,5993
9/9/11,6453
9/8/11,7266
9/7/11,7090
9/6/11,7178
9/5/11,7705
9/4/11,7258
9/3/11,6612
9/2/11,6325
9/1/11,7203
8/31/11,7222
8/30/11,7280
8/29/11,8094
8/28/11,7807
8/27/11,5453
8/26/11,7421
8/25/11,7479
8/24/11,7082
8/23/11,7277
8/22/11,7425
8/21/11,7924
8/20/11,7191
8/19/11,7125
8/18/11,7787
8/17/11,7722
8/16/11,8128
8/15/11,9259
8/14/11,7471
8/13/11,7621
8/12/11,7386
8/11/11,7596
8/10/11,8116
8/9/11,8382
8/8/11,7267
8/7/11,7110
8/6/11,6725
8/5/11,7360
8/4/11,7308
8/3/11,8251
8/2/11,8817
8/1/11,8813
7/31/11,8032
7/30/11,6209
7/29/11,6854
7/28/11,7460
7/27/11,7995
7/26/11,8329
7/25/11,8401
7/24/11,8219
7/23/11,7866
7/22/11,8034
7/21/11,8163
7/20/11,8608
7/19/11,8545
7/18/11,8976
7/17/11,8185
7/16/11,9110
7/15/11,8148
7/14/11,8630
7/13/11,8419
7/12/11,8147
7/11/11,8795
7/10/11,9867
7/9/11,7851
7/8/11,8397
7/7/11,8211
7/6/11,10519
7/5/11,11053
7/4/11,8481
7/3/11,8364
7/2/11,7973
7/1/11,9454
6/30/11,9636
6/29/11,9885
6/28/11,10158
6/27/11,11751
6/26/11,11438
6/25/11,10298
6/24/11,10922
6/23/11,11134
6/22/11,10512
6/21/11,9704
6/20/11,9152
6/19/11,11278
6/18/11,11563
6/17/11,12025
6/16/11,11548
6/15/11,12605
6/14/11,14172
6/13/11,12602
6/12/11,12440
6/11/11,11668
6/10/11,11162
6/9/11,12176
6/8/11,12167
6/7/11,11394
6/6/11,9703
6/5/11,9808
6/4/11,8161
6/3/11,8441
6/2/11,8374
6/1/11,7157
5/31/11,6063
5/30/11,6203
5/29/11,4835
5/28/11,5013
5/27/11,5054
5/26/11,5491
5/25/11,6258
5/24/11,6172
5/23/11,5562
5/22/11,5282
5/21/11,5447
5/20/11,4822
5/19/11,4663
5/18/11,5131
5/17/11,4997
5/16/11,4349
5/15/11,4160
5/14/11,3990
5/13/11,4064
5/12/11,4404
5/11/11,2636
5/10/11,3151
5/9/11,3147
5/8/11,3560
5/7/11,3887
5/6/11,3889
5/5/11,3249
5/4/11,2800
5/3/11,2967
5/2/11,3235
5/1/11,3949
4/30/11,4648
4/29/11,4022
4/28/11,3035
4/27/11,3618
4/26/11,4550
4/25/11,2592
4/24/11,2516
4/23/11,2496
4/22/11,2097
4/21/11,2262
4/20/11,1912
4/19/11,3598
4/18/11,3567
4/17/11,2711
4/16/11,2154
4/15/11,1980
4/14/11,2001
4/13/11,2371
4/12/11,2480
4/11/11,2019
4/10/11,1744
4/9/11,1653
4/8/11,1749
4/7/11,1677
4/6/11,1842
4/5/11,1768
4/4/11,2309
4/3/11,2327
4/2/11,1603
4/1/11,1579
3/31/11,1573
3/30/11,2206
3/29/11,2718
3/28/11,2915
3/27/11,3420
3/26/11,3335
3/25/11,2987
3/24/11,2087
3/23/11,4570
3/22/11,4368
3/21/11,2301
3/20/11,4076
3/19/11,2674
3/18/11,3114
3/17/11,3367
3/16/11,3188
3/15/11,3237
3/14/11,2643
3/13/11,2981
3/12/11,2475
3/11/11,1884
3/10/11,2107
3/9/11,1491
3/8/11,2440
3/7/11,2530
3/6/11,2120
3/5/11,2048
3/4/11,1946
3/3/11,2119
3/2/11,2009
3/1/11,2974
2/28/11,1660
2/27/11,2269
2/26/11,2261
2/25/11,1964
2/24/11,2109
2/23/11,1957
2/22/11,2394
2/21/11,1970
2/20/11,1969
2/19/11,1698
2/18/11,2056
2/17/11,2086
2/16/11,2255
2/15/11,2224
2/14/11,2267
2/13/11,1978
2/12/11,1912
2/11/11,1903
2/10/11,2433
2/9/11,1227
2/8/11,1033
2/7/11,842
2/6/11,909
2/5/11,857
2/4/11,887
2/3/11,789
2/2/11,777
2/1/11,1004
1/31/11,1393
1/30/11,1815
1/29/11,2203
1/28/11,1081
1/27/11,1036
1/26/11,900
1/25/11,889
1/24/11,965
1/23/11,1334
1/22/11,1422
1/21/11,1431
1/20/11,1047
1/19/11,917
1/18/11,967
1/17/11,870
1/16/11,931
1/15/11,1027
1/14/11,932
1/13/11,1266
1/12/11,1271
1/11/11,1233
1/10/11,1312
1/9/11,1358
1/8/11,1193
1/7/11,1020
1/6/11,880
1/5/11,850
1/4/11,979
1/3/11,1242
1/2/11,853
1/1/11,659
12/31/10,594
12/30/10,579
12/29/10,513
12/28/10,641
12/27/10,584
12/26/10,584
12/25/10,650
12/24/10,555
12/23/10,519
12/22/10,552
12/21/10,634
12/20/10,932
12/19/10,934
12/18/10,547
12/17/10,462
12/16/10,503
12/15/10,523
12/14/10,637
12/13/10,683
12/12/10,723
12/11/10,550
12/10/10,504
12/9/10,382
12/8/10,523
12/7/10,537
12/6/10,548
12/5/10,434
12/4/10,436
12/3/10,402
12/2/10,460
12/1/10,472
11/30/10,505
11/29/10,454
11/28/10,435
11/27/10,457
11/26/10,1314
11/25/10,1542
11/24/10,5883
11/23/10,341
11/22/10,338
11/21/10,395
11/20/10,9731
11/19/10,12322
11/18/10,7731
11/17/10,435
11/16/10,463
11/15/10,12087
11/14/10,416
11/13/10,399
11/12/10,333
11/11/10,395
11/10/10,429
11/9/10,372
11/8/10,515
11/7/10,498
11/6/10,445
11/5/10,442
11/4/10,416
11/3/10,339
11/2/10,286
11/1/10,283
10/31/10,364
10/30/10,426
10/29/10,444
10/28/10,466
10/27/10,568
10/26/10,569
10/25/10,486
10/24/10,552
10/23/10,473
10/22/10,623
10/21/10,552
10/20/10,602
10/19/10,693
10/18/10,579
10/17/10,517
10/16/10,485
10/15/10,328
10/14/10,333
10/13/10,376
10/12/10,352
10/11/10,361
10/10/10,348
10/9/10,401
10/8/10,382
10/7/10,343
10/6/10,407
10/5/10,408
10/4/10,353
10/3/10,377
10/2/10,401
10/1/10,501
9/30/10,365
9/29/10,358
9/28/10,998
9/27/10,603
9/26/10,639
9/25/10,454
9/24/10,501
9/23/10,558
9/22/10,698
9/21/10,810
9/20/10,636
9/19/10,422
9/18/10,399
9/17/10,431
9/16/10,379
9/15/10,430
9/14/10,450
9/13/10,437
9/12/10,379
9/11/10,350
9/10/10,296
9/9/10,324
9/8/10,343
9/7/10,292
9/6/10,278
9/5/10,298
9/4/10,303
9/3/10,319
9/2/10,314
9/1/10,308
8/31/10,441
8/30/10,465
8/29/10,288
8/28/10,339
8/27/10,348
8/26/10,291
8/25/10,365
8/24/10,396
8/23/10,337
8/22/10,366
8/21/10,350
8/20/10,348
8/19/10,325
8/18/10,368
8/17/10,377
8/16/10,453
8/15/10,318
8/14/10,423
8/13/10,516
8/12/10,508
8/11/10,407
8/10/10,340
8/9/10,402
8/8/10,423
8/7/10,273
8/6/10,287
8/5/10,368
8/4/10,439
8/3/10,375
8/2/10,623
8/1/10,364
7/31/10,324
7/30/10,295
7/29/10,1867
7/28/10,3455
7/27/10,342
7/26/10,467
7/25/10,468
7/24/10,2337
7/23/10,411
7/22/10,392
7/21/10,428
7/20/10,594
7/19/10,627
7/18/10,487
7/17/10,408
7/16/10,462
7/15/10,1393
7/14/10,6132
7/13/10,5659
7/12/10,1739
7/11/10,353
7/10/10,242
7/9/10,238
7/8/10,223
7/7/10,240
7/6/10,209
7/5/10,251
7/4/10,243
7/3/10,245
7/2/10,242
7/1/10,239
6/30/10,273
6/29/10,264
6/28/10,253
6/27/10,236
6/26/10,201
6/25/10,205
6/24/10,227
6/23/10,257
6/22/10,242
6/21/10,235
6/20/10,228
6/19/10,216
6/18/10,218
6/17/10,204
6/16/10,208
6/15/10,196
6/14/10,258
6/13/10,246
6/12/10,221
6/11/10,247
6/10/10,248
6/9/10,224
6/8/10,223
6/7/10,222
6/6/10,211
6/5/10,190
6/4/10,188
6/3/10,200
6/2/10,194
6/1/10,182
5/31/10,178
5/30/10,200
5/29/10,200
5/28/10,262
5/27/10,267
5/26/10,278
5/25/10,259
5/24/10,250
5/23/10,262
5/22/10,300
5/21/10,235
5/20/10,230
5/19/10,221
5/18/10,223
5/17/10,217
5/16/10,173
5/15/10,113
5/14/10,138
5/13/10,148
5/12/10,158
5/11/10,147
5/10/10,138
5/9/10,183
5/8/10,193
5/7/10,170
5/6/10,177
5/5/10,173
5/4/10,191
5/3/10,188
5/2/10,186
5/1/10,197
4/30/10,170
4/29/10,181
4/28/10,197
4/27/10,233
4/26/10,225
4/25/10,220
4/24/10,202
4/23/10,191
4/22/10,198
4/21/10,251
4/20/10,251
4/19/10,242
4/18/10,3351
4/17/10,1337
4/16/10,242
4/15/10,290
4/14/10,287
4/13/10,230
4/12/10,247
4/11/10,270
4/10/10,271
4/9/10,224
4/8/10,189
4/7/10,208
4/6/10,174
4/5/10,175
4/4/10,179
4/3/10,166
4/2/10,171
4/1/10,155
3/31/10,214
3/30/10,213
3/29/10,217
3/28/10,192
3/27/10,198
3/26/10,182
3/25/10,202
3/24/10,197
3/23/10,187
3/22/10,186
3/21/10,186
3/20/10,191
3/19/10,162
3/18/10,144
3/17/10,161
3/16/10,129
3/15/10,138
3/14/10,128
3/13/10,154
3/12/10,160
3/11/10,119
3/10/10,169
3/9/10,152
3/8/10,149
3/7/10,183
3/6/10,178
3/5/10,188
3/4/10,188
3/3/10,187
3/2/10,151
3/1/10,199
2/28/10,187
2/27/10,165
2/26/10,176
2/25/10,176
2/24/10,150
2/23/10,251
2/22/10,252
2/21/10,261
2/20/10,210
2/19/10,224
2/18/10,183
2/17/10,250
2/16/10,244
2/15/10,182
2/14/10,219
2/13/10,215
2/12/10,227
2/11/10,174
2/10/10,181
2/9/10,166
2/8/10,208
2/7/10,221
2/6/10,210
2/5/10,227
2/4/10,250
2/3/10,235
2/2/10,146
2/1/10,142
1/31/10,189
1/30/10,214
1/29/10,183
1/28/10,195
1/27/10,166
1/26/10,178
1/25/10,208
1/24/10,155
1/23/10,148
1/22/10,152
1/21/10,184
1/20/10,187
1/19/10,140
1/18/10,126
1/17/10,130
1/16/10,124
1/15/10,142
1/14/10,137
1/13/10,159
1/12/10,161
1/11/10,168
1/10/10,154
1/9/10,151
1/8/10,148
1/7/10,150
1/6/10,163
1/5/10,158
1/4/10,208
1/3/10,186
1/2/10,163
1/1/10,132
12/31/09,138
12/30/09,150
12/29/09,156
12/28/09,137
12/27/09,138
12/26/09,170
12/25/09,150
12/24/09,158
12/23/09,144
12/22/09,162
12/21/09,152
12/20/09,188
12/19/09,199
12/18/09,225
12/17/09,201
12/16/09,137
12/15/09,121
12/14/09,117
12/13/09,114
12/12/09,104
12/11/09,103
12/10/09,104
12/9/09,106
12/8/09,104
12/7/09,112
12/6/09,94
12/5/09,108
12/4/09,36
12/3/09,49
12/2/09,85
12/1/09,74
11/30/09,66
11/29/09,74
11/28/09,71
11/27/09,78
11/26/09,75
11/25/09,90
11/24/09,85
11/23/09,102
11/22/09,106
11/21/09,100
11/20/09,77
11/19/09,72
11/18/09,73
11/17/09,79
11/16/09,97
11/15/09,100
11/14/09,96
11/13/09,83
11/12/09,73
11/11/09,70
11/10/09,78
11/9/09,71
11/8/09,65
11/7/09,69
11/6/09,76
11/5/09,49
11/4/09,64
11/3/09,62
11/2/09,57
11/1/09,25
10/31/09,30
10/30/09,45
10/29/09,47
10/28/09,51
10/27/09,64
10/26/09,71
10/25/09,65
10/24/09,74
10/23/09,89
10/22/09,87
10/21/09,88
10/20/09,96
10/19/09,111
10/18/09,99
10/17/09,57
10/16/09,55
10/15/09,66
10/14/09,69
10/13/09,56
10/12/09,51
10/11/09,74
10/10/09,79
10/9/09,77
10/8/09,70
10/7/09,70
10/6/09,51
10/5/09,55
10/4/09,58
10/3/09,61
10/2/09,73
10/1/09,76
9/30/09,85
9/29/09,90
9/28/09,85
9/27/09,88
9/26/09,100
9/25/09,94
9/24/09,102
9/23/09,35
9/22/09,28
9/21/09,35
9/20/09,78
9/19/09,79
9/18/09,71
9/17/09,85
9/16/09,84
9/15/09,59
9/14/09,74
9/13/09,81
9/12/09,70
9/11/09,67
9/10/09,68
9/9/09,61
9/8/09,69
9/7/09,66
9/6/09,79
9/5/09,76
9/4/09,71
9/3/09,63
9/2/09,65
9/1/09,68
8/31/09,79
8/30/09,98
8/29/09,91
8/28/09,83
8/27/09,29
8/26/09,33
8/25/09,42
8/24/09,15
8/23/09,8
8/22/09,12
8/21/09,13
8/20/09,16
8/19/09,24
8/18/09,9
8/17/09,9
8/16/09,17
8/15/09,26
8/14/09,34
8/13/09,65
8/12/09,63
8/11/09,68
8/10/09,67
8/9/09,101
8/8/09,98
8/7/09,83
8/6/09,90
8/5/09,96
8/4/09,91
8/3/09,12
8/2/09,15
8/1/09,30
7/31/09,17
7/30/09,12
7/29/09,16
7/28/09,41
7/27/09,44
7/26/09,64
7/25/09,33
7/24/09,53
7/23/09,75
7/22/09,61
7/21/09,69
7/20/09,75
7/19/09,69
7/18/09,52
7/17/09,3
7/16/09,71
7/15/09,69
7/14/09,46
7/13/09,78
7/12/09,76
7/11/09,76
7/10/09,81
7/9/09,82
7/8/09,81
7/7/09,69
7/6/09,63
7/5/09,91
7/4/09,89
7/3/09,89
7/2/09,84
7/1/09,75
6/30/09,84
6/29/09,89
6/28/09,47
6/27/09,52
6/26/09,85
6/25/09,69
6/24/09,74
6/23/09,87
6/22/09,77
6/21/09,81
6/20/09,75
6/19/09,87
6/18/09,87
6/17/09,81
6/16/09,71
6/15/09,73
6/14/09,82
6/13/09,78
6/12/09,74
6/11/09,91
6/10/09,82
6/9/09,83
6/8/09,94
6/7/09,16
6/6/09,4
6/5/09,24
6/4/09,65
6/3/09,39
6/2/09,98
6/1/09,72
5/31/09,74
5/30/09,118
5/29/09,107
5/28/09,108
5/27/09,103
5/26/09,125
5/25/09,113
5/24/09,112
5/23/09,31
5/22/09,7
5/21/09,83
5/20/09,120
5/19/09,104
5/18/09,100
5/17/09,127
5/16/09,125
5/15/09,115
5/14/09,142
5/13/09,137
5/12/09,117
5/11/09,121
5/10/09,120
5/9/09,62
5/8/09,108
5/7/09,122
5/6/09,121
5/5/09,136
5/4/09,133
5/3/09,125
5/2/09,128
5/1/09,124
4/30/09,123
4/29/09,129
4/28/09,123
4/27/09,117
4/26/09,114
4/25/09,111
4/24/09,122
4/23/09,75
4/22/09,80
4/21/09,121
4/20/09,121
4/19/09,118
4/18/09,121
4/17/09,112
4/16/09,115
4/15/09,123
4/14/09,124
4/13/09,127
4/12/09,118
4/11/09,121
4/10/09,123
4/9/09,103
4/8/09,105
4/7/09,104
4/6/09,99
4/5/09,132
4/4/09,129
4/3/09,113
4/2/09,115
4/1/09,120
3/31/09,107
3/30/09,120
3/29/09,125
3/28/09,112
3/27/09,106
3/26/09,110
3/25/09,114
3/24/09,105
3/23/09,105
3/22/09,132
3/21/09,51
3/20/09,77
3/19/09,119
3/18/09,116
3/17/09,110
3/16/09,115
3/15/09,123
3/14/09,111
3/13/09,116
3/12/09,119
3/11/09,119
3/10/09,108
3/9/09,108
3/8/09,113
3/7/09,115
3/6/09,117
3/5/09,119
3/4/09,108
3/3/09,107
3/2/09,108
3/1/09,104
2/28/09,100
2/27/09,103
2/26/09,123
2/25/09,105
2/24/09,107
2/23/09,111
2/22/09,125
2/21/09,125
2/20/09,110
2/19/09,125
2/18/09,117
2/17/09,124
2/16/09,123
2/15/09,123
2/14/09,125
2/13/09,124
2/12/09,124
2/11/09,119
2/10/09,120
2/9/09,127
2/8/09,129
2/7/09,133
2/6/09,130
2/5/09,129
2/4/09,119
2/3/09,126
2/2/09,150
2/1/09,114
1/31/09,118
1/30/09,129
1/29/09,122
1/28/09,122
1/27/09,103
1/26/09,97
1/25/09,116
1/24/09,195
1/23/09,86
1/22/09,68
1/21/09,76
1/20/09,115
1/19/09,118
1/18/09,120
1/17/09,101
1/16/09,109
1/15/09,117
1/14/09,136
1/13/09,126
1/12/09,116
1/11/09,95
1/10/09,106
1/9/09,31
1/8/09,14
1/7/09,0
1/6/09,0
1/5/09,0
1/4/09,0
1/3/09,0
1/2/09,1