Date,Total_Transactions
11/27/22,783494064
11/26/22,783266175
11/25/22,783006119
11/24/22,782751591
11/23/22,782478943
11/22/22,782224535
11/21/22,781954122
11/20/22,781725443
11/19/22,781462506
11/18/22,781181771
11/17/22,780932509
11/16/22,780665460
11/15/22,780381627
11/14/22,780139335
11/13/22,779911639
11/12/22,779671535
11/11/22,779388225
11/10/22,779093802
11/9/22,778802280
11/8/22,778505900
11/7/22,778241620
11/6/22,778017606
11/5/22,777761322
11/4/22,777479941
11/3/22,777182883
11/2/22,776924556
11/1/22,776649456
10/31/22,776364220
10/30/22,776142215
10/29/22,775889494
10/28/22,775607520
10/27/22,775339438
10/26/22,775033812
10/25/22,774784045
10/24/22,774519334
10/23/22,774302087
10/22/22,774068083
10/21/22,773799157
10/20/22,773533756
10/19/22,773270316
10/18/22,773013007
10/17/22,772752138
10/16/22,772538971
10/15/22,772297921
10/14/22,772013936
10/13/22,771731999
10/12/22,771470633
10/11/22,771202786
10/10/22,770945823
10/9/22,770734933
10/8/22,770498567
10/7/22,770228799
10/6/22,769951277
10/5/22,769683973
10/4/22,769405147
10/3/22,769131230
10/2/22,768916830
10/1/22,768676279
9/30/22,768388327
9/29/22,768121601
9/28/22,767858377
9/27/22,767587389
9/26/22,767326554
9/25/22,767115721
9/24/22,766886993
9/23/22,766605405
9/22/22,766360198
9/21/22,766099303
9/20/22,765828613
9/19/22,765575776
9/18/22,765362460
9/17/22,765115318
9/16/22,764855419
9/15/22,764576473
9/14/22,764307002
9/13/22,764047893
9/12/22,763777130
9/11/22,763556398
9/10/22,763315950
9/9/22,763024820
9/8/22,762761055
9/7/22,762496181
9/6/22,762228247
9/5/22,761978316
9/4/22,761772636
9/3/22,761530106
9/2/22,761259557
9/1/22,760992653
8/31/22,760731943
8/30/22,760469490
8/29/22,760215914
8/28/22,760014452
8/27/22,759789295
8/26/22,759526746
8/25/22,759266418
8/24/22,759009330
8/23/22,758752152
8/22/22,758502298
8/21/22,758296866
8/20/22,758074323
8/19/22,757794683
8/18/22,757502485
8/17/22,757246499
8/16/22,756971951
8/15/22,756730186
8/14/22,756525197
8/13/22,756291263
8/12/22,756018367
8/11/22,755731059
8/10/22,755465493
8/9/22,755209974
8/8/22,754954247
8/7/22,754755793
8/6/22,754520428
8/5/22,754251535
8/4/22,753971678
8/3/22,753688944
8/2/22,753422774
8/1/22,753173035
7/31/22,752962724
7/30/22,752730809
7/29/22,752449831
7/28/22,752162205
7/27/22,751905467
7/26/22,751642569
7/25/22,751387915
7/24/22,751187330
7/23/22,750963692
7/22/22,750700258
7/21/22,750426780
7/20/22,750167143
7/19/22,749887101
7/18/22,749638436
7/17/22,749436096
7/16/22,749210441
7/15/22,748940946
7/14/22,748655093
7/13/22,748431319
7/12/22,748155620
7/11/22,747926545
7/10/22,747727525
7/9/22,747506774
7/8/22,747238243
7/7/22,746956618
7/6/22,746690382
7/5/22,746444552
7/4/22,746202427
7/3/22,745997123
7/2/22,745762457
7/1/22,745490147
6/30/22,745218369
6/29/22,744954771
6/28/22,744704285
6/27/22,744445942
6/26/22,744239707
6/25/22,744021307
6/24/22,743767182
6/23/22,743511851
6/22/22,743257597
6/21/22,743003721
6/20/22,742765560
6/19/22,742565442
6/18/22,742318103
6/17/22,742067898
6/16/22,741814913
6/15/22,741518838
6/14/22,741236316
6/13/22,740963749
6/12/22,740747464
6/11/22,740518133
6/10/22,740256447
6/9/22,739994750
6/8/22,739732562
6/7/22,739467966
6/6/22,739200594
6/5/22,738999111
6/4/22,738780857
6/3/22,738511324
6/2/22,738246865
6/1/22,737975245
5/31/22,737699173
5/30/22,737427559
5/29/22,737219171
5/28/22,736992278
5/27/22,736721830
5/26/22,736459268
5/25/22,736170774
5/24/22,735935114
5/23/22,735669013
5/22/22,735459823
5/21/22,735236096
5/20/22,734968323
5/19/22,734706133
5/18/22,734444477
5/17/22,734166092
5/16/22,733892118
5/15/22,733656752
5/14/22,733366130
5/13/22,733096552
5/12/22,732821388
5/11/22,732560429
5/10/22,732280841
5/9/22,731999311
5/8/22,731767365
5/7/22,731534200
5/6/22,731248034
5/5/22,730932530
5/4/22,730700527
5/3/22,730420784
5/2/22,730149392
5/1/22,729917400
4/30/22,729657029
4/29/22,729368375
4/28/22,729093281
4/27/22,728806300
4/26/22,728533363
4/25/22,728255030
4/24/22,728034426
4/23/22,727798056
4/22/22,727537519
4/21/22,727255848
4/20/22,726970411
4/19/22,726696924
4/18/22,726450332
4/17/22,726243025
4/16/22,726018262
4/15/22,725761887
4/14/22,725497957
4/13/22,725219952
4/12/22,724941769
4/11/22,724664895
4/10/22,724448126
4/9/22,724215887
4/8/22,723947533
4/7/22,723679500
4/6/22,723405122
4/5/22,723132313
4/4/22,722855685
4/3/22,722631913
4/2/22,722377453
4/1/22,722092199
3/31/22,721813645
3/30/22,721541642
3/29/22,721252996
3/28/22,720960445
3/27/22,720741869
3/26/22,720511666
3/25/22,720221107
3/24/22,719957649
3/23/22,719693344
3/22/22,719427558
3/21/22,719169728
3/20/22,718958369
3/19/22,718715462
3/18/22,718453366
3/17/22,718176611
3/16/22,717900136
3/15/22,717636374
3/14/22,717375852
3/13/22,717168548
3/12/22,716942898
3/11/22,716690857
3/10/22,716429135
3/9/22,716156440
3/8/22,715900824
3/7/22,715644535
3/6/22,715437707
3/5/22,715213378
3/4/22,714951051
3/3/22,714682109
3/2/22,714393325
3/1/22,714113424
2/28/22,713842227
2/27/22,713632140
2/26/22,713411505
2/25/22,713150486
2/24/22,712896943
2/23/22,712644538
2/22/22,712385539
2/21/22,712147783
2/20/22,711946838
2/19/22,711725641
2/18/22,711465638
2/17/22,711209926
2/16/22,710943183
2/15/22,710669547
2/14/22,710422684
2/13/22,710212002
2/12/22,709983445
2/11/22,709726725
2/10/22,709464092
2/9/22,709198351
2/8/22,708921648
2/7/22,708659645
2/6/22,708441033
2/5/22,708182519
2/4/22,707934638
2/3/22,707668143
2/2/22,707389701
2/1/22,707116297
1/31/22,706854417
1/30/22,706645954
1/29/22,706415305
1/28/22,706150299
1/27/22,705895543
1/26/22,705634659
1/25/22,705368879
1/24/22,705098842
1/23/22,704893827
1/22/22,704643270
1/21/22,704372101
1/20/22,704099618
1/19/22,703830844
1/18/22,703565724
1/17/22,703305976
1/16/22,703090105
1/15/22,702855456
1/14/22,702585662
1/13/22,702312053
1/12/22,702040529
1/11/22,701761947
1/10/22,701493950
1/9/22,701284673
1/8/22,701060121
1/7/22,700804672
1/6/22,700540294
1/5/22,700268469
1/4/22,699995245
1/3/22,699758373
1/2/22,699561779
1/1/22,699373861
12/31/21,699106307
12/30/21,698861383
12/29/21,698584885
12/28/21,698318287
12/27/21,698069683
12/26/21,697869915
12/25/21,697663726
12/24/21,697403366
12/23/21,697110260
12/22/21,696822277
12/21/21,696517706
12/20/21,696251416
12/19/21,696043039
12/18/21,695805675
12/17/21,695541831
12/16/21,695285558
12/15/21,695004157
12/14/21,694725859
12/13/21,694448559
12/12/21,694231777
12/11/21,694005972
12/10/21,693736445
12/9/21,693453753
12/8/21,693186796
12/7/21,692898231
12/6/21,692614251
12/5/21,692397157
12/4/21,692145255
12/3/21,691856000
12/2/21,691541831
12/1/21,691253908
11/30/21,690959249
11/29/21,690658593
11/28/21,690442755
11/27/21,690203504
11/26/21,689910328
11/25/21,689623429
11/24/21,689325014
11/23/21,689041122
11/22/21,688760523
11/21/21,688539230
11/20/21,688289612
11/19/21,688004340
11/18/21,687711077
11/17/21,687421128
11/16/21,687119382
11/15/21,686829559
11/14/21,686607289
11/13/21,686368434
11/12/21,686086029
11/11/21,685791815
11/10/21,685491179
11/9/21,685155107
11/8/21,684868357
11/7/21,684643649
11/6/21,684407204
11/5/21,684121357
11/4/21,683832665
11/3/21,683543364
11/2/21,683245545
11/1/21,682953398
10/31/21,682735438
10/30/21,682483941
10/29/21,682178224
10/28/21,681881744
10/27/21,681590310
10/26/21,681295966
10/25/21,681011310
10/24/21,680801042
10/23/21,680574777
10/22/21,680289705
10/21/21,679968054
10/20/21,679675451
10/19/21,679364585
10/18/21,679078376
10/17/21,678863878
10/16/21,678594018
10/15/21,678293951
10/14/21,678012452
10/13/21,677722995
10/12/21,677448946
10/11/21,677169661
10/10/21,676957681
10/9/21,676711778
10/8/21,676432081
10/7/21,676106824
10/6/21,675838634
10/5/21,675526340
10/4/21,675257144
10/3/21,675039180
10/2/21,674778798
10/1/21,674501306
9/30/21,674209251
9/29/21,673966602
9/28/21,673704702
9/27/21,673447444
9/26/21,673252795
9/25/21,673038705
9/24/21,672762994
9/23/21,672493411
9/22/21,672217715
9/21/21,671973190
9/20/21,671703920
9/19/21,671504021
9/18/21,671275196
9/17/21,671003106
9/16/21,670732475
9/15/21,670463218
9/14/21,670195353
9/13/21,669940561
9/12/21,669747193
9/11/21,669529572
9/10/21,669268179
9/9/21,668994033
9/8/21,668723257
9/7/21,668445953
9/6/21,668178140
9/5/21,667972672
9/4/21,667743869
9/3/21,667459991
9/2/21,667169954
9/1/21,666890642
8/31/21,666619469
8/30/21,666367389
8/29/21,666176305
8/28/21,665956851
8/27/21,665701204
8/26/21,665441225
8/25/21,665178657
8/24/21,664916119
8/23/21,664644720
8/22/21,664453353
8/21/21,664234090
8/20/21,663963239
8/19/21,663709392
8/18/21,663462188
8/17/21,663203487
8/16/21,662939313
8/15/21,662755371
8/14/21,662545400
8/13/21,662284957
8/12/21,662033750
8/11/21,661772097
8/10/21,661511165
8/9/21,661257949
8/8/21,661064716
8/7/21,660852954
8/6/21,660593281
8/5/21,660346520
8/4/21,660107555
8/3/21,659860461
8/2/21,659622688
8/1/21,659435583
7/31/21,659229273
7/30/21,658974861
7/29/21,658711559
7/28/21,658459857
7/27/21,658205231
7/26/21,657942003
7/25/21,657766748
7/24/21,657569543
7/23/21,657337950
7/22/21,657109150
7/21/21,656874059
7/20/21,656643325
7/19/21,656415864
7/18/21,656254434
7/17/21,656072799
7/16/21,655849251
7/15/21,655622671
7/14/21,655386017
7/13/21,655156548
7/12/21,654935868
7/11/21,654771435
7/10/21,654582886
7/9/21,654355373
7/8/21,654124289
7/7/21,653903642
7/6/21,653673733
7/5/21,653451532
7/4/21,653279360
7/3/21,653042218
7/2/21,652854116
7/1/21,652624360
6/30/21,652404292
6/29/21,652197629
6/28/21,651981788
6/27/21,651856510
6/26/21,651675788
6/25/21,651455712
6/24/21,651223014
6/23/21,650991516
6/22/21,650795691
6/21/21,650588114
6/20/21,650422399
6/19/21,650235583
6/18/21,650012711
6/17/21,649773823
6/16/21,649521585
6/15/21,649279717
6/14/21,649035665
6/13/21,648849545
6/12/21,648626928
6/11/21,648410825
6/10/21,648157218
6/9/21,647947463
6/8/21,647700446
6/7/21,647463939
6/6/21,647278422
6/5/21,647083101
6/4/21,646848409
6/3/21,646592644
6/2/21,646341383
6/1/21,646108031
5/31/21,645880503
5/30/21,645699597
5/29/21,645503002
5/28/21,645284958
5/27/21,645069798
5/26/21,644838441
5/25/21,644605027
5/24/21,644370643
5/23/21,644175796
5/22/21,643953439
5/21/21,643726741
5/20/21,643498821
5/19/21,643235634
5/18/21,643014160
5/17/21,642762772
5/16/21,642542665
5/15/21,642312383
5/14/21,642045750
5/13/21,641770051
5/12/21,641468246
5/11/21,641155987
5/10/21,640852263
5/9/21,640605777
5/8/21,640329696
5/7/21,640021479
5/6/21,639710395
5/5/21,639401160
5/4/21,639099421
5/3/21,638812283
5/2/21,638578365
5/1/21,638316363
4/30/21,638025558
4/29/21,637766074
4/28/21,637489504
4/27/21,637190939
4/26/21,636950101
4/25/21,636708684
4/24/21,636418250
4/23/21,636123674
4/22/21,635849023
4/21/21,635622864
4/20/21,635342343
4/19/21,635135909
4/18/21,634860392
4/17/21,634665253
4/16/21,634444578
4/15/21,634085336
4/14/21,633789073
4/13/21,633477404
4/12/21,633185692
4/11/21,632932905
4/10/21,632633380
4/9/21,632310428
4/8/21,632029917
4/7/21,631709087
4/6/21,631399025
4/5/21,631110144
4/4/21,630864591
4/3/21,630582655
4/2/21,630277292
4/1/21,629964892
3/31/21,629632447
3/30/21,629311017
3/29/21,629007327
3/28/21,628759073
3/27/21,628471132
3/26/21,628178277
3/25/21,627858640
3/24/21,627555594
3/23/21,627239875
3/22/21,626942107
3/21/21,626706606
3/20/21,626419358
3/19/21,626104525
3/18/21,625772533
3/17/21,625476909
3/16/21,625157990
3/15/21,624864230
3/14/21,624557151
3/13/21,624280788
3/12/21,623960306
3/11/21,623667545
3/10/21,623323394
3/9/21,623022802
3/8/21,622730441
3/7/21,622470889
3/6/21,622182529
3/5/21,621865284
3/4/21,621575376
3/3/21,621240675
3/2/21,620904141
3/1/21,620623137
2/28/21,620368643
2/27/21,620047255
2/26/21,619741599
2/25/21,619414646
2/24/21,619057318
2/23/21,618770919
2/22/21,618485717
2/21/21,618213360
2/20/21,617891682
2/19/21,617551258
2/18/21,617234210
2/17/21,616915144
2/16/21,616620556
2/15/21,616311324
2/14/21,616012831
2/13/21,615675745
2/12/21,615332616
2/11/21,615029311
2/10/21,614687413
2/9/21,614328326
2/8/21,613991206
2/7/21,613705044
2/6/21,613372494
2/5/21,613011786
2/4/21,612644488
2/3/21,612298330
2/2/21,611935068
2/1/21,611653129
1/31/21,611362218
1/30/21,611051246
1/29/21,610710114
1/28/21,610385526
1/27/21,610060755
1/26/21,609724325
1/25/21,609414229
1/24/21,609159533
1/23/21,608856456
1/22/21,608528316
1/21/21,608238505
1/20/21,607923111
1/19/21,607597959
1/18/21,607284053
1/17/21,607012869
1/16/21,606704771
1/15/21,606359799
1/14/21,606020714
1/13/21,605701559
1/12/21,605365473
1/11/21,605031340
1/10/21,604699941
1/9/21,604378746
1/8/21,604020433
1/7/21,603618745
1/6/21,603220075
1/5/21,602865747
1/4/21,602493027
1/3/21,602133929
1/2/21,601835959
1/1/21,601577750
12/31/20,601234597
12/30/20,600894553
12/29/20,600559694
12/28/20,600249266
12/27/20,599940609
12/26/20,599667152
12/25/20,599363465
12/24/20,599094619
12/23/20,598754278
12/22/20,598431201
12/21/20,598161238
12/20/20,597879066
12/19/20,597536312
12/18/20,597160565
12/17/20,596850993
12/16/20,596535607
12/15/20,596214244
12/14/20,595900576
12/13/20,595625116
12/12/20,595329667
12/11/20,595023871
12/10/20,594710187
12/9/20,594389579
12/8/20,594058381
12/7/20,593756893
12/6/20,593499022
12/5/20,593216125
12/4/20,592897766
12/3/20,592551402
12/2/20,592224018
12/1/20,591845265
11/30/20,591587779
11/29/20,591325128
11/28/20,591031841
11/27/20,590709538
11/26/20,590384379
11/25/20,590022426
11/24/20,589690344
11/23/20,589392628
11/22/20,589120273
11/21/20,588809079
11/20/20,588462172
11/19/20,588151224
11/18/20,587788639
11/17/20,587441468
11/16/20,587129507
11/15/20,586876471
11/14/20,586602857
11/13/20,586302545
11/12/20,585977687
11/11/20,585654863
11/10/20,585352179
11/9/20,585026483
11/8/20,584782652
11/7/20,584511895
11/6/20,584172804
11/5/20,583853714
11/4/20,583532417
11/3/20,583201079
11/2/20,582975972
11/1/20,582699549
10/31/20,582424486
10/30/20,582155686
10/29/20,581879482
10/28/20,581618610
10/27/20,581366349
10/26/20,581113651
10/25/20,580871863
10/24/20,580564105
10/23/20,580241547
10/22/20,579902150
10/21/20,579591519
10/20/20,579259854
10/19/20,578956984
10/18/20,578725039
10/17/20,578449559
10/16/20,578125832
10/15/20,577784733
10/14/20,577469354
10/13/20,577136548
10/12/20,576822203
10/11/20,576565333
10/10/20,576267005
10/9/20,575927903
10/8/20,575598463
10/7/20,575227641
10/6/20,574909252
10/5/20,574614906
10/4/20,574346133
10/3/20,574036153
10/2/20,573719849
10/1/20,573414811
9/30/20,573063493
9/29/20,572717092
9/28/20,572421210
9/27/20,572161256
9/26/20,571884361
9/25/20,571532636
9/24/20,571215214
9/23/20,570865205
9/22/20,570552657
9/21/20,570255219
9/20/20,569995917
9/19/20,569700045
9/18/20,569374777
9/17/20,569025108
9/16/20,568683964
9/15/20,568348616
9/14/20,567995956
9/13/20,567741366
9/12/20,567440733
9/11/20,567132303
9/10/20,566786901
9/9/20,566471474
9/8/20,566138653
9/7/20,565811414
9/6/20,565548789
9/5/20,565222979
9/4/20,564925454
9/3/20,564613771
9/2/20,564296566
9/1/20,563920688
8/31/20,563616429
8/30/20,563347869
8/29/20,563055351
8/28/20,562702084
8/27/20,562374913
8/26/20,562049916
8/25/20,561745693
8/24/20,561416625
8/23/20,561127786
8/22/20,560816607
8/21/20,560501695
8/20/20,560169336
8/19/20,559833731
8/18/20,559488830
8/17/20,559196165
8/16/20,558910456
8/15/20,558596797
8/14/20,558230773
8/13/20,557905254
8/12/20,557558891
8/11/20,557209574
8/10/20,556901315
8/9/20,556632721
8/8/20,556348629
8/7/20,556022130
8/6/20,555665915
8/5/20,555373330
8/4/20,555044428
8/3/20,554710270
8/2/20,554422556
8/1/20,554127306
7/31/20,553770495
7/30/20,553442577
7/29/20,553095438
7/28/20,552741062
7/27/20,552413875
7/26/20,552114643
7/25/20,551820942
7/24/20,551451827
7/23/20,551115490
7/22/20,550751673
7/21/20,550438348
7/20/20,550128407
7/19/20,549851312
7/18/20,549540245
7/17/20,549246751
7/16/20,548899942
7/15/20,548583955
7/14/20,548225159
7/13/20,547914934
7/12/20,547632915
7/11/20,547324459
7/10/20,546979011
7/9/20,546617219
7/8/20,546267982
7/7/20,545922590
7/6/20,545584401
7/5/20,545310370
7/4/20,545021478
7/3/20,544690320
7/2/20,544351116
7/1/20,543968606
6/30/20,543668636
6/29/20,543353233
6/28/20,543087752
6/27/20,542812617
6/26/20,542483040
6/25/20,542170390
6/24/20,541857621
6/23/20,541502518
6/22/20,541201432
6/21/20,540942076
6/20/20,540658574
6/19/20,540314507
6/18/20,540030541
6/17/20,539696929
6/16/20,539355409
6/15/20,539060238
6/14/20,538785787
6/13/20,538503976
6/12/20,538187853
6/11/20,537854272
6/10/20,537529611
6/9/20,537201669
6/8/20,536885190
6/7/20,536631092
6/6/20,536347920
6/5/20,536019398
6/4/20,535702267
6/3/20,535388210
6/2/20,535083331
6/1/20,534776499
5/31/20,534517836
5/30/20,534231865
5/29/20,533950813
5/28/20,533650634
5/27/20,533357395
5/26/20,533062704
5/25/20,532797092
5/24/20,532581722
5/23/20,532312330
5/22/20,532032847
5/21/20,531734091
5/20/20,531454584
5/19/20,531180506
5/18/20,530906830
5/17/20,530669894
5/16/20,530372998
5/15/20,530062447
5/14/20,529794208
5/13/20,529496689
5/12/20,529151334
5/11/20,528844750
5/10/20,528558865
5/9/20,528246934
5/8/20,527922715
5/7/20,527580368
5/6/20,527247124
5/5/20,526917006
5/4/20,526591587
5/3/20,526310651
5/2/20,526022596
5/1/20,525683053
4/30/20,525360980
4/29/20,525030539
4/28/20,524705940
4/27/20,524395399
4/26/20,524142498
4/25/20,523861501
4/24/20,523541482
4/23/20,523212874
4/22/20,522934355
4/21/20,522622802
4/20/20,522312894
4/19/20,522059431
4/18/20,521770657
4/17/20,521486288
4/16/20,521163188
4/15/20,520853679
4/14/20,520554060
4/13/20,520266220
4/12/20,520037763
4/11/20,519790073
4/10/20,519501748
4/9/20,519214693
4/8/20,518926212
4/7/20,518615989
4/6/20,518334936
4/5/20,518094994
4/4/20,517840235
4/3/20,517562649
4/2/20,517262268
4/1/20,516981158
3/31/20,516690787
3/30/20,516413141
3/29/20,516180375
3/28/20,515939228
3/27/20,515664266
3/26/20,515371224
3/25/20,515152035
3/24/20,514875254
3/23/20,514615625
3/22/20,514406387
3/21/20,514160096
3/20/20,513876174
3/19/20,513610484
3/18/20,513378835
3/17/20,513100181
3/16/20,512829909
3/15/20,512605951
3/14/20,512327013
3/13/20,512050024
3/12/20,511700965
3/11/20,511412827
3/10/20,511082885
3/9/20,510735601
3/8/20,510432934
3/7/20,510117441
3/6/20,509780991
3/5/20,509429241
3/4/20,509072924
3/3/20,508730234
3/2/20,508387735
3/1/20,508387735
2/29/20,508387735
2/28/20,507401128
2/27/20,507063001
2/26/20,506732798
2/25/20,506397763
2/24/20,506069685
2/23/20,505782693
2/22/20,505479288
2/21/20,505139836
2/20/20,504823586
2/19/20,504488695
2/18/20,504157787
2/17/20,503817075
2/16/20,503524815
2/15/20,503201729
2/14/20,502875969
2/13/20,502535380
2/12/20,502190188
2/11/20,501824989
2/10/20,501527013
2/9/20,501209769
2/8/20,500892017
2/7/20,500557417
2/6/20,500241185
2/5/20,500241185
2/4/20,499563560
2/3/20,499232868
2/2/20,498940710
2/1/20,498638286
1/31/20,498303172
1/30/20,497970930
1/29/20,497630786
1/28/20,497290934
1/27/20,497010617
1/26/20,496750535
1/25/20,496464704
1/24/20,496150716
1/23/20,495819165
1/22/20,495491741
1/21/20,495177200
1/20/20,494863133
1/19/20,494578989
1/18/20,494291808
1/17/20,493967843
1/16/20,493641700
1/15/20,493308752
1/14/20,492962592
1/13/20,492670037
1/12/20,492387530
1/11/20,492078809
1/10/20,491747586
1/9/20,491424508
1/8/20,491108037
1/7/20,490763687
1/6/20,490463583
1/5/20,490176938
1/4/20,489888451
1/3/20,489572666
1/2/20,489274895
1/1/20,489025448
12/31/19,488732395
12/30/19,488408114
12/29/19,488128275
12/28/19,487830144
12/27/19,487507795
12/26/19,487209890
12/25/19,486966963
12/24/19,486676926
12/23/19,486369815
12/22/19,486089966
12/21/19,485778828
12/20/19,485446496
12/19/19,485126046
12/18/19,484811929
12/17/19,484492834
12/16/19,484164768
12/15/19,483903832
12/14/19,483610063
12/13/19,483286837
12/12/19,482975074
12/11/19,482683490
12/10/19,482362284
12/9/19,482048438
12/8/19,481769625
12/7/19,481485208
12/6/19,481170589
12/5/19,480858483
12/4/19,480521478
12/3/19,480184674
12/2/19,479870557
12/1/19,479596328
11/30/19,479318299
11/29/19,479007302
11/28/19,478697560
11/27/19,478379400
11/26/19,478058698
11/25/19,477778804
11/24/19,477512144
11/23/19,477205374
11/22/19,476895056
11/21/19,476570762
11/20/19,476249278
11/19/19,475922138
11/18/19,475617345
11/17/19,475351799
11/16/19,475069560
11/15/19,474744608
11/14/19,474394716
11/13/19,474075257
11/12/19,473774076
11/11/19,473447762
11/10/19,473147926
11/9/19,472841904
11/8/19,472529824
11/7/19,472205363
11/6/19,471890825
11/5/19,471557178
11/4/19,471247114
11/3/19,470953049
11/2/19,470668291
11/1/19,470352372
10/31/19,470055810
10/30/19,469743704
10/29/19,469436000
10/28/19,469126404
10/27/19,468869146
10/26/19,468564513
10/25/19,468235588
10/24/19,467930293
10/23/19,467582972
10/22/19,467241350
10/21/19,466888778
10/20/19,466599919
10/19/19,466295480
10/18/19,465955188
10/17/19,465620843
10/16/19,465283607
10/15/19,464942535
10/14/19,464639375
10/13/19,464359792
10/12/19,464057966
10/11/19,463712218
10/10/19,463367125
10/9/19,463055305
10/8/19,462720402
10/7/19,462388900
10/6/19,462112762
10/5/19,461787146
10/4/19,461449958
10/3/19,461123521
10/2/19,460795585
10/1/19,460459430
9/30/19,460148268
9/29/19,459862484
9/28/19,459546722
9/27/19,459242846
9/26/19,458888070
9/25/19,458540193
9/24/19,458186764
9/23/19,457899079
9/22/19,457580421
9/21/19,457244415
9/20/19,456902222
9/19/19,456557411
9/18/19,456194307
9/17/19,455850312
9/16/19,455502894
9/15/19,455227200
9/14/19,454927556
9/13/19,454620184
9/12/19,454282442
9/11/19,453945245
9/10/19,453605463
9/9/19,453288908
9/8/19,453000698
9/7/19,452685067
9/6/19,452321086
9/5/19,451968086
9/4/19,451644190
9/3/19,451273278
9/2/19,450945001
9/1/19,450660388
8/31/19,450318258
8/30/19,449967021
8/29/19,449621620
8/28/19,449280974
8/27/19,448954800
8/26/19,448636850
8/25/19,448346130
8/24/19,448041779
8/23/19,447702294
8/22/19,447379651
8/21/19,447071062
8/20/19,446738249
8/19/19,446408235
8/18/19,446132072
8/17/19,445843302
8/16/19,445518540
8/15/19,445163316
8/14/19,444803906
8/13/19,444432743
8/12/19,444135872
8/11/19,443862827
8/10/19,443556992
8/9/19,443217329
8/8/19,442880797
8/7/19,442510468
8/6/19,442141959
8/5/19,441802055
8/4/19,441501346
8/3/19,441175911
8/2/19,440825797
8/1/19,440490153
7/31/19,440128033
7/30/19,439801073
7/29/19,439466726
7/28/19,439194279
7/27/19,438910919
7/26/19,438590698
7/25/19,438254188
7/24/19,437958818
7/23/19,437638264
7/22/19,437318209
7/21/19,437033906
7/20/19,436711204
7/19/19,436412702
7/18/19,436096727
7/17/19,435772362
7/16/19,435408176
7/15/19,435059067
7/14/19,434756170
7/13/19,434451463
7/12/19,434090079
7/11/19,433764593
7/10/19,433448280
7/9/19,433083366
7/8/19,432704487
7/7/19,432390866
7/6/19,432041973
7/5/19,431664224
7/4/19,431292036
7/3/19,430894074
7/2/19,430521030
7/1/19,430185169
6/30/19,429854710
6/29/19,429496915
6/28/19,429091367
6/27/19,428729222
6/26/19,428329462
6/25/19,427968264
6/24/19,427579844
6/23/19,427200304
6/22/19,426847029
6/21/19,426507765
6/20/19,426177973
6/19/19,425778098
6/18/19,425381442
6/17/19,425060575
6/16/19,424766007
6/15/19,424435522
6/14/19,424070887
6/13/19,423706779
6/12/19,423377718
6/11/19,423036883
6/10/19,422684411
6/9/19,422381534
6/8/19,422089046
6/7/19,421737471
6/6/19,421374564
6/5/19,421000986
6/4/19,420626651
6/3/19,420332734
6/2/19,420031549
6/1/19,419699192
5/31/19,419400188
5/30/19,419023424
5/29/19,418618100
5/28/19,418228062
5/27/19,417828470
5/26/19,417454209
5/25/19,417115354
5/24/19,416740497
5/23/19,416352878
5/22/19,415958184
5/21/19,415576997
5/20/19,415195412
5/19/19,414847973
5/18/19,414488098
5/17/19,414127769
5/16/19,413750644
5/15/19,413382888
5/14/19,413015860
5/13/19,412624734
5/12/19,412286381
5/11/19,411941911
5/10/19,411619340
5/9/19,411258260
5/8/19,410864056
5/7/19,410533718
5/6/19,410155190
5/5/19,409824838
5/4/19,409467939
5/3/19,409086890
5/2/19,408634126
5/1/19,408194316
4/30/19,407847689
4/29/19,407482370
4/28/19,407102106
4/27/19,406741853
4/26/19,406360316
4/25/19,405977267
4/24/19,405571135
4/23/19,405261147
4/22/19,404918202
4/21/19,404527423
4/20/19,404206925
4/19/19,403845132
4/18/19,403462303
4/17/19,403112375
4/16/19,402751849
4/15/19,402371909
4/14/19,402034908
4/13/19,401667494
4/12/19,401291350
4/11/19,400887682
4/10/19,400491259
4/9/19,400146040
4/8/19,399773628
4/7/19,399422126
4/6/19,399063502
4/5/19,398676823
4/4/19,398322282
4/3/19,397961949
4/2/19,397560778
4/1/19,397191600
3/31/19,396808790
3/30/19,396430531
3/29/19,396060389
3/28/19,395667869
3/27/19,395284437
3/26/19,394917292
3/25/19,394595728
3/24/19,394368579
3/23/19,394117664
3/22/19,393819961
3/21/19,393519539
3/20/19,393213190
3/19/19,392909089
3/18/19,392617627
3/17/19,392390409
3/16/19,392128023
3/15/19,391830365
3/14/19,391532118
3/13/19,391245872
3/12/19,390960055
3/11/19,390665188
3/10/19,390452439
3/9/19,390211069
3/8/19,389926079
3/7/19,389644537
3/6/19,389365876
3/5/19,389081411
3/4/19,388777046
3/3/19,388423446
3/2/19,388088041
3/1/19,387732061
2/28/19,387365574
2/27/19,387020618
2/26/19,386654409
2/25/19,386317544
2/24/19,385996720
2/23/19,385667475
2/22/19,385318463
2/21/19,385019779
2/20/19,384706036
2/19/19,384358965
2/18/19,384014329
2/17/19,383686764
2/16/19,383353927
2/15/19,383058777
2/14/19,382703790
2/13/19,382350594
2/12/19,382076756
2/11/19,381763202
2/10/19,381463245
2/9/19,381152017
2/8/19,380816577
2/7/19,380464310
2/6/19,380114335
2/5/19,379761650
2/4/19,379426446
2/3/19,379125892
2/2/19,378801514
2/1/19,378464436
1/31/19,378109678
1/30/19,377787483
1/29/19,377461664
1/28/19,377152636
1/27/19,376876738
1/26/19,376588234
1/25/19,376287875
1/24/19,375980457
1/23/19,375685513
1/22/19,375390878
1/21/19,375359628
1/20/19,375044426
1/19/19,374498314
1/18/19,374468120
1/17/19,374162155
1/16/19,373591457
1/15/19,373559758
1/14/19,373257479
1/13/19,372685575
1/12/19,372653797
1/11/19,372372295
1/10/19,371764711
1/9/19,371736585
1/8/19,371417529
1/7/19,370844663
1/6/19,370814223
1/5/19,370555701
1/4/19,370039173
1/3/19,370008737
1/2/19,369717721
1/1/19,369240247
12/31/18,369211300
12/30/18,368951616
12/29/18,368450145
12/28/18,368418997
12/27/18,368110730
12/26/18,367559150
12/25/18,367529405
12/24/18,367264353
12/23/18,366772667
12/22/18,366741317
12/21/18,366490101
12/20/18,365952427
12/19/18,365922240
12/18/18,365619848
12/17/18,365084181
12/16/18,365054780
12/15/18,364828327
12/14/18,364319466
12/13/18,364289647
12/12/18,364021225
12/11/18,363537909
12/10/18,363508315
12/9/18,363249962
12/8/18,362811308
12/7/18,362780289
12/6/18,362526399
12/5/18,362020227
12/4/18,361990244
12/3/18,361720055
12/2/18,361286427
12/1/18,361256730
11/30/18,361014883
11/29/18,360548754
11/28/18,360518500
11/27/18,360264044
11/26/18,359769385
11/25/18,359738449
11/24/18,359499193
11/23/18,359003417
11/22/18,358973915
11/21/18,358707799
11/20/18,358195175
11/19/18,358164407
11/18/18,357896436
11/17/18,357423738
11/16/18,357393984
11/15/18,357110860
11/14/18,356555806
11/13/18,356526580
11/12/18,356247420
11/11/18,355730743
11/10/18,355700423
11/9/18,355447924
11/8/18,354917733
11/7/18,354886431
11/6/18,354592697
11/5/18,354045146
11/4/18,354010963
11/3/18,353784716
11/2/18,353271482
11/1/18,353242448
10/31/18,352960507
10/30/18,352418320
10/29/18,352388897
10/28/18,352119143
10/27/18,351695700
10/26/18,351665534
10/25/18,351412532
10/24/18,350934362
10/23/18,350903842
10/22/18,350650379
10/21/18,350214208
10/20/18,350183550
10/19/18,349955729
10/18/18,349478101
10/17/18,349448453
10/16/18,349188091
10/15/18,348691915
10/14/18,348663179
10/13/18,348471920
10/12/18,348053877
10/11/18,348023649
10/10/18,347761182
10/9/18,347311050
10/8/18,347280375
10/7/18,347032334
10/6/18,346626975
10/5/18,346597760
10/4/18,346353041
10/3/18,345897079
10/2/18,345867581
10/1/18,345622809
9/30/18,345202714
9/29/18,345171779
9/28/18,344953440
9/27/18,344481298
9/26/18,344450515
9/25/18,344206588
9/24/18,343748212
9/23/18,343716805
9/22/18,343516486
9/21/18,343048853
9/20/18,343017898
9/19/18,342764224
9/18/18,342298731
9/17/18,342268928
9/16/18,342028776
9/15/18,341668733
9/14/18,341638222
9/13/18,341414972
9/12/18,340976549
9/11/18,340947488
9/10/18,340709917
9/9/18,340327940
9/8/18,340298139
9/7/18,340093711
9/6/18,339640512
9/5/18,339610660
9/4/18,339364183
9/3/18,338938147
9/2/18,338909021
9/1/18,338721876
8/31/18,338302056
8/30/18,338271469
8/29/18,338040078
8/28/18,337595312
8/27/18,337564531
8/26/18,337340875
8/25/18,337002185
8/24/18,336971708
8/23/18,336751860
8/22/18,336335154
8/21/18,336304175
8/20/18,336086398
8/19/18,335734719
8/18/18,335704015
8/17/18,335513080
8/16/18,335078184
8/15/18,335046951
8/14/18,334800885
8/13/18,334361876
8/12/18,334331034
8/11/18,334165990
8/10/18,333776670
8/9/18,333747404
8/8/18,333525078
8/7/18,333087523
8/6/18,333056722
8/5/18,332838115
8/4/18,332504613
8/3/18,332474277
8/2/18,332244418
8/1/18,331809220
7/31/18,331778501
7/30/18,331535524
7/29/18,331165608
7/28/18,331136193
7/27/18,330947955
7/26/18,330516827
7/25/18,330486879
7/24/18,330236671
7/23/18,329777040
7/22/18,329747833
7/21/18,329580704
7/20/18,329199348
7/19/18,329170372
7/18/18,328945333
7/17/18,328503258
7/16/18,328472598
7/15/18,328264756
7/14/18,327956850
7/13/18,327927130
7/12/18,327719226
7/11/18,327342411
7/10/18,327313088
7/9/18,327097025
7/8/18,326763721
7/7/18,326734794
7/6/18,326564634
7/5/18,326193849
7/4/18,326164041
7/3/18,325957253
7/2/18,325569824
7/1/18,325541212
6/30/18,325384965
6/29/18,325036995
6/28/18,325006019
6/27/18,324818395
6/26/18,324463101
6/25/18,324434481
6/24/18,324234308
6/23/18,323943746
6/22/18,323912991
6/21/18,323708847
6/20/18,323340398
6/19/18,323311845
6/18/18,323120040
6/17/18,322808285
6/16/18,322778827
6/15/18,322619737
6/14/18,322234256
6/13/18,322203847
6/12/18,321992018
6/11/18,321594104
6/10/18,321564227
6/9/18,321384418
6/8/18,321042759
6/7/18,321012733
6/6/18,320805106
6/5/18,320414251
6/4/18,320385788
6/3/18,320175872
6/2/18,319866167
6/1/18,319837932
5/31/18,319632451
5/30/18,319249712
5/29/18,319218848
5/28/18,319014079
5/27/18,318709582
5/26/18,318680712
5/25/18,318521929
5/24/18,318149806
5/23/18,318118923
5/22/18,317895727
5/21/18,317519701
5/20/18,317489743
5/19/18,317331080
5/18/18,316975560
5/17/18,316946310
5/16/18,316753627
5/15/18,316358924
5/14/18,316330385
5/13/18,316120688
5/12/18,315808884
5/11/18,315779840
5/10/18,315566216
5/9/18,315180744
5/8/18,315150676
5/7/18,314932866
5/6/18,314584099
5/5/18,314556042
5/4/18,314353339
5/3/18,313935418
5/2/18,313905749
5/1/18,313693453
4/30/18,313307396
4/29/18,313278387
4/28/18,313097589
4/27/18,312713491
4/26/18,312682789
4/25/18,312466057
4/24/18,312029818
4/23/18,311998409
4/22/18,311772056
4/21/18,311436020
4/20/18,311406211
4/19/18,311198434
4/18/18,310814757
4/17/18,310784171
4/16/18,310582351
4/15/18,310243378
4/14/18,310212214
4/13/18,310050371
4/12/18,309650967
4/11/18,309622210
4/10/18,309438962
4/9/18,309105098
4/8/18,309075984
4/7/18,308937449
4/6/18,308638681
4/5/18,308609921
4/4/18,308428089
4/3/18,308073189
4/2/18,308043460
4/1/18,307875282
3/31/18,307621826
3/30/18,307591536
3/29/18,307405596
3/28/18,307065165
3/27/18,307035664
3/26/18,306848599
3/25/18,306554674
3/24/18,306525475
3/23/18,306368388
3/22/18,306033506
3/21/18,306003383
3/20/18,305808537
3/19/18,305450795
3/18/18,305421841
3/17/18,305257440
3/16/18,304944343
3/15/18,304915965
3/14/18,304709779
3/13/18,304351957
3/12/18,304322597
3/11/18,304134203
3/10/18,303857516
3/9/18,303827091
3/8/18,303628911
3/7/18,303249000
3/6/18,303218511
3/5/18,303012495
3/4/18,302681040
3/3/18,302650826
3/2/18,302473802
3/1/18,302074987
2/28/18,302044985
2/27/18,301855762
2/26/18,301478395
2/25/18,301449664
2/24/18,301304795
2/23/18,300995812
2/22/18,300965068
2/21/18,300781833
2/20/18,300408842
2/19/18,300378177
2/18/18,300190810
2/17/18,299887754
2/16/18,299857526
2/15/18,299669788
2/14/18,299306169
2/13/18,299275188
2/12/18,299092204
2/11/18,298786784
2/10/18,298758078
2/9/18,298576295
2/8/18,298254822
2/7/18,298225146
2/6/18,298011427
2/5/18,297579967
2/4/18,297550944
2/3/18,297377257
2/2/18,296975108
2/1/18,296946448
1/31/18,296688784
1/30/18,296275901
1/29/18,296247899
1/28/18,296015723
1/27/18,295638481
1/26/18,295608699
1/25/18,295388240
1/24/18,294929690
1/23/18,294901237
1/22/18,294629301
1/21/18,294197236
1/20/18,294168117
1/19/18,293927506
1/18/18,293404775
1/17/18,293374392
1/16/18,293058621
1/15/18,292512025
1/14/18,292481273
1/13/18,292246228
1/12/18,291709927
1/11/18,291680402
1/10/18,291342443
1/9/18,290665709
1/8/18,290634785
1/7/18,290289113
1/6/18,289592587
1/5/18,289562079
1/4/18,289219372
1/3/18,288429056
1/2/18,288398401
1/1/18,288057421
12/31/17,287555016
12/30/17,287525242
12/29/17,287180835
12/28/17,286552442
12/27/17,286521958
12/26/17,286214316
12/25/17,285768307
12/24/17,285737950
12/23/17,285458427
12/22/17,284800994
12/21/17,284769568
12/20/17,284434086
12/19/17,283715925
12/18/17,283685187
12/17/17,283290948
12/16/17,282565792
12/15/17,282534816
12/14/17,282129140
12/13/17,281243773
12/12/17,281213917
12/11/17,280840940
12/10/17,280160964
12/9/17,280130922
12/8/17,279727523
12/7/17,278997634
12/6/17,278970086
12/5/17,278526499
12/4/17,277747090
12/3/17,277720104
12/2/17,277367060
12/1/17,276655859
11/30/17,276627798
11/29/17,276243412
11/28/17,275506669
11/27/17,275479345
11/26/17,275100089
11/25/17,274461282
11/24/17,274433723
11/23/17,274127988
11/22/17,273491904
11/21/17,273519072
11/20/17,273147981
11/19/17,272519017
11/18/17,272546922
11/17/17,272276048
11/16/17,271631544
11/15/17,271659035
11/14/17,271337247
11/13/17,270728389
11/12/17,270755953
11/11/17,270569987
11/10/17,270075705
11/9/17,270103608
11/8/17,269762327
11/7/17,269098994
11/6/17,269125345
11/5/17,268854316
11/4/17,268281249
11/3/17,268308467
11/2/17,268030869
11/1/17,267310740
10/31/17,267447607
10/30/17,267170072
10/29/17,266383322
10/28/17,266519970
10/27/17,266312904
10/26/17,265661480
10/25/17,265800385
10/24/17,265484970
10/23/17,264683511
10/22/17,264821654
10/21/17,264532523
10/20/17,263770410
10/19/17,263907857
10/18/17,263550872
10/17/17,262749769
10/16/17,262886855
10/15/17,262572130
10/14/17,261858188
10/13/17,261995517
10/12/17,261685698
10/11/17,260962901
10/10/17,261100075
10/9/17,260796974
10/8/17,260122493
10/7/17,260261643
10/6/17,260030417
10/5/17,259335557
10/4/17,259473475
10/3/17,259240649
10/2/17,258526322
10/1/17,258663515
9/30/17,258459862
9/29/17,257855129
9/28/17,257992746
9/27/17,257716770
9/26/17,257058048
9/25/17,257195161
9/24/17,256968558
9/23/17,256441730
9/22/17,256579420
9/21/17,256351805
9/20/17,255723565
9/19/17,255860825
9/18/17,255577908
9/17/17,255023773
9/16/17,255162021
9/15/17,254933764
9/14/17,254235242
9/13/17,254373617
9/12/17,254110297
9/11/17,253462800
9/10/17,253600575
9/9/17,253407335
9/8/17,252772597
9/7/17,252909957
9/6/17,252653583
9/5/17,251961553
9/4/17,252099410
9/3/17,251830130
9/2/17,251259380
9/1/17,251398030
8/31/17,251114360
8/30/17,250423130
8/29/17,250562170
8/28/17,250281054
8/27/17,249658217
8/26/17,249795392
8/25/17,249568907
8/24/17,249019577
8/23/17,249156933
8/22/17,248841199
8/21/17,248269707
8/20/17,248408144
8/19/17,248197292
8/18/17,247480589
8/17/17,247618210
8/16/17,247270891
8/15/17,246547545
8/14/17,246685023
8/13/17,246429661
8/12/17,245767643
8/11/17,245905830
8/10/17,245621829
8/9/17,244965312
8/8/17,245102909
8/7/17,244827335
8/6/17,244240858
8/5/17,244378706
8/4/17,244138935
8/3/17,243552842
8/2/17,243690126
8/1/17,243480805
7/31/17,242981228
7/30/17,243117918
7/29/17,242933773
7/28/17,242337725
7/27/17,242475432
7/26/17,242250063
7/25/17,241630558
7/24/17,241768174
7/23/17,241528102
7/22/17,240987019
7/21/17,241123713
7/20/17,240855270
7/19/17,240233338
7/18/17,240371303
7/17/17,240110728
7/16/17,239539194
7/15/17,239677248
7/14/17,239455397
7/13/17,238843535
7/12/17,238981599
7/11/17,238724461
7/10/17,238068407
7/9/17,238206980
7/8/17,238018856
7/7/17,237416725
7/6/17,237554407
7/5/17,237329301
7/4/17,236698108
7/3/17,236836810
7/2/17,236836810
7/1/17,236026202
6/30/17,236165171
6/29/17,235897811
6/28/17,235249343
6/27/17,235386946
6/26/17,235127209
6/25/17,234545444
6/24/17,234684584
6/23/17,234457457
6/22/17,233790059
6/21/17,233927834
6/20/17,233647631
6/19/17,232970155
6/18/17,233108419
6/17/17,232899060
6/16/17,232254968
6/15/17,232392569
6/14/17,232099428
6/13/17,231382646
6/12/17,231520008
6/11/17,231250910
6/10/17,230635247
6/9/17,230773025
6/8/17,230490841
6/7/17,229706676
6/6/17,229843744
6/5/17,229546328
6/4/17,228851515
6/3/17,228990354
6/2/17,228685034
6/1/17,227956097
5/31/17,228093786
5/30/17,227772152
5/29/17,226963902
5/28/17,227102553
5/27/17,226794410
5/26/17,225991952
5/25/17,226129156
5/24/17,225779042
5/23/17,224935714
5/22/17,225072690
5/21/17,224744822
5/20/17,223927742
5/19/17,224065960
5/18/17,223746458
5/17/17,223001274
5/16/17,223140027
5/15/17,222906050
5/14/17,222070336
5/13/17,222207723
5/12/17,221878457
5/11/17,221129068
5/10/17,221266016
5/9/17,220954625
5/8/17,220119534
5/7/17,220256650
5/6/17,219940639
5/5/17,219173768
5/4/17,219310424
5/3/17,218955687
5/2/17,218189730
5/1/17,218327377
4/30/17,218032591
4/29/17,217271715
4/28/17,217409783
4/27/17,217104512
4/26/17,216334128
4/25/17,216472157
4/24/17,216146770
4/23/17,215541445
4/22/17,215679060
4/21/17,215410348
4/20/17,214675280
4/19/17,214810369
4/18/17,214500265
4/17/17,213815471
4/16/17,213951990
4/15/17,213740161
4/14/17,213043164
4/13/17,213177977
4/12/17,212949298
4/11/17,212229346
4/10/17,212363312
4/9/17,212087816
4/8/17,211489676
4/7/17,211622571
4/6/17,211327108
4/5/17,210587743
4/4/17,210720088
4/3/17,210464073
4/2/17,209799698
4/1/17,209931729
3/31/17,209675858
3/30/17,208994833
3/29/17,209127667
3/28/17,208843736
3/27/17,208183230
3/26/17,208317444
3/25/17,208095529
3/24/17,207430961
3/23/17,207563033
3/22/17,207275162
3/21/17,206538993
3/20/17,206666394
3/19/17,206389361
3/18/17,205728274
3/17/17,205854592
3/16/17,205562396
3/15/17,204816495
3/14/17,204942928
3/13/17,204632533
3/12/17,204012189
3/11/17,204138344
3/10/17,203857663
3/9/17,203118308
3/8/17,203245549
3/7/17,202948441
3/6/17,202206462
3/5/17,202332808
3/4/17,202052069
3/3/17,201323192
3/2/17,201445884
3/1/17,201116456
2/28/17,200351965
2/27/17,200475159
2/26/17,200190604
2/25/17,199476388
2/24/17,199598880
2/23/17,199248129
2/22/17,198524321
2/21/17,198638192
2/20/17,198359102
2/19/17,197709937
2/18/17,197824653
2/17/17,197536504
2/16/17,196820613
2/15/17,196931408
2/14/17,196636622
2/13/17,195922554
2/12/17,196033248
2/11/17,195795066
2/10/17,195120214
2/9/17,195227924
2/8/17,194881380
2/7/17,194139731
2/6/17,194247796
2/5/17,194017769
2/4/17,193333476
2/3/17,193439342
2/2/17,193115779
2/1/17,192400284
1/31/17,192505660
1/30/17,192197977
1/29/17,191602539
1/28/17,191705521
1/27/17,191459126
1/26/17,190780358
1/25/17,190877890
1/24/17,190571929
1/23/17,189960748
1/22/17,190057060
1/21/17,189820174
1/20/17,189163243
1/19/17,189258235
1/18/17,188957630
1/17/17,188272195
1/16/17,188366182
1/15/17,188098542
1/14/17,187526244
1/13/17,187620274
1/12/17,187345125
1/11/17,186655527
1/10/17,186744311
1/9/17,186420423
1/8/17,185801925
1/7/17,185890375
1/6/17,185605656
1/5/17,184884526
1/4/17,184970750
1/3/17,184640586
1/2/17,183961799
1/1/17,184045240
12/31/16,183864738
12/30/16,183245492
12/29/16,183327647
12/28/16,183023042
12/27/16,182339551
12/26/16,182421102
12/25/16,182176188
12/24/16,181654768
12/23/16,181735754
12/22/16,181430757
12/21/16,180710924
12/20/16,180790436
12/19/16,180493963
12/18/16,179896884
12/17/16,179973322
12/16/16,179734288
12/15/16,179096782
12/14/16,179172242
12/13/16,178885914
12/12/16,178248794
12/11/16,178594157
12/10/16,178092651
12/9/16,177500532
12/8/16,177573595
12/7/16,177290884
12/6/16,176586689
12/5/16,176659761
12/4/16,176381760
12/3/16,175775608
12/2/16,175848122
12/1/16,175529859
11/30/16,174927253
11/29/16,174997523
11/28/16,174703383
11/27/16,174101890
11/26/16,174167464
11/25/16,173888090
11/24/16,173179444
11/23/16,173239237
11/22/16,172962313
11/21/16,172332907
11/20/16,172389264
11/19/16,172142727
11/18/16,171562995
11/17/16,171617042
11/16/16,171339582
11/15/16,170715430
11/14/16,170768044
11/13/16,170497538
11/12/16,169996175
11/11/16,170047324
11/10/16,169792705
11/9/16,169199935
11/8/16,169251236
11/7/16,168955176
11/6/16,168403477
11/5/16,168452475
11/4/16,168210443
11/3/16,167646148
11/2/16,167689062
11/1/16,167420644
10/31/16,166888161
10/30/16,166932216
10/29/16,166722879
10/28/16,166201161
10/27/16,166242314
10/26/16,165915926
10/25/16,165412637
10/24/16,165452972
10/23/16,165225992
10/22/16,164778698
10/21/16,164817706
10/20/16,164552351
10/19/16,164042780
10/18/16,164080946
10/17/16,163829425
10/16/16,163356315
10/15/16,163394317
10/14/16,163183869
10/13/16,162676795
10/12/16,162714442
10/11/16,162478778
10/10/16,161955206
10/9/16,161990439
10/8/16,161779891
10/7/16,161229748
10/6/16,161260800
10/5/16,160986314
10/4/16,160424277
10/3/16,160454841
10/2/16,160194028
10/1/16,159758444
9/30/16,159787415
9/29/16,159536472
9/28/16,159030221
9/27/16,159058747
9/26/16,158815739
9/25/16,158362171
9/24/16,158387672
9/23/16,158177162
9/22/16,157699018
9/21/16,157722748
9/20/16,157483532
9/19/16,156992678
9/18/16,157012005
9/17/16,156820402
9/16/16,156372460
9/15/16,156391731
9/14/16,156158243
9/13/16,155669828
9/12/16,155685228
9/11/16,155476579
9/10/16,155087012
9/9/16,155102868
9/8/16,154880774
9/7/16,154388853
9/6/16,154402959
9/5/16,154170841
9/4/16,153745688
9/3/16,153759914
9/2/16,153577710
9/1/16,153099551
8/31/16,153113647
8/30/16,152887270
8/29/16,152397494
8/28/16,152407502
8/27/16,152233013
8/26/16,151805017
8/25/16,151815148
8/24/16,151581139
8/23/16,151096839
8/22/16,151104162
8/21/16,150874361
8/20/16,150474869
8/19/16,150479105
8/18/16,150233010
8/17/16,149751870
8/16/16,149755466
8/15/16,149499019
8/14/16,149093943
8/13/16,149095546
8/12/16,148878289
8/11/16,148392775
8/10/16,148390801
8/9/16,148145220
8/8/16,147679693
8/7/16,147675225
8/6/16,147482811
8/5/16,147064064
8/4/16,147058016
8/3/16,146826181
8/2/16,146339823
8/1/16,146328380
7/31/16,146103331
7/30/16,145723125
7/29/16,145711593
7/28/16,145480179
7/27/16,145021110
7/26/16,145007630
7/25/16,144769957
7/24/16,144358967
7/23/16,144342903
7/22/16,144147107
7/21/16,143724729
7/20/16,143708097
7/19/16,143480668
7/18/16,143052608
7/17/16,143032695
7/16/16,142861682
7/15/16,142483779
7/14/16,142463409
7/13/16,142242754
7/12/16,141830178
7/11/16,141805627
7/10/16,141587538
7/9/16,141264418
7/8/16,141239525
7/7/16,141028824
7/6/16,140623108
7/5/16,140597321
7/4/16,140382362
7/3/16,140016445
7/2/16,139991335
7/1/16,139792460
6/30/16,139380098
6/29/16,139350091
6/28/16,139125979
6/27/16,138726232
6/26/16,138695892
6/25/16,138512137
6/24/16,138099653
6/23/16,138062251
6/22/16,137820951
6/21/16,137374266
6/20/16,137337146
6/19/16,137087812
6/18/16,136671263
6/17/16,136633223
6/16/16,136379471
6/15/16,135891947
6/14/16,135849091
6/13/16,135601459
6/12/16,135182216
6/11/16,135139394
6/10/16,134926235
6/9/16,134505441
6/8/16,134461515
6/7/16,134231582
6/6/16,133821173
6/5/16,133761835
6/4/16,133571307
6/3/16,133202151
6/2/16,133139973
6/1/16,132908874
5/31/16,132520907
5/30/16,132459240
5/29/16,132247871
5/28/16,131936652
5/27/16,131876075
5/26/16,131660779
5/25/16,131255015
5/24/16,131192842
5/23/16,130946325
5/22/16,130599207
5/21/16,130539222
5/20/16,130347761
5/19/16,129981129
5/18/16,129919219
5/17/16,129684135
5/16/16,129267248
5/15/16,129205700
5/14/16,129005529
5/13/16,128624687
5/12/16,128562103
5/11/16,128333694
5/10/16,127915571
5/9/16,127853561
5/8/16,127627110
5/7/16,127297075
5/6/16,127239486
5/5/16,127006254
5/4/16,126600030
5/3/16,126542981
5/2/16,126307372
5/1/16,125951328
4/30/16,125892157
4/29/16,125676445
4/28/16,125225958
4/27/16,125166603
4/26/16,124927168
4/25/16,124517359
4/24/16,124458860
4/23/16,124275705
4/22/16,123938446
4/21/16,123879513
4/20/16,123666718
4/19/16,123281808
4/18/16,123222143
4/17/16,123018978
4/16/16,122687563
4/15/16,122634879
4/14/16,122418029
4/13/16,122022428
4/12/16,121965037
4/11/16,121724837
4/10/16,121366578
4/9/16,121325797
4/8/16,121118242
4/7/16,120735083
4/6/16,120682886
4/5/16,120464301
4/4/16,120091897
4/3/16,120046638
4/2/16,119869916
4/1/16,119519077
3/31/16,119469454
3/30/16,119260478
3/29/16,118912333
3/28/16,118860731
3/27/16,118679431
3/26/16,118398008
3/25/16,118355547
3/24/16,118181938
3/23/16,117848968
3/22/16,117799076
3/21/16,117588588
3/20/16,117267257
3/19/16,117223397
3/18/16,117034534
3/17/16,116675024
3/16/16,116623983
3/15/16,116408010
3/14/16,116067327
3/13/16,116210333
3/12/16,116022932
3/11/16,115560676
3/10/16,115512514
3/9/16,115319903
3/8/16,114982938
3/7/16,114938351
3/6/16,114754821
3/5/16,114402043
3/4/16,114345218
3/3/16,114133114
3/2/16,113703426
3/1/16,113635409
2/29/16,113374790
2/28/16,112927487
2/27/16,112884398
2/26/16,112701975
2/25/16,112324526
2/24/16,112273396
2/23/16,112048284
2/22/16,111618240
2/21/16,111576742
2/20/16,111367466
2/19/16,110977656
2/18/16,110926655
2/17/16,110713890
2/16/16,110322168
2/15/16,110267707
2/14/16,110060310
2/13/16,109728733
2/12/16,109680823
2/11/16,109477917
2/10/16,109072066
2/9/16,109016513
2/8/16,108785714
2/7/16,108402806
2/6/16,108353021
2/5/16,108120269
2/4/16,107752515
2/3/16,107703294
2/2/16,107503207
2/1/16,107097081
1/31/16,107049445
1/30/16,106880820
1/29/16,106502228
1/28/16,106448214
1/27/16,106216760
1/26/16,105817323
1/25/16,105754200
1/24/16,105543608
1/23/16,105202118
1/22/16,105149123
1/21/16,104923017
1/20/16,104557079
1/19/16,104516744
1/18/16,104311009
1/17/16,103952402
1/16/16,103904344
1/15/16,103714043
1/14/16,103395326
1/13/16,103345548
1/12/16,103153920
1/11/16,102819870
1/10/16,102777493
1/9/16,102612806
1/8/16,102297161
1/7/16,102244431
1/6/16,102066558
1/5/16,101752002
1/4/16,101702068
1/3/16,101531892
1/2/16,101278339
1/1/16,101247924
12/31/15,101124301
12/30/15,100823539
12/29/15,100778333
12/28/15,100591293
12/27/15,100305034
12/26/15,100267902
12/25/15,100096998
12/24/15,99735843
12/23/15,99685685
12/22/15,99464396
12/21/15,99063485
12/20/15,99019154
12/19/15,98827713
12/18/15,98441030
12/17/15,98396382
12/16/15,98176782
12/15/15,97778984
12/14/15,97726545
12/13/15,97505046
12/12/15,97153769
12/11/15,97107439
12/10/15,96896241
12/9/15,96510342
12/8/15,96462286
12/7/15,96270189
12/6/15,95944904
12/5/15,96084401
12/4/15,95904624
12/3/15,95419748
12/2/15,95373150
12/1/15,95195873
11/30/15,94875404
11/29/15,94839286
11/28/15,94708528
11/27/15,94418793
11/26/15,94380187
11/25/15,94215457
11/24/15,93949212
11/23/15,93912938
11/22/15,93770240
11/21/15,93524134
11/20/15,93484824
11/19/15,93329696
11/18/15,93048573
11/17/15,93006548
11/16/15,92848294
11/15/15,92591602
11/14/15,92558885
11/13/15,92402820
11/12/15,92128093
11/11/15,92091613
11/10/15,91920454
11/9/15,91646798
11/8/15,91613629
11/7/15,91478844
11/6/15,91195515
11/5/15,91152035
11/4/15,90962709
11/3/15,90623097
11/2/15,90573561
11/1/15,90413905
10/31/15,90142549
10/30/15,90101965
10/29/15,89937027
10/28/15,89654027
10/27/15,89616631
10/26/15,89475022
10/25/15,89253096
10/24/15,89220772
10/23/15,89079945
10/22/15,88820718
10/21/15,88783832
10/20/15,88622801
10/19/15,88380005
10/18/15,88348138
10/17/15,88348138
10/16/15,87982906
10/15/15,88087972
10/14/15,87944087
10/13/15,87551339
10/12/15,87650600
10/11/15,87516843
10/10/15,87186980
10/9/15,87284038
10/8/15,87155420
10/7/15,86797103
10/6/15,86896340
10/5/15,86756824
10/4/15,86421773
10/3/15,86496950
10/2/15,86396092
10/1/15,86027709
9/30/15,86127271
9/29/15,85991386
9/28/15,85608895
9/27/15,85710595
9/26/15,85579710
9/25/15,85256220
9/24/15,85222120
9/23/15,85097298
9/22/15,84864066
9/21/15,84825512
9/20/15,84700845
9/19/15,84509023
9/18/15,84476913
9/17/15,84288583
9/16/15,83919841
9/15/15,83878178
9/14/15,83712185
9/13/15,83444582
9/12/15,83409334
9/11/15,83255796
9/10/15,83001503
9/9/15,82967725
9/8/15,82839106
9/7/15,82623956
9/6/15,82593314
9/5/15,82487213
9/4/15,82289335
9/3/15,82254378
9/2/15,82116932
9/1/15,81880434
8/31/15,81838219
8/30/15,81720234
8/29/15,81546557
8/28/15,81514174
8/27/15,81392482
8/26/15,81184230
8/25/15,81150599
8/24/15,81025539
8/23/15,80842242
8/22/15,80814730
8/21/15,80706935
8/20/15,80504991
8/19/15,80473790
8/18/15,80350926
8/17/15,80149184
8/16/15,80122546
8/15/15,80122546
8/14/15,79854271
8/13/15,79929844
8/12/15,79821894
8/11/15,79502941
8/10/15,79587804
8/9/15,79470881
8/8/15,79196706
8/7/15,79271770
8/6/15,79167350
8/5/15,78814943
8/4/15,78910198
8/3/15,78779952
8/2/15,78458889
8/1/15,78528673
7/31/15,78429697
7/30/15,78039771
7/29/15,78132882
7/28/15,77999185
7/27/15,77663204
7/26/15,77745578
7/25/15,77634247
7/24/15,77359954
7/23/15,77438559
7/22/15,77328707
7/21/15,76985755
7/20/15,77069605
7/19/15,76946238
7/18/15,76608891
7/17/15,76699155
7/16/15,76578538
7/15/15,76262779
7/14/15,76346678
7/13/15,76224338
7/12/15,75771695
7/11/15,75928089
7/10/15,75723360
7/9/15,75201084
7/8/15,75337221
7/7/15,75150019
7/6/15,74633416
7/5/15,74747678
7/4/15,74595937
7/3/15,74285013
7/2/15,74379913
7/1/15,74241102
6/30/15,73842827
6/29/15,73954618
6/28/15,73805615
6/27/15,73512526
6/26/15,73590806
6/25/15,73481930
6/24/15,73172627
6/23/15,73252961
6/22/15,73138490
6/21/15,72830395
6/20/15,72897907
6/19/15,72806704
6/18/15,72477817
6/17/15,72566495
6/16/15,72444494
6/15/15,72095118
6/14/15,72186653
6/13/15,72064374
6/12/15,71759306
6/11/15,71851049
6/10/15,71726027
6/9/15,71385150
6/8/15,71467816
6/7/15,71352183
6/6/15,71100871
6/5/15,71169706
6/4/15,71067701
6/3/15,70744605
6/2/15,70834108
6/1/15,70708709
5/31/15,70389405
5/30/15,70458261
5/29/15,70362224
5/28/15,70026430
5/27/15,70106169
5/26/15,69996383
5/25/15,69702357
5/24/15,69780854
5/23/15,69675335
5/22/15,69419900
5/21/15,69494665
5/20/15,69394074
5/19/15,69107501
5/18/15,69186429
5/17/15,69079926
5/16/15,68830804
5/15/15,68896433
5/14/15,68803408
5/13/15,68514934
5/12/15,68594298
5/11/15,68485683
5/10/15,68204740
5/9/15,68268293
5/8/15,68178239
5/7/15,67888686
5/6/15,67971157
5/5/15,67857737
5/4/15,67558370
5/3/15,67630070
5/2/15,67535950
5/1/15,67279070
4/30/15,67353497
4/29/15,67248261
4/28/15,66936306
4/27/15,67017202
4/26/15,66904768
4/25/15,66629930
4/24/15,66701625
4/23/15,66600835
4/22/15,66300266
4/21/15,66383026
4/20/15,66269369
4/19/15,65979454
4/18/15,66040180
4/17/15,65953867
4/16/15,65679956
4/15/15,65751294
4/14/15,65647231
4/13/15,65346112
4/12/15,65428398
4/11/15,65323116
4/10/15,65047907
4/9/15,65130778
4/8/15,65016687
4/7/15,64711064
4/6/15,64790818
4/5/15,64679032
4/4/15,64419165
4/3/15,64484035
4/2/15,64389883
4/1/15,64083766
3/31/15,64170437
3/30/15,64043847
3/29/15,63772495
3/28/15,63836448
3/27/15,63748992
3/26/15,63483022
3/25/15,63552637
3/24/15,63454246
3/23/15,63187603
3/22/15,63263919
3/21/15,63157589
3/20/15,62899747
3/19/15,62972800
3/18/15,62869691
3/17/15,62595971
3/16/15,62664292
3/15/15,62560054
3/14/15,62314941
3/13/15,62377783
3/12/15,62288955
3/11/15,62020863
3/10/15,62094556
3/9/15,61991700
3/8/15,61722528
3/7/15,61782904
3/6/15,61696378
3/5/15,61437701
3/4/15,61505741
3/3/15,61409130
3/2/15,61121472
3/1/15,61195142
2/28/15,61092207
2/27/15,60842293
2/26/15,60915674
2/25/15,60812279
2/24/15,60530333
2/23/15,60606146
2/22/15,60501683
2/21/15,60255970
2/20/15,60318719
2/19/15,60226178
2/18/15,59958714
2/17/15,60033464
2/16/15,59928909
2/15/15,59665495
2/14/15,59726671
2/13/15,59641316
2/12/15,59364866
2/11/15,59426922
2/10/15,59333054
2/9/15,59059958
2/8/15,59130802
2/7/15,59034942
2/6/15,58806421
2/5/15,58866019
2/4/15,58782579
2/3/15,58536020
2/2/15,58603198
2/1/15,58509699
1/31/15,58285575
1/30/15,58347276
1/29/15,58263514
1/28/15,58027442
1/27/15,58088635
1/26/15,57999348
1/25/15,57734051
1/24/15,57794890
1/23/15,57712532
1/22/15,57464017
1/21/15,57535685
1/20/15,57440706
1/19/15,57171499
1/18/15,57241565
1/17/15,57147469
1/16/15,56892032
1/15/15,56970583
1/14/15,56858053
1/13/15,56563545
1/12/15,56637785
1/11/15,56538695
1/10/15,56269995
1/9/15,56346553
1/8/15,56240658
1/7/15,55970450
1/6/15,56036321
1/5/15,55943409
1/4/15,55702625
1/3/15,55762496
1/2/15,55676926
1/1/15,55480094
12/31/14,55521860
12/30/14,55462897
12/29/14,55233915
12/28/14,55293882
12/27/14,55214070
12/26/14,55005775
12/25/14,55060521
12/24/14,54988821
12/23/14,54757156
12/22/14,54828622
12/21/14,54728852
12/20/14,54494163
12/19/14,54558586
12/18/14,54467093
12/17/14,54205617
12/16/14,54271880
12/15/14,54178176
12/14/14,53929359
12/13/14,53983659
12/12/14,53909733
12/11/14,53688708
12/10/14,53750118
12/9/14,53664289
12/8/14,53417501
12/7/14,53484007
12/6/14,53399509
12/5/14,53171881
12/4/14,53238519
12/3/14,53145619
12/2/14,52875294
12/1/14,52947494
11/30/14,52846708
11/29/14,52612525
11/28/14,52670554
11/27/14,52589102
11/26/14,52356355
11/25/14,52420136
11/24/14,52330117
11/23/14,52107924
11/22/14,52163507
11/21/14,52088466
11/20/14,51862128
11/19/14,51924057
11/18/14,51838560
11/17/14,51600138
11/16/14,51663715
11/15/14,51578514
11/14/14,51365099
11/13/14,51430345
11/12/14,51341714
11/11/14,51091796
11/10/14,51153828
11/9/14,51066490
11/8/14,50855747
11/7/14,50909454
11/6/14,50833504
11/5/14,50590131
11/4/14,50653621
11/3/14,50564372
11/2/14,50333527
11/1/14,50389464
10/31/14,50313637
10/30/14,50086419
10/29/14,50151027
10/28/14,50057689
10/27/14,49820021
10/26/14,49878821
10/25/14,49798686
10/24/14,49598618
10/23/14,49654709
10/22/14,49573066
10/21/14,49356377
10/20/14,49414347
10/19/14,49332926
10/18/14,49143757
10/17/14,49191819
10/16/14,49122345
10/15/14,48922428
10/14/14,48976509
10/13/14,48899378
10/12/14,48698567
10/11/14,48742583
10/10/14,48678637
10/9/14,48470108
10/8/14,48528102
10/7/14,48449158
10/6/14,48233900
10/5/14,48290089
10/4/14,48214963
10/3/14,48024460
10/2/14,48077860
10/1/14,48005162
9/30/14,47796417
9/29/14,47852335
9/28/14,47773745
9/27/14,47592450
9/26/14,47638262
9/25/14,47571320
9/24/14,47365583
9/23/14,47420478
9/22/14,47339374
9/21/14,47156242
9/20/14,47199708
9/19/14,47136557
9/18/14,46945196
9/17/14,47002615
9/16/14,46922861
9/15/14,46698904
9/14/14,46753751
9/13/14,46679609
9/12/14,46502127
9/11/14,46550967
9/10/14,46484664
9/9/14,46282143
9/8/14,46340574
9/7/14,46260706
9/6/14,46082880
9/5/14,46129433
9/4/14,46061904
9/3/14,45871302
9/2/14,45923916
9/1/14,45851880
8/31/14,45671222
8/30/14,45714136
8/29/14,45654385
8/28/14,45472902
8/27/14,45522887
8/26/14,45453679
8/25/14,45255873
8/24/14,45305442
8/23/14,45239031
8/22/14,45074219
8/21/14,45123819
8/20/14,45055585
8/19/14,44852620
8/18/14,44907017
8/17/14,44831559
8/16/14,44652197
8/15/14,44704260
8/14/14,44628921
8/13/14,44424023
8/12/14,44478030
8/11/14,44403019
8/10/14,44213658
8/9/14,44253991
8/8/14,44195505
8/7/14,44013960
8/6/14,44063420
8/5/14,43992688
8/4/14,43793954
8/3/14,43840940
8/2/14,43777888
8/1/14,43616939
7/31/14,43665450
7/30/14,43596167
7/29/14,43419821
7/28/14,43464004
7/27/14,43399307
7/26/14,43245910
7/25/14,43286691
7/24/14,43229163
7/23/14,43051952
7/22/14,43101213
7/21/14,43032312
7/20/14,42868496
7/19/14,42903811
7/18/14,42849069
7/17/14,42678822
7/16/14,42728152
7/15/14,42659514
7/14/14,42477556
7/13/14,42522276
7/12/14,42462399
7/11/14,42312577
7/10/14,42355095
7/9/14,42295146
7/8/14,42110403
7/7/14,42160255
7/6/14,42090213
7/5/14,41943394
7/4/14,41976861
7/3/14,41928346
7/2/14,41755083
7/1/14,41803173
6/30/14,41735449
6/29/14,41565324
6/28/14,41602386
6/27/14,41550135
6/26/14,41385984
6/25/14,41430531
6/24/14,41368177
6/23/14,41197232
6/22/14,41239651
6/21/14,41183003
6/20/14,41037924
6/19/14,41080743
6/18/14,41020859
6/17/14,40842229
6/16/14,40891547
6/15/14,40824277
6/14/14,40665742
6/13/14,40705148
6/12/14,40646187
6/11/14,40473834
6/10/14,40519513
6/9/14,40457902
6/8/14,40302605
6/7/14,40336425
6/6/14,40288695
6/5/14,40122179
6/4/14,40170620
6/3/14,40103925
6/2/14,39922562
6/1/14,39967579
5/31/14,39906400
5/30/14,39749554
5/29/14,39798258
5/28/14,39731323
5/27/14,39543531
5/26/14,39593016
5/25/14,39525976
5/24/14,39366798
5/23/14,39406253
5/22/14,39348107
5/21/14,39151200
5/20/14,39202488
5/19/14,39131368
5/18/14,38965893
5/17/14,39001448
5/16/14,38950787
5/15/14,38772059
5/14/14,38826317
5/13/14,38753556
5/12/14,38558920
5/11/14,38612853
5/10/14,38542789
5/9/14,38382829
5/8/14,38431328
5/7/14,38363635
5/6/14,38167287
5/5/14,38224818
5/4/14,38148082
5/3/14,37993792
5/2/14,38033398
5/1/14,37977286
4/30/14,37809733
4/29/14,37855975
4/28/14,37792028
4/27/14,37627735
4/26/14,37664935
4/25/14,37614543
4/24/14,37431721
4/23/14,37478068
4/22/14,37410409
4/21/14,37220092
4/20/14,37264970
4/19/14,37207009
4/18/14,37060438
4/17/14,37100930
4/16/14,37044330
4/15/14,36853958
4/14/14,36908716
4/13/14,36833834
4/12/14,36684903
4/11/14,36720083
4/10/14,36668176
4/9/14,36486104
4/8/14,36532228
4/7/14,36467950
4/6/14,36301952
4/5/14,36335627
4/4/14,36288171
4/3/14,36113750
4/2/14,36162983
4/1/14,36095691
3/31/14,35916891
3/30/14,35964243
3/29/14,35901147
3/28/14,35740352
3/27/14,35790865
3/26/14,35721710
3/25/14,35528649
3/24/14,35580873
3/23/14,35508389
3/22/14,35333620
3/21/14,35384185
3/20/14,35315046
3/19/14,35116674
3/18/14,35168948
3/17/14,35101529
3/16/14,34935902
3/15/14,34978711
3/14/14,34919981
3/13/14,34732004
3/12/14,34785348
3/11/14,34709992
3/10/14,34508559
3/9/14,34557887
3/8/14,34491101
3/7/14,34309391
3/6/14,34358793
3/5/14,34289234
3/4/14,34082262
3/3/14,34143437
3/2/14,34057521
3/1/14,33880663
2/28/14,33925869
2/27/14,33862525
2/26/14,33666854
2/25/14,33719420
2/24/14,33647893
2/23/14,33451837
2/22/14,33495393
2/21/14,33436761
2/20/14,33253995
2/19/14,33303557
2/18/14,33231891
2/17/14,33056768
2/16/14,33097207
2/15/14,33040088
2/14/14,32862409
2/13/14,32919196
2/12/14,32842536
2/11/14,32665337
2/10/14,32712843
2/9/14,32649971
2/8/14,32477054
2/7/14,32523065
2/6/14,32458996
2/5/14,32268683
2/4/14,32317405
2/3/14,32249453
2/2/14,32089375
2/1/14,32124740
1/31/14,32074340
1/30/14,31913041
1/29/14,31955501
1/28/14,31894582
1/27/14,31723577
1/26/14,31767109
1/25/14,31706363
1/24/14,31550122
1/23/14,31599362
1/22/14,31531469
1/21/14,31348239
1/20/14,31401584
1/19/14,31330063
1/18/14,31185351
1/17/14,31222020
1/16/14,31168730
1/15/14,31008284
1/14/14,31052741
1/13/14,30992349
1/12/14,30847437
1/11/14,30882014
1/10/14,30832706
1/9/14,30677910
1/8/14,30719496
1/7/14,30661131
1/6/14,30486098
1/5/14,30536121
1/4/14,30468524
1/3/14,30313980
1/2/14,30358785
1/1/14,30294964
12/31/13,30167590
12/30/13,30205064
12/29/13,30152682
12/28/13,30013037
12/27/13,30047150
12/26/13,29999373
12/25/13,29853500
12/24/13,29895628
12/23/13,29838551
12/22/13,29690651
12/21/13,29729646
12/20/13,29678103
12/19/13,29498725
12/18/13,29549488
12/17/13,29480674
12/16/13,29280084
12/15/13,29327430
12/14/13,29264340
12/13/13,29114019
12/12/13,29156597
12/11/13,29096770
12/10/13,28920764
12/9/13,28968712
12/8/13,28900838
12/7/13,28741955
12/6/13,28794375
12/5/13,28719250
12/4/13,28507087
12/3/13,28562978
12/2/13,28483240
12/1/13,28279868
11/30/13,28330714
11/29/13,28263539
11/28/13,28016959
11/27/13,28092262
11/26/13,27990252
11/25/13,27766172
11/24/13,27819028
11/23/13,27747091
11/22/13,27556415
11/21/13,27611908
11/20/13,27535262
11/19/13,27314947
11/18/13,27386276
11/17/13,27292954
11/16/13,27136315
11/15/13,27171715
11/14/13,27120120
11/13/13,26941000
11/12/13,26987845
11/11/13,26924694
11/10/13,26767727
11/9/13,26811626
11/8/13,26754457
11/7/13,26593539
11/6/13,26636692
11/5/13,26578061
11/4/13,26440582
11/3/13,26471892
11/2/13,26429798
11/1/13,26320015
10/31/13,26352804
10/30/13,26304498
10/29/13,26163601
10/28/13,26200111
10/27/13,26148874
10/26/13,26020892
10/25/13,26055851
10/24/13,26006498
10/23/13,25844793
10/22/13,25883380
10/21/13,25828808
10/20/13,25669973
10/19/13,25705760
10/18/13,25655896
10/17/13,25507804
10/16/13,25540811
10/15/13,25495618
10/14/13,25343881
10/13/13,25386351
10/12/13,25330588
10/11/13,25191430
10/10/13,25229666
10/9/13,25175217
10/8/13,25038817
10/7/13,25070457
10/6/13,25027592
10/5/13,24905523
10/4/13,24939606
10/3/13,24891711
10/2/13,24732277
10/1/13,24775207
9/30/13,24714665
9/29/13,24586988
9/28/13,24617272
9/27/13,24575531
9/26/13,24440315
9/25/13,24480442
9/24/13,24426180
9/23/13,24257204
9/22/13,24304467
9/21/13,24244181
9/20/13,24094919
9/19/13,24138209
9/18/13,24079219
9/17/13,23906651
9/16/13,23955832
9/15/13,23889541
9/14/13,23757260
9/13/13,23792386
9/12/13,23745239
9/11/13,23610978
9/10/13,23645895
9/9/13,23596383
9/8/13,23453708
9/7/13,23487866
9/6/13,23441396
9/5/13,23279924
9/4/13,23323753
9/3/13,23263531
9/2/13,23123793
9/1/13,23161892
8/31/13,23111436
8/30/13,22967152
8/29/13,23013325
8/28/13,22952609
8/27/13,22781271
8/26/13,22827439
8/25/13,22766423
8/24/13,22628700
8/23/13,22667801
8/22/13,22616716
8/21/13,22446300
8/20/13,22493975
8/19/13,22430559
8/18/13,22255423
8/17/13,22294082
8/16/13,22240948
8/15/13,22069560
8/14/13,22113394
8/13/13,22054365
8/12/13,21914116
8/11/13,21950397
8/10/13,21904586
8/9/13,21774612
8/8/13,21811487
8/7/13,21758246
8/6/13,21604855
8/5/13,21643985
8/4/13,21591725
8/3/13,21465143
8/2/13,21499217
8/1/13,21450152
7/31/13,21313183
7/30/13,21351155
7/29/13,21299236
7/28/13,21191307
7/27/13,21214978
7/26/13,21181867
7/25/13,21074800
7/24/13,21104452
7/23/13,21062148
7/22/13,20953905
7/21/13,20982541
7/20/13,20945284
7/19/13,20848097
7/18/13,20874774
7/17/13,20836754
7/16/13,20726896
7/15/13,20755932
7/14/13,20717148
7/13/13,20617572
7/12/13,20646260
7/11/13,20605947
7/10/13,20486099
7/9/13,20514862
7/8/13,20475522
7/7/13,20375282
7/6/13,20396833
7/5/13,20367968
7/4/13,20269479
7/3/13,20294698
7/2/13,20260138
7/1/13,20155097
6/30/13,20181523
6/29/13,20147470
6/28/13,20038441
6/27/13,20075503
6/26/13,20027179
6/25/13,19901753
6/24/13,19934806
6/23/13,19889218
6/22/13,19774768
6/21/13,19807621
6/20/13,19765050
6/19/13,19627938
6/18/13,19662616
6/17/13,19615713
6/16/13,19493039
6/15/13,19525289
6/14/13,19485213
6/13/13,19364077
6/12/13,19395558
6/11/13,19352256
6/10/13,19223705
6/9/13,19254631
6/8/13,19212225
6/7/13,19078987
6/6/13,19118015
6/5/13,19063684
6/4/13,18909748
6/3/13,18952819
6/2/13,18892701
6/1/13,18749567
5/31/13,18789642
5/30/13,18737252
5/29/13,18582894
5/28/13,18622466
5/27/13,18567547
5/26/13,18432573
5/25/13,18460032
5/24/13,18420153
5/23/13,18266162
5/22/13,18309211
5/21/13,18254387
5/20/13,18111167
5/19/13,18145742
5/18/13,18095649
5/17/13,17952352
5/16/13,17996577
5/15/13,17935681
5/14/13,17760476
5/13/13,17808727
5/12/13,17745440
5/11/13,17560459
5/10/13,17613930
5/9/13,17543520
5/8/13,17375748
5/7/13,17409213
5/6/13,17361854
5/5/13,17215503
5/4/13,17251395
5/3/13,17201976
5/2/13,17057977
5/1/13,17097768
4/30/13,17040490
4/29/13,16903517
4/28/13,16941258
4/27/13,16891249
4/26/13,16761409
4/25/13,16801938
4/24/13,16745405
4/23/13,16572838
4/22/13,16616209
4/21/13,16558905
4/20/13,16433334
4/19/13,16467014
4/18/13,16418998
4/17/13,16270075
4/16/13,16308530
4/15/13,16252366
4/14/13,16092587
4/13/13,16131358
4/12/13,16077941
4/11/13,15912417
4/10/13,15962185
4/9/13,15894460
4/8/13,15719501
4/7/13,15764211
4/6/13,15700741
4/5/13,15542903
4/4/13,15584721
4/3/13,15528658
4/2/13,15348705
4/1/13,15394438
3/31/13,15334170
3/30/13,15192028
3/29/13,15237115
3/28/13,15177328
3/27/13,15016413
3/26/13,15053953
3/25/13,15001960
3/24/13,14866678
3/23/13,14903702
3/22/13,14853868
3/21/13,14697928
3/20/13,14735737
3/19/13,14681897
3/18/13,14561854
3/17/13,14590613
3/16/13,14551222
3/15/13,14429629
3/14/13,14473709
3/13/13,14413645
3/12/13,14266151
3/11/13,14298636
3/10/13,14254226
3/9/13,14077212
3/8/13,14115286
3/7/13,14067615
3/6/13,13892078
3/5/13,13940378
3/4/13,13873941
3/3/13,13717007
3/2/13,13753645
3/1/13,13704014
2/28/13,13533350
2/27/13,13577558
2/26/13,13516565
2/25/13,13341899
2/24/13,13391608
2/23/13,13326444
2/22/13,13164934
2/21/13,13209263
2/20/13,13150343
2/19/13,12994659
2/18/13,13033734
2/17/13,12978136
2/16/13,12842453
2/15/13,12881418
2/14/13,12830200
2/13/13,12677518
2/12/13,12718846
2/11/13,12661448
2/10/13,12504929
2/9/13,12543762
2/8/13,12486399
2/7/13,12325072
2/6/13,12369624
2/5/13,12311409
2/4/13,12173379
2/3/13,12213181
2/2/13,12155701
2/1/13,11999063
1/31/13,12040655
1/30/13,11983899
1/29/13,11854609
1/28/13,11891985
1/27/13,11838368
1/26/13,11694549
1/25/13,11732596
1/24/13,11679176
1/23/13,11552685
1/22/13,11586524
1/21/13,11538257
1/20/13,11427380
1/19/13,11456701
1/18/13,11415065
1/17/13,11274106
1/16/13,11307714
1/15/13,11259693
1/14/13,11130720
1/13/13,11161843
1/12/13,11118044
1/11/13,10983128
1/10/13,11024371
1/9/13,10969709
1/8/13,10847978
1/7/13,10874981
1/6/13,10839591
1/5/13,10735762
1/4/13,10764212
1/3/13,10725281
1/2/13,10604939
1/1/13,10633942
12/31/12,10594956
12/30/12,10497706
12/29/12,10532108
12/28/12,10488357
12/27/12,10368446
12/26/12,10401595
12/25/12,10358476
12/24/12,10267838
12/23/12,10295176
12/22/12,10258077
12/21/12,10134769
12/20/12,10166837
12/19/12,10126179
12/18/12,10004591
12/17/12,10041030
12/16/12,9994440
12/15/12,9895478
12/14/12,9919623
12/13/12,9886097
12/12/12,9777350
12/11/12,9804440
12/10/12,9769118
12/9/12,9672147
12/8/12,9694303
12/7/12,9661465
12/6/12,9569862
12/5/12,9596721
12/4/12,9559520
12/3/12,9481642
12/2/12,9498294
12/1/12,9475887
11/30/12,9397510
11/29/12,9417610
11/28/12,9389247
11/27/12,9295334
11/26/12,9313676
11/25/12,9284148
11/24/12,9192843
11/23/12,9214517
11/22/12,9185348
11/21/12,9091249
11/20/12,9120935
11/19/12,9079690
11/18/12,8983131
11/17/12,9006969
11/16/12,8973825
11/15/12,8873531
11/14/12,8902266
11/13/12,8864523
11/12/12,8792250
11/11/12,8810461
11/10/12,8785809
11/9/12,8716877
11/8/12,8735486
11/7/12,8708635
11/6/12,8615670
11/5/12,8636208
11/4/12,8608149
11/3/12,8535419
11/2/12,8553255
11/1/12,8527991
10/31/12,8455169
10/30/12,8475035
10/29/12,8446433
10/28/12,8384780
10/27/12,8397359
10/26/12,8379978
10/25/12,8320171
10/24/12,8339950
10/23/12,8311824
10/22/12,8211789
10/21/12,8238141
10/20/12,8202494
10/19/12,8115294
10/18/12,8135047
10/17/12,8106577
10/16/12,8020804
10/15/12,8045371
10/14/12,8011907
10/13/12,7929341
10/12/12,7955236
10/11/12,7917958
10/10/12,7842090
10/9/12,7863677
10/8/12,7831422
10/7/12,7733871
10/6/12,7757153
10/5/12,7725477
10/4/12,7632216
10/3/12,7655406
10/2/12,7625888
10/1/12,7547257
9/30/12,7565160
9/29/12,7541357
9/28/12,7469875
9/27/12,7493805
9/26/12,7463907
9/25/12,7384773
9/24/12,7401827
9/23/12,7378052
9/22/12,7305777
9/21/12,7322578
9/20/12,7298731
9/19/12,7212065
9/18/12,7234949
9/17/12,7202830
9/16/12,7126105
9/15/12,7146094
9/14/12,7118743
9/13/12,7033762
9/12/12,7053257
9/11/12,7025358
9/10/12,6934150
9/9/12,6957139
9/8/12,6925084
9/7/12,6837762
9/6/12,6860649
9/5/12,6828172
9/4/12,6713836
9/3/12,6742540
9/2/12,6705600
9/1/12,6601644
8/31/12,6633266
8/30/12,6591326
8/29/12,6493359
8/28/12,6518471
8/27/12,6484667
8/26/12,6399905
8/25/12,6422521
8/24/12,6391996
8/23/12,6302819
8/22/12,6325536
8/21/12,6293771
8/20/12,6186236
8/19/12,6212643
8/18/12,6176395
8/17/12,6071949
8/16/12,6102603
8/15/12,6061706
8/14/12,5937610
8/13/12,5963471
8/12/12,5925866
8/11/12,5821082
8/10/12,5842437
8/9/12,5812458
8/8/12,5722485
8/7/12,5751979
8/6/12,5713124
8/5/12,5624370
8/4/12,5648528
8/3/12,5616525
8/2/12,5534741
8/1/12,5559003
7/31/12,5526528
7/30/12,5428001
7/29/12,5456202
7/28/12,5417998
7/27/12,5331059
7/26/12,5352023
7/25/12,5325593
7/24/12,5244986
7/23/12,5265814
7/22/12,5235869
7/21/12,5142579
7/20/12,5169993
7/19/12,5132395
7/18/12,5042031
7/17/12,5065935
7/16/12,5035202
7/15/12,4949089
7/14/12,4969948
7/13/12,4944062
7/12/12,4877845
7/11/12,4895204
7/10/12,4868711
7/9/12,4785908
7/8/12,4805104
7/7/12,4779811
7/6/12,4715628
7/5/12,4731985
7/4/12,4710023
7/3/12,4648366
7/2/12,4665986
7/1/12,4643040
6/30/12,4581177
6/29/12,4598934
6/28/12,4575326
6/27/12,4500973
6/26/12,4525672
6/25/12,4495036
6/24/12,4419553
6/23/12,4436504
6/22/12,4414624
6/21/12,4347208
6/20/12,4367415
6/19/12,4340914
6/18/12,4239669
6/17/12,4269331
6/16/12,4230303
6/15/12,4097822
6/14/12,4140700
6/13/12,4083293
6/12/12,3960341
6/11/12,3974256
6/10/12,3953460
6/9/12,3854429
6/8/12,3878857
6/7/12,3847334
6/6/12,3780999
6/5/12,3789793
6/4/12,3771518
6/3/12,3657304
6/2/12,3681216
6/1/12,3654562
5/31/12,3596692
5/30/12,3611279
5/29/12,3590328
5/28/12,3510999
5/27/12,3533425
5/26/12,3500899
5/25/12,3432404
5/24/12,3454666
5/23/12,3425659
5/22/12,3354714
5/21/12,3372855
5/20/12,3347532
5/19/12,3256934
5/18/12,3285071
5/17/12,3246939
5/16/12,3196801
5/15/12,3210289
5/14/12,3190612
5/13/12,3131585
5/12/12,3141785
5/11/12,3127701
5/10/12,3082407
5/9/12,3091450
5/8/12,3078727
5/7/12,3029104
5/6/12,3042686
5/5/12,3026403
5/4/12,2990876
5/3/12,3000397
5/2/12,2986021
5/1/12,2956670
4/30/12,2964365
4/29/12,2954295
4/28/12,2932046
4/27/12,2937181
4/26/12,2930008
4/25/12,2907339
4/24/12,2912899
4/23/12,2905153
4/22/12,2886185
4/21/12,2890913
4/20/12,2884145
4/19/12,2862799
4/18/12,2868359
4/17/12,2860336
4/16/12,2837823
4/15/12,2843837
4/14/12,2835991
4/13/12,2815352
4/12/12,2820743
4/11/12,2813194
4/10/12,2790733
4/9/12,2797196
4/8/12,2788761
4/7/12,2772152
4/6/12,2776655
4/5/12,2770503
4/4/12,2751309
4/3/12,2756526
4/2/12,2749047
4/1/12,2731514
3/31/12,2735422
3/30/12,2729803
3/29/12,2710879
3/28/12,2716343
3/27/12,2708817
3/26/12,2690347
3/25/12,2695337
3/24/12,2688868
3/23/12,2671690
3/22/12,2676158
3/21/12,2669865
3/20/12,2651310
3/19/12,2656129
3/18/12,2649525
3/17/12,2631707
3/16/12,2637101
3/15/12,2629628
3/14/12,2611618
3/13/12,2616345
3/12/12,2609249
3/11/12,2592841
3/10/12,2596716
3/9/12,2591542
3/8/12,2574258
3/7/12,2579010
3/6/12,2572375
3/5/12,2554315
3/4/12,2559088
3/3/12,2552359
3/2/12,2534962
3/1/12,2540641
2/29/12,2532945
2/28/12,2514670
2/27/12,2519407
2/26/12,2512780
2/25/12,2495812
2/24/12,2500454
2/23/12,2493866
2/22/12,2473595
2/21/12,2478782
2/20/12,2471658
2/19/12,2454923
2/18/12,2459192
2/17/12,2453260
2/16/12,2432258
2/15/12,2439456
2/14/12,2430170
2/13/12,2405291
2/12/12,2410949
2/11/12,2403435
2/10/12,2382119
2/9/12,2388406
2/8/12,2379764
2/7/12,2360562
2/6/12,2365886
2/5/12,2359087
2/4/12,2340449
2/3/12,2345971
2/2/12,2338374
2/1/12,2319723
1/31/12,2324476
1/30/12,2317576
1/29/12,2300283
1/28/12,2305088
1/27/12,2298624
1/26/12,2281446
1/25/12,2285985
1/24/12,2279249
1/23/12,2260033
1/22/12,2264415
1/21/12,2258431
1/20/12,2241589
1/19/12,2246401
1/18/12,2239683
1/17/12,2221206
1/16/12,2226004
1/15/12,2219459
1/14/12,2201124
1/13/12,2206099
1/12/12,2199365
1/11/12,2180452
1/10/12,2185598
1/9/12,2178430
1/8/12,2161342
1/7/12,2165842
1/6/12,2159552
1/5/12,2141802
1/4/12,2146980
1/3/12,2140063
1/2/12,2124845
1/1/12,2128883
12/31/11,2123074
12/30/11,2109651
12/29/11,2113194
12/28/11,2108170
12/27/11,2094238
12/26/11,2098178
12/25/11,2092607
12/24/11,2078604
12/23/11,2081919
12/22/11,2077243
12/21/11,2061514
12/20/11,2065685
12/19/11,2060018
12/18/11,2044776
12/17/11,2048134
12/16/11,2043519
12/15/11,2029751
12/14/11,2033381
12/13/11,2027905
12/12/11,2013872
12/11/11,2017265
12/10/11,2012341
12/9/11,1997246
12/8/11,2001307
12/7/11,1995621
12/6/11,1977332
12/5/11,1982715
12/4/11,1975694
12/3/11,1960034
12/2/11,1964057
12/1/11,1958524
11/30/11,1940579
11/29/11,1945473
11/28/11,1939141
11/27/11,1923128
11/26/11,1926687
11/25/11,1921893
11/24/11,1907855
11/23/11,1911515
11/22/11,1906495
11/21/11,1892048
11/20/11,1895504
11/19/11,1890460
11/18/11,1877026
11/17/11,1880755
11/16/11,1875937
11/15/11,1859842
11/14/11,1864486
11/13/11,1858044
11/12/11,1843082
11/11/11,1847336
11/10/11,1841990
11/9/11,1825483
11/8/11,1830187
11/7/11,1823560
11/6/11,1808836
11/5/11,1812483
11/4/11,1807462
11/3/11,1790113
11/2/11,1794225
11/1/11,1788479
10/31/11,1773216
10/30/11,1776844
10/29/11,1771888
10/28/11,1757548
10/27/11,1761174
10/26/11,1756063
10/25/11,1742318
10/24/11,1746017
10/23/11,1740735
10/22/11,1725647
10/21/11,1729365
10/20/11,1724545
10/19/11,1710749
10/18/11,1714480
10/17/11,1709670
10/16/11,1695053
10/15/11,1698515
10/14/11,1693637
10/13/11,1678394
10/12/11,1681881
10/11/11,1677142
10/10/11,1660608
10/9/11,1664798
10/8/11,1659268
10/7/11,1644109
10/6/11,1648041
10/5/11,1642532
10/4/11,1626669
10/3/11,1630310
10/2/11,1624994
10/1/11,1609722
9/30/11,1613576
9/29/11,1607992
9/28/11,1592314
9/27/11,1596521
9/26/11,1590726
9/25/11,1574748
9/24/11,1578754
9/23/11,1573083
9/22/11,1556614
9/21/11,1561032
9/20/11,1554224
9/19/11,1534053
9/18/11,1538726
9/17/11,1532454
9/16/11,1516381
9/15/11,1520498
9/14/11,1514456
9/13/11,1497195
9/12/11,1501901
9/11/11,1495337
9/10/11,1478228
9/9/11,1482614
9/8/11,1476161
9/7/11,1457332
9/6/11,1462414
9/5/11,1455236
9/4/11,1435204
9/3/11,1440250
9/2/11,1433638
9/1/11,1415021
8/31/11,1420396
8/30/11,1413174
8/29/11,1391867
8/28/11,1398048
8/27/11,1390241
8/26/11,1372434
8/25/11,1377800
8/24/11,1370321
8/23/11,1350513
8/22/11,1355906
8/21/11,1348481
8/20/11,1327860
8/19/11,1333202
8/18/11,1326077
8/17/11,1305191
8/16/11,1310833
8/15/11,1302705
8/14/11,1279613
8/13/11,1285099
8/12/11,1277478
8/11/11,1257474
8/10/11,1263028
8/9/11,1254912
8/8/11,1232602
8/7/11,1237892
8/6/11,1230782
8/5/11,1211802
8/4/11,1216977
8/3/11,1209669
8/2/11,1186975
8/1/11,1193364
7/31/11,1184551
7/30/11,1164379
7/29/11,1169090
7/28/11,1162236
7/27/11,1141000
7/26/11,1146958
7/25/11,1138629
7/24/11,1114890
7/23/11,1120673
7/22/11,1112807
7/21/11,1090253
7/20/11,1096336
7/19/11,1087728
7/18/11,1063347
7/17/11,1069320
7/16/11,1061135
7/15/11,1038023
7/14/11,1044204
7/13/11,1035574
7/12/11,1012002
7/11/11,1017580
7/10/11,1008785
7/9/11,985227
7/8/11,990861
7/7/11,982464
7/6/11,957005
7/5/11,964861
7/4/11,953808
7/3/11,930034
7/2/11,935832
7/1/11,927859
6/30/11,901855
6/29/11,908955
6/28/11,899070
6/27/11,869460
6/26/11,878020
6/25/11,866582
6/24/11,838751
6/23/11,846767
6/22/11,835633
6/21/11,807078
6/20/11,813311
6/19/11,804159
6/18/11,772962
6/17/11,781403
6/16/11,769378
6/15/11,736136
6/14/11,746053
6/13/11,731881
6/12/11,698337
6/11/11,707041
6/10/11,695373
6/9/11,663999
6/8/11,672978
6/7/11,660811
6/6/11,633426
6/5/11,640713
6/4/11,630905
6/3/11,607637
6/2/11,613971
6/1/11,605597
5/31/11,587870
5/30/11,592371
5/29/11,586168
5/28/11,572726
5/27/11,576608
5/26/11,571554
5/25/11,554640
5/24/11,559245
5/23/11,553073
5/22/11,537766
5/21/11,541736
5/20/11,536289
5/19/11,523374
5/18/11,526664
5/17/11,521533
5/16/11,508950
5/15/11,512181
5/14/11,508021
5/13/11,496685
5/12/11,499682
5/11/11,495278
5/10/11,487088
5/9/11,489370
5/8/11,486223
5/7/11,476816
5/6/11,479886
5/5/11,475997
5/4/11,467263
5/3/11,469349
5/2/11,466382
5/1/11,457261
4/30/11,460628
4/29/11,455980
4/28/11,446280
4/27/11,448484
4/26/11,444866
4/25/11,435594
4/24/11,437563
4/23/11,435047
4/22/11,428916
4/21/11,430451
4/20/11,428189
4/19/11,420460
4/18/11,423104
4/17/11,419537
4/16/11,412973
4/15/11,414506
4/14/11,412526
4/13/11,405697
4/12/11,407557
4/11/11,405077
4/10/11,399943
4/9/11,401179
4/8/11,399526
4/7/11,394764
4/6/11,396077
4/5/11,394235
4/4/11,388481
4/3/11,390195
4/2/11,387868
4/1/11,383322
3/31/11,384461
3/30/11,382888
3/29/11,376983
3/28/11,379057
3/27/11,376142
3/26/11,368019
3/25/11,370450
3/24/11,367463
3/23/11,359373
3/22/11,363158
3/21/11,358790
3/20/11,347226
3/19/11,349167
3/18/11,346493
3/17/11,338196
3/16/11,340620
3/15/11,337432
3/14/11,329506
3/13/11,331696
3/12/11,328715
3/11/11,321981
3/10/11,323428
3/9/11,321321
3/8/11,316020
3/7/11,318043
3/6/11,315513
3/5/11,310025
3/4/11,311475
3/3/11,309529
3/2/11,302826
3/1/11,304408
2/28/11,301434
2/27/11,296097
2/26/11,297842
2/25/11,295581
2/24/11,289987
2/23/11,291483
2/22/11,289526
2/21/11,283566
2/20/11,284980
2/19/11,283011
2/18/11,277969
2/17/11,279540
2/16/11,277454
2/15/11,271433
2/14/11,273137
2/13/11,270870
2/12/11,265682
2/11/11,267051
2/10/11,265148
2/9/11,260077
2/8/11,260849
2/7/11,259816
2/6/11,257425
2/5/11,258063
2/4/11,257206
2/3/11,254850
2/2/11,255401
2/1/11,254624
1/31/11,251703
1/30/11,252635
1/29/11,250820
1/28/11,246525
1/27/11,247327
1/26/11,246291
1/25/11,243796
1/24/11,244406
1/23/11,243441
1/22/11,239950
1/21/11,241034
1/20/11,239603
1/19/11,236965
1/18/11,237709
1/17/11,236742
1/16/11,234368
1/15/11,235056
1/14/11,234029
1/13/11,230875
1/12/11,231812
1/11/11,230541
1/10/11,227034
1/9/11,228046
1/8/11,226688
1/7/11,223358
1/6/11,224103
1/5/11,223223
1/4/11,220378
1/3/11,221181
1/2/11,219939
1/1/11,218015
12/31/10,218493
12/30/10,217899
12/29/10,216356
12/28/10,216778
12/27/10,216137
12/26/10,214588
12/25/10,215046
12/24/10,214396
12/23/10,212907
12/22/10,213263
12/21/10,212711
12/20/10,210682
12/19/10,211461
12/18/10,210527
12/17/10,209166
12/16/10,209514
12/15/10,209011
12/14/10,207340
12/13/10,207878
12/12/10,207195
12/11/10,205503
12/10/10,205908
12/9/10,205404
12/8/10,204122
12/7/10,204506
12/6/10,203969
12/5/10,202649
12/4/10,202974
12/3/10,202538
12/2/10,201391
12/1/10,201725
11/30/10,201253
11/29/10,199970
11/28/10,200293
11/27/10,199858
11/26/10,197760
11/25/10,198911
11/24/10,197369
11/23/10,188510
11/22/10,188737
11/21/10,188399
11/20/10,168379
11/19/10,177626
11/18/10,165304
11/17/10,156814
11/16/10,157139
11/15/10,156676
11/14/10,142421
11/13/10,142734
11/12/10,142335
11/11/10,141400
11/10/10,141706
11/9/10,141277
11/8/10,140078
11/7/10,140447
11/6/10,139949
11/5/10,138791
11/4/10,139115
11/3/10,138699
11/2/10,137818
11/1/10,138026
10/31/10,137743
10/30/10,136731
10/29/10,137068
10/28/10,136624
10/27/10,135210
10/26/10,135658
10/25/10,135089
10/24/10,133731
10/23/10,134124
10/22/10,133651
10/21/10,132072
10/20/10,132533
10/19/10,131931
10/18/10,129843
10/17/10,130274
10/16/10,129757
10/15/10,128616
10/14/10,128860
10/13/10,128527
10/12/10,127537
10/11/10,127801
10/10/10,127440
10/9/10,126429
10/8/10,126719
10/7/10,126337
10/6/10,125319
10/5/10,125624
10/4/10,125216
10/3/10,124173
10/2/10,124449
10/1/10,124048
9/30/10,122715
9/29/10,122984
9/28/10,122626
9/27/10,120652
9/26/10,121161
9/25/10,120522
9/24/10,119213
9/23/10,119617
9/22/10,119059
9/21/10,117081
9/20/10,117562
9/19/10,116926
9/18/10,115854
9/17/10,116165
9/16/10,115734
9/15/10,114625
9/14/10,114975
9/13/10,114525
9/12/10,113387
9/11/10,113652
9/10/10,113302
9/9/10,112396
9/8/10,112628
9/7/10,112285
9/6/10,111497
9/5/10,111722
9/4/10,111424
9/3/10,110594
9/2/10,110835
9/1/10,110521
8/31/10,109452
8/30/10,109805
8/29/10,109340
8/28/10,108525
8/27/10,108784
8/26/10,108436
8/25/10,107499
8/24/10,107771
8/23/10,107375
8/22/10,106382
8/21/10,106649
8/20/10,106299
8/19/10,105292
8/18/10,105553
8/17/10,105185
8/16/10,104146
8/15/10,104456
8/14/10,104138
8/13/10,102879
8/12/10,103291
8/11/10,102783
8/10/10,101736
8/9/10,101992
8/8/10,101590
8/7/10,100653
8/6/10,100844
8/5/10,100557
8/4/10,99336
8/3/10,99585
8/2/10,99210
8/1/10,97925
7/31/10,98174
7/30/10,97850
7/29/10,95583
7/28/10,97193
7/27/10,93738
7/26/10,92593
7/25/10,92951
7/24/10,92483
7/23/10,89468
7/22/10,89772
7/21/10,89380
7/20/10,88011
7/19/10,88487
7/18/10,87860
7/17/10,86659
7/16/10,86946
7/15/10,86484
7/14/10,78013
7/13/10,83298
7/12/10,77639
7/11/10,73880
7/10/10,74070
7/9/10,73828
7/8/10,73154
7/7/10,73332
7/6/10,73092
7/5/10,72472
7/4/10,72659
7/3/10,72416
7/2/10,71722
7/1/10,71888
6/30/10,71649
6/29/10,70899
6/28/10,71093
6/27/10,70840
6/26/10,70234
6/25/10,70389
6/24/10,70184
6/23/10,69528
6/22/10,69710
6/21/10,69468
6/20/10,68831
6/19/10,68991
6/18/10,68775
6/17/10,68219
6/16/10,68373
6/15/10,68165
6/14/10,67500
6/13/10,67681
6/12/10,67435
6/11/10,66802
6/10/10,66988
6/9/10,66740
6/8/10,66142
6/7/10,66317
6/6/10,66095
6/5/10,65543
6/4/10,65683
6/3/10,65495
6/2/10,64941
6/1/10,65076
5/31/10,64894
5/30/10,64364
5/29/10,64509
5/28/10,64309
5/27/10,63581
5/26/10,63782
5/25/10,63504
5/24/10,62790
5/23/10,62978
5/22/10,62716
5/21/10,62020
5/20/10,62189
5/19/10,61959
5/18/10,61353
5/17/10,61526
5/16/10,61309
5/15/10,60929
5/14/10,61018
5/13/10,60880
5/12/10,60451
5/11/10,60568
5/10/10,60421
5/9/10,59980
5/8/10,60122
5/7/10,59929
5/6/10,59463
5/5/10,59593
5/4/10,59420
5/3/10,58937
5/2/10,59078
5/1/10,58892
4/30/10,58376
4/29/10,58508
4/28/10,58327
4/27/10,57737
4/26/10,57911
4/25/10,57686
4/24/10,57120
4/23/10,57256
4/22/10,57065
4/21/10,56469
4/20/10,56657
4/19/10,56406
4/18/10,52599
4/17/10,53868
4/16/10,52531
4/15/10,51827
4/14/10,52055
4/13/10,51768
4/12/10,51145
4/11/10,51348
4/10/10,51078
4/9/10,50361
4/8/10,50513
4/7/10,50324
4/6/10,49785
4/5/10,49909
4/4/10,49734
4/3/10,49255
4/2/10,49380
4/1/10,49209
3/31/10,48701
3/30/10,48856
3/29/10,48643
3/28/10,48081
3/27/10,48221
3/26/10,48023
3/25/10,47482
3/24/10,47628
3/23/10,47431
3/22/10,46894
3/21/10,47029
3/20/10,46843
3/19/10,46338
3/18/10,46449
3/17/10,46305
3/16/10,45921
3/15/10,46017
3/14/10,45879
3/13/10,45500
3/12/10,45624
3/11/10,45464
3/10/10,45072
3/9/10,45191
3/8/10,45039
3/7/10,44611
3/6/10,44749
3/5/10,44571
3/4/10,44067
3/3/10,44205
3/2/10,44018
3/1/10,43517
2/28/10,43663
2/27/10,43476
2/26/10,43007
2/25/10,43135
2/24/10,42959
2/23/10,42421
2/22/10,42613
2/21/10,42361
2/20/10,41719
2/19/10,41882
2/18/10,41658
2/17/10,41059
2/16/10,41240
2/15/10,40996
2/14/10,40454
2/13/10,40620
2/12/10,40405
2/11/10,39857
2/10/10,39985
2/9/10,39804
2/8/10,39266
2/7/10,39427
2/6/10,39206
2/5/10,38611
2/4/10,38792
2/3/10,38542
2/2/10,37959
2/1/10,38061
1/31/10,37919
1/30/10,37385
1/29/10,37520
1/28/10,37337
1/27/10,36839
1/26/10,36966
1/25/10,36788
1/24/10,36268
1/23/10,36373
1/22/10,36225
1/21/10,35786
1/20/10,35921
1/19/10,35734
1/18/10,35378
1/17/10,35474
1/16/10,35344
1/15/10,34979
1/14/10,35085
1/13/10,34948
1/12/10,34507
1/11/10,34629
1/10/10,34461
1/9/10,34007
1/8/10,34116
1/7/10,33968
1/6/10,33537
1/5/10,33659
1/4/10,33501
1/3/10,32970
1/2/10,33101
1/1/10,32938
12/31/09,32572
12/30/09,32687
12/29/09,32537
12/28/09,32123
12/27/09,32217
12/26/09,32079
12/25/09,31631
12/24/09,31750
12/23/09,31592
12/22/09,31161
12/21/09,31279
12/20/09,31127
12/19/09,30611
12/18/09,30764
12/17/09,30539
12/16/09,30077
12/15/09,30175
12/14/09,30054
12/13/09,29744
12/12/09,29824
12/11/09,29720
12/10/09,29416
12/9/09,29492
12/8/09,29386
12/7/09,29088
12/6/09,29161
12/5/09,29067
12/4/09,28882
12/3/09,28907
12/2/09,28858
12/1/09,28626
11/30/09,28674
11/29/09,28608
11/28/09,28420
11/27/09,28476
11/26/09,28398
11/25/09,28172
11/24/09,28245
11/23/09,28160
11/22/09,27877
11/21/09,27962
11/20/09,27862
11/19/09,27646
11/18/09,27701
11/17/09,27628
11/16/09,27378
11/15/09,27458
11/14/09,27358
11/13/09,27121
11/12/09,27179
11/11/09,27106
11/10/09,26903
11/9/09,26958
11/8/09,26887
11/7/09,26697
11/6/09,26752
11/5/09,26676
11/4/09,26514
11/3/09,26562
11/2/09,26500
11/1/09,26394
10/31/09,26410
10/30/09,26380
10/29/09,26241
10/28/09,26273
10/27/09,26222
10/26/09,26038
10/25/09,26091
10/24/09,26026
10/23/09,25810
10/22/09,25877
10/21/09,25790
10/20/09,25542
10/19/09,25618
10/18/09,25507
10/17/09,25298
10/16/09,25343
10/15/09,25288
10/14/09,25097
10/13/09,25137
10/12/09,25081
10/11/09,24907
10/10/09,24967
10/9/09,24888
10/8/09,24681
10/7/09,24733
10/6/09,24663
10/5/09,24521
10/4/09,24569
10/3/09,24511
10/2/09,24337
10/1/09,24392
9/30/09,24316
9/29/09,24080
9/28/09,24144
9/27/09,24059
9/26/09,23807
9/25/09,23881
9/24/09,23787
9/23/09,23582
9/22/09,23603
9/21/09,23575
9/20/09,23407
9/19/09,23466
9/18/09,23387
9/17/09,23170
9/16/09,23235
9/15/09,23151
9/14/09,22979
9/13/09,23036
9/12/09,22955
9/11/09,22768
9/10/09,22814
9/9/09,22746
9/8/09,22578
9/7/09,22627
9/6/09,22561
9/5/09,22355
9/4/09,22410
9/3/09,22339
9/2/09,22164
9/1/09,22215
8/31/09,22147
8/30/09,21900
8/29/09,21973
8/28/09,21882
8/27/09,21718
8/26/09,21735
8/25/09,21702
8/24/09,21602
8/23/09,21605
8/22/09,21597
8/21/09,21567
8/20/09,21577
8/19/09,21561
8/18/09,21517
8/17/09,21522
8/16/09,21513
8/15/09,21454
8/14/09,21471
8/13/09,21437
8/12/09,21243
8/11/09,21291
8/10/09,21223
8/9/09,20997
8/8/09,21074
8/7/09,20976
8/6/09,20746
8/5/09,20819
8/4/09,20723
8/3/09,20566
8/2/09,20574
8/1/09,20559
7/31/09,20498
7/30/09,20506
7/29/09,20494
7/28/09,20421
7/27/09,20446
7/26/09,20402
7/25/09,20294
7/24/09,20325
7/23/09,20272
7/22/09,20085
7/21/09,20131
7/20/09,20062
7/19/09,19863
7/18/09,19912
7/17/09,19860
7/16/09,19740
7/15/09,19792
7/14/09,19723
7/13/09,19548
7/12/09,19605
7/11/09,19529
7/10/09,19307
7/9/09,19369
7/8/09,19287
7/7/09,19078
7/6/09,19127
7/5/09,19064
7/4/09,18826
7/3/09,18893
7/2/09,18804
7/1/09,18585
6/30/09,18648
6/29/09,18564
6/28/09,18368
6/27/09,18399
6/26/09,18347
6/25/09,18125
6/24/09,18172
6/23/09,18098
6/22/09,17875
6/21/09,17935
6/20/09,17854
6/19/09,17629
6/18/09,17695
6/17/09,17608
6/16/09,17399
6/15/09,17450
6/14/09,17377
6/13/09,17165
6/12/09,17225
6/11/09,17151
6/10/09,16908
6/9/09,16967
6/8/09,16884
6/7/09,16719
6/6/09,16718
6/5/09,16714
6/4/09,16596
6/3/09,16633
6/2/09,16594
6/1/09,16342
5/31/09,16407
5/30/09,16333
5/29/09,16029
5/28/09,16112
5/27/09,16004
5/26/09,15690
5/25/09,15776
5/24/09,15663
5/23/09,15450
5/22/09,15455
5/21/09,15448
5/20/09,15186
5/19/09,15276
5/18/09,15172
5/17/09,14855
5/16/09,14948
5/15/09,14823
5/14/09,14457
5/13/09,14563
5/12/09,14426
5/11/09,14090
5/10/09,14182
5/9/09,14062
5/8/09,13820
5/7/09,13909
5/6/09,13787
5/5/09,13427
5/4/09,13528
5/3/09,13395
5/2/09,13061
5/1/09,13155
4/30/09,13031
4/29/09,12680
4/28/09,12775
4/27/09,12652
4/26/09,12345
4/25/09,12430
4/24/09,12319
4/23/09,12037
4/22/09,12084
4/21/09,12004
4/20/09,11671
4/19/09,11758
4/18/09,11640
4/17/09,11309
4/16/09,11394
4/15/09,11279
4/14/09,10949
4/13/09,11044
4/12/09,10917
4/11/09,10592
4/10/09,10684
4/9/09,10561
4/8/09,10280
4/7/09,10359
4/6/09,10255
4/5/09,9939
4/4/09,10039
4/3/09,9910
4/2/09,9595
4/1/09,9684
3/31/09,9564
3/30/09,9250
3/29/09,9343
3/28/09,9218
3/27/09,8906
3/26/09,8984
3/25/09,8874
3/24/09,8566
3/23/09,8644
3/22/09,8539
3/21/09,8265
3/20/09,8310
3/19/09,8233
3/18/09,7908
3/17/09,7990
3/16/09,7880
3/15/09,7549
3/14/09,7634
3/13/09,7523
3/12/09,7206
3/11/09,7292
3/10/09,7173
3/9/09,6877
3/8/09,6960
3/7/09,6847
3/6/09,6533
3/5/09,6621
3/4/09,6502
3/3/09,6207
3/2/09,6288
3/1/09,6180
2/28/09,5894
2/27/09,5969
2/26/09,5866
2/25/09,5566
2/24/09,5647
2/23/09,5540
2/22/09,5227
2/21/09,5322
2/20/09,5197
2/19/09,4866
2/18/09,4958
2/17/09,4841
2/16/09,4508
2/15/09,4598
2/14/09,4475
2/13/09,4117
2/12/09,4209
2/11/09,4085
2/10/09,3743
2/9/09,3834
2/8/09,3707
2/7/09,3342
2/6/09,3443
2/5/09,3313
2/4/09,2975
2/3/09,3063
2/2/09,2937
2/1/09,2577
1/31/09,2660
1/30/09,2542
1/29/09,2199
1/28/09,2291
1/27/09,2169
1/26/09,1892
1/25/09,1961
1/24/09,1845
1/23/09,1412
1/22/09,1449
1/21/09,1381
1/20/09,1102
1/19/09,1190
1/18/09,1072
1/17/09,768
1/16/09,851
1/15/09,742
1/14/09,394
1/13/09,489
1/12/09,363
1/11/09,77
1/10/09,152
1/9/09,46
1/8/09,15
1/7/09,1
1/6/09,1
1/5/09,1
1/4/09,1
1/3/09,1
1/2/09,1