Date,Num_Coins
11/28/22,19219331.25
11/27/22,19218418.75
11/26/22,19217518.75
11/25/22,19216843.75
11/24/22,19216168.75
11/23/22,19215300
11/22/22,19214400
11/21/22,19213575
11/20/22,19212750
11/19/22,19212000
11/18/22,19210956.25
11/17/22,19210075
11/16/22,19209250
11/15/22,19208343.75
11/14/22,19207262.5
11/13/22,19206581.25
11/12/22,19205875
11/11/22,19204718.75
11/10/22,19204000
11/9/22,19203031.25
11/8/22,19202081.25
11/7/22,19200968.75
11/6/22,19200206.25
11/5/22,19199275
11/4/22,19198325
11/3/22,19197481.25
11/2/22,19196525
11/1/22,19195787.5
10/31/22,19194812.5
10/30/22,19193693.75
10/29/22,19192912.5
10/28/22,19191925
10/27/22,19191000
10/26/22,19190131.25
10/25/22,19189162.5
10/24/22,19188556.25
10/23/22,19187600
10/22/22,19186618.75
10/21/22,19185681.25
10/20/22,19184781.25
10/19/22,19183818.75
10/18/22,19182906.25
10/17/22,19182150
10/16/22,19181225
10/15/22,19180287.5
10/14/22,19179312.5
10/13/22,19178387.5
10/12/22,19177387.5
10/11/22,19176556.25
10/10/22,19175668.75
10/9/22,19174593.75
10/8/22,19173531.25
10/7/22,19172462.5
10/6/22,19171325
10/5/22,19170331.25
10/4/22,19169393.75
10/3/22,19168193.75
10/2/22,19167312.5
10/1/22,19166268.75
9/30/22,19165231.25
9/29/22,19164031.25
9/28/22,19163318.75
9/27/22,19162368.75
9/26/22,19161487.5
9/25/22,19160631.25
9/24/22,19159581.25
9/23/22,19158631.25
9/22/22,19157893.75
9/21/22,19157031.25
9/20/22,19156131.25
9/19/22,19155206.25
9/18/22,19154393.75
9/17/22,19153550
9/16/22,19152318.75
9/15/22,19151518.75
9/14/22,19150743.75
9/13/22,19150006.25
9/12/22,19149093.75
9/11/22,19148012.5
9/10/22,19146900
9/9/22,19146081.25
9/8/22,19145087.5
9/7/22,19144175
9/6/22,19143250
9/5/22,19142400
9/4/22,19141543.75
9/3/22,19140431.25
9/2/22,19139487.5
9/1/22,19138643.75
8/31/22,19137843.75
8/30/22,19136868.75
8/29/22,19135937.5
8/28/22,19135006.25
8/27/22,19133918.75
8/26/22,19133018.75
8/25/22,19131950
8/24/22,19130981.25
8/23/22,19130100
8/22/22,19128956.25
8/21/22,19128043.75
8/20/22,19127043.75
8/19/22,19126312.5
8/18/22,19125087.5
8/17/22,19124287.5
8/16/22,19123443.75
8/15/22,19122443.75
8/14/22,19121481.25
8/13/22,19120637.5
8/12/22,19119800
8/11/22,19118793.75
8/10/22,19118106.25
8/9/22,19117081.25
8/8/22,19116187.5
8/7/22,19115243.75
8/6/22,19114318.75
8/5/22,19113293.75
8/4/22,19112343.75
8/3/22,19111581.25
8/2/22,19110537.5
8/1/22,19109762.5
7/31/22,19108762.5
7/30/22,19107912.5
7/29/22,19107087.5
7/28/22,19106193.75
7/27/22,19105231.25
7/26/22,19104243.75
7/25/22,19103212.5
7/24/22,19102437.5
7/23/22,19101456.25
7/22/22,19100393.75
7/21/22,19099681.25
7/20/22,19098718.75
7/19/22,19097981.25
7/18/22,19097137.5
7/17/22,19096193.75
7/16/22,19095500
7/15/22,19094518.75
7/14/22,19093681.25
7/13/22,19092781.25
7/12/22,19092112.5
7/11/22,19091168.75
7/10/22,19090593.75
7/9/22,19089531.25
7/8/22,19088675
7/7/22,19087668.75
7/6/22,19086893.75
7/5/22,19085881.25
7/4/22,19085287.5
7/3/22,19084425
7/2/22,19083431.25
7/1/22,19082543.75
6/30/22,19081718.75
6/29/22,19080550
6/28/22,19079756.25
6/27/22,19078737.5
6/26/22,19077918.75
6/25/22,19077137.5
6/24/22,19076125
6/23/22,19075350
6/22/22,19074300
6/21/22,19073518.75
6/20/22,19072600
6/19/22,19071718.75
6/18/22,19070868.75
6/17/22,19069900
6/16/22,19069243.75
6/15/22,19068587.5
6/14/22,19067506.25
6/13/22,19066506.25
6/12/22,19065687.5
6/11/22,19064918.75
6/10/22,19064100
6/9/22,19063050
6/8/22,19062231.25
6/7/22,19061193.75
6/6/22,19060100
6/5/22,19059137.5
6/4/22,19058131.25
6/3/22,19057418.75
6/2/22,19056381.25
6/1/22,19055662.5
5/31/22,19054843.75
5/30/22,19053812.5
5/29/22,19052893.75
5/28/22,19052081.25
5/27/22,19051193.75
5/26/22,19050318.75
5/25/22,19049418.75
5/24/22,19048475
5/23/22,19047731.25
5/22/22,19046781.25
5/21/22,19046018.75
5/20/22,19045025
5/19/22,19044231.25
5/18/22,19043437.5
5/17/22,19042712.5
5/16/22,19041806.25
5/15/22,19040662.5
5/14/22,19040100
5/13/22,19039037.5
5/12/22,19038062.5
5/11/22,19037237.5
5/10/22,19036475
5/9/22,19035418.75
5/8/22,19034412.5
5/7/22,19033556.25
5/6/22,19032700
5/5/22,19031787.5
5/4/22,19030843.75
5/3/22,19029775
5/2/22,19028937.5
5/1/22,19027875
4/30/22,19026893.75
4/29/22,19025975
4/28/22,19025093.75
4/27/22,19024156.25
4/26/22,19023062.5
4/25/22,19022168.75
4/24/22,19021187.5
4/23/22,19020081.25
4/22/22,19019193.75
4/21/22,19018268.75
4/20/22,19017168.75
4/19/22,19016262.5
4/18/22,19015406.25
4/17/22,19014512.5
4/16/22,19013662.5
4/15/22,19012650
4/14/22,19011831.25
4/13/22,19010850
4/12/22,19010062.5
4/11/22,19008981.25
4/10/22,19008143.75
4/9/22,19007306.25
4/8/22,19006418.75
4/7/22,19005512.5
4/6/22,19004606.25
4/5/22,19003837.5
4/4/22,19002887.5
4/3/22,19001831.25
4/2/22,19001068.75
4/1/22,19000162.5
3/31/22,18999187.5
3/30/22,18998493.75
3/29/22,18997462.5
3/28/22,18996587.5
3/27/22,18995681.25
3/26/22,18994693.75
3/25/22,18993775
3/24/22,18992843.75
3/23/22,18991850
3/22/22,18991081.25
3/21/22,18990012.5
3/20/22,18989062.5
3/19/22,18988112.5
3/18/22,18987118.75
3/17/22,18986393.75
3/16/22,18985200
3/15/22,18984237.5
3/14/22,18983537.5
3/13/22,18982593.75
3/12/22,18981518.75
3/11/22,18980587.5
3/10/22,18979656.25
3/9/22,18978893.75
3/8/22,18978000
3/7/22,18977062.5
3/6/22,18976018.75
3/5/22,18975306.25
3/4/22,18974425
3/3/22,18973675
3/2/22,18972762.5
3/1/22,18971812.5
2/28/22,18970881.25
2/27/22,18969868.75
2/26/22,18969143.75
2/25/22,18968237.5
2/24/22,18967425
2/23/22,18966600
2/22/22,18965618.75
2/21/22,18964737.5
2/20/22,18963993.75
2/19/22,18963006.25
2/18/22,18962218.75
2/17/22,18961387.5
2/16/22,18960293.75
2/15/22,18959375
2/14/22,18958200
2/13/22,18957356.25
2/12/22,18956275
2/11/22,18955081.25
2/10/22,18954137.5
2/9/22,18953206.25
2/8/22,18952443.75
2/7/22,18951562.5
2/6/22,18950550
2/5/22,18949662.5
2/4/22,18948993.75
2/3/22,18947987.5
2/2/22,18947231.25
2/1/22,18946250
1/31/22,18945200
1/30/22,18944418.75
1/29/22,18943475
1/28/22,18942531.25
1/27/22,18941568.75
1/26/22,18940668.75
1/25/22,18940031.25
1/24/22,18938931.25
1/23/22,18937993.75
1/22/22,18937106.25
1/21/22,18936325
1/20/22,18935456.25
1/19/22,18934362.5
1/18/22,18933381.25
1/17/22,18932456.25
1/16/22,18931431.25
1/15/22,18930331.25
1/14/22,18929406.25
1/13/22,18928287.5
1/12/22,18927237.5
1/11/22,18926362.5
1/10/22,18925487.5
1/9/22,18924456.25
1/8/22,18923725
1/7/22,18922806.25
1/6/22,18921843.75
1/5/22,18920850
1/4/22,18919993.75
1/3/22,18919068.75
1/2/22,18918243.75
1/1/22,18917131.25
12/31/21,18916150
12/30/21,18915306.25
12/29/21,18914537.5
12/28/21,18913600
12/27/21,18912675
12/26/21,18911856.25
12/25/21,18911012.5
12/24/21,18910056.25
12/23/21,18909062.5
12/22/21,18908131.25
12/21/21,18907281.25
12/20/21,18906156.25
12/19/21,18905368.75
12/18/21,18904400
12/17/21,18903512.5
12/16/21,18902668.75
12/15/21,18901943.75
12/14/21,18900956.25
12/13/21,18900200
12/12/21,18899181.25
12/11/21,18898293.75
12/10/21,18897425
12/9/21,18896518.75
12/8/21,18895331.25
12/7/21,18894293.75
12/6/21,18893437.5
12/5/21,18892412.5
12/4/21,18891325
12/3/21,18890437.5
12/2/21,18889275
12/1/21,18888425
11/30/21,18887531.25
11/29/21,18886631.25
11/28/21,18885650
11/27/21,18884837.5
11/26/21,18883887.5
11/25/21,18883181.25
11/24/21,18882256.25
11/23/21,18881287.5
11/22/21,18880543.75
11/21/21,18879612.5
11/20/21,18878856.25
11/19/21,18878006.25
11/18/21,18877087.5
11/17/21,18876225
11/16/21,18875168.75
11/15/21,18874325
11/14/21,18873250
11/13/21,18872412.5
11/12/21,18871425
11/11/21,18870425
11/10/21,18869487.5
11/9/21,18868612.5
11/8/21,18867750
11/7/21,18866750
11/6/21,18865831.25
11/5/21,18864912.5
11/4/21,18863981.25
11/3/21,18863131.25
11/2/21,18862000
11/1/21,18861050
10/31/21,18860162.5
10/30/21,18859168.75
10/29/21,18858293.75
10/28/21,18857250
10/27/21,18856256.25
10/26/21,18855331.25
10/25/21,18854418.75
10/24/21,18853293.75
10/23/21,18852231.25
10/22/21,18851393.75
10/21/21,18850262.5
10/20/21,18849312.5
10/19/21,18848587.5
10/18/21,18847556.25
10/17/21,18846493.75
10/16/21,18845681.25
10/15/21,18844787.5
10/14/21,18843787.5
10/13/21,18843025
10/12/21,18842050
10/11/21,18841081.25
10/10/21,18840143.75
10/9/21,18839218.75
10/8/21,18838187.5
10/7/21,18837475
10/6/21,18836606.25
10/5/21,18835937.5
10/4/21,18834831.25
10/3/21,18833825
10/2/21,18832881.25
10/1/21,18831637.5
9/30/21,18830775
9/29/21,18829787.5
9/28/21,18829068.75
9/27/21,18828000
9/26/21,18827000
9/25/21,18826237.5
9/24/21,18825356.25
9/23/21,18824337.5
9/22/21,18823393.75
9/21/21,18822468.75
9/20/21,18821650
9/19/21,18820581.25
9/18/21,18819693.75
9/17/21,18818662.5
9/16/21,18817750
9/15/21,18816862.5
9/14/21,18816150
9/13/21,18815112.5
9/12/21,18814000
9/11/21,18813025
9/10/21,18812268.75
9/9/21,18811393.75
9/8/21,18810381.25
9/7/21,18809543.75
9/6/21,18808675
9/5/21,18807462.5
9/4/21,18806531.25
9/3/21,18805562.5
9/2/21,18804693.75
9/1/21,18803762.5
8/31/21,18802887.5
8/30/21,18802050
8/29/21,18801018.75
8/28/21,18800125
8/27/21,18799162.5
8/26/21,18798231.25
8/25/21,18797431.25
8/24/21,18796518.75
8/23/21,18795500
8/22/21,18794256.25
8/21/21,18793150
8/20/21,18792137.5
8/19/21,18791206.25
8/18/21,18790231.25
8/17/21,18789387.5
8/16/21,18788187.5
8/15/21,18787275
8/14/21,18786193.75
8/13/21,18785106.25
8/12/21,18784106.25
8/11/21,18783162.5
8/10/21,18782400
8/9/21,18781331.25
8/8/21,18780450
8/7/21,18779468.75
8/6/21,18778287.5
8/5/21,18777431.25
8/4/21,18776237.5
8/3/21,18775568.75
8/2/21,18774400
8/1/21,18773418.75
7/31/21,18772612.5
7/30/21,18771487.5
7/29/21,18770468.75
7/28/21,18769581.25
7/27/21,18768506.25
7/26/21,18767550
7/25/21,18766506.25
7/24/21,18765581.25
7/23/21,18764675
7/22/21,18763737.5
7/21/21,18762756.25
7/20/21,18761875
7/19/21,18761075
7/18/21,18760012.5
7/17/21,18759112.5
7/16/21,18758331.25
7/15/21,18757450
7/14/21,18756637.5
7/13/21,18755612.5
7/12/21,18754662.5
7/11/21,18753800
7/10/21,18753150
7/9/21,18752043.75
7/8/21,18751337.5
7/7/21,18750381.25
7/6/21,18749743.75
7/5/21,18748831.25
7/4/21,18748031.25
7/3/21,18747300
7/2/21,18746512.5
7/1/21,18745775
6/30/21,18745206.25
6/29/21,18744662.5
6/28/21,18744087.5
6/27/21,18743500
6/26/21,18743156.25
6/25/21,18742675
6/24/21,18741987.5
6/23/21,18741268.75
6/22/21,18740618.75
6/21/21,18740043.75
6/20/21,18739381.25
6/19/21,18738731.25
6/18/21,18738181.25
6/17/21,18737293.75
6/16/21,18736612.5
6/15/21,18735756.25
6/14/21,18735087.5
6/13/21,18734081.25
6/12/21,18733218.75
6/11/21,18732506.25
6/10/21,18731862.5
6/9/21,18731031.25
6/8/21,18730256.25
6/7/21,18729456.25
6/6/21,18728506.25
6/5/21,18727700
6/4/21,18726700
6/3/21,18725912.5
6/2/21,18725137.5
6/1/21,18723925
5/31/21,18723031.25
5/30/21,18722300
5/29/21,18721431.25
5/28/21,18720625
5/27/21,18719793.75
5/26/21,18719075
5/25/21,18718318.75
5/24/21,18717531.25
5/23/21,18716931.25
5/22/21,18716087.5
5/21/21,18715318.75
5/20/21,18714756.25
5/19/21,18714031.25
5/18/21,18713275
5/17/21,18712581.25
5/16/21,18711762.5
5/15/21,18711043.75
5/14/21,18710325
5/13/21,18709325
5/12/21,18708468.75
5/11/21,18707243.75
5/10/21,18706243.75
5/9/21,18705093.75
5/8/21,18703918.75
5/7/21,18702787.5
5/6/21,18701800
5/5/21,18700743.75
5/4/21,18699668.75
5/3/21,18698593.75
5/2/21,18697456.25
5/1/21,18696300
4/30/21,18695525
4/29/21,18694525
4/28/21,18693918.75
4/27/21,18692993.75
4/26/21,18692137.5
4/25/21,18691300
4/24/21,18690406.25
4/23/21,18689443.75
4/22/21,18688787.5
4/21/21,18687718.75
4/20/21,18687087.5
4/19/21,18686406.25
4/18/21,18685731.25
4/17/21,18684900
4/16/21,18684418.75
4/15/21,18683856.25
4/14/21,18682668.75
4/13/21,18681893.75
4/12/21,18680887.5
4/11/21,18680143.75
4/10/21,18679081.25
4/9/21,18678250
4/8/21,18677181.25
4/7/21,18676443.75
4/6/21,18675456.25
4/5/21,18674437.5
4/4/21,18673475
4/3/21,18672575
4/2/21,18671912.5
4/1/21,18671037.5
3/31/21,18669943.75
3/30/21,18669068.75
3/29/21,18668187.5
3/28/21,18667306.25
3/27/21,18666212.5
3/26/21,18665112.5
3/25/21,18664456.25
3/24/21,18663350
3/23/21,18662475
3/22/21,18661368.75
3/21/21,18660493.75
3/20/21,18659612.5
3/19/21,18658518.75
3/18/21,18657637.5
3/17/21,18656756.25
3/16/21,18655875
3/15/21,18655000
3/14/21,18653906.25
3/13/21,18653031.25
3/12/21,18652156.25
3/11/21,18651062.5
3/10/21,18650406.25
3/9/21,18649312.5
3/8/21,18648437.5
3/7/21,18647562.5
3/6/21,18646687.5
3/5/21,18645812.5
3/4/21,18644718.75
3/3/21,18644056.25
3/2/21,18642956.25
3/1/21,18642075
2/28/21,18641418.75
2/27/21,18640543.75
2/26/21,18639450
2/25/21,18638568.75
2/24/21,18637687.5
2/23/21,18636587.5
2/22/21,18635925
2/21/21,18635050
2/20/21,18634168.75
2/19/21,18633293.75
2/18/21,18632200
2/17/21,18631531.25
2/16/21,18630656.25
2/15/21,18629781.25
2/14/21,18628900
2/13/21,18628025
2/12/21,18626925
2/11/21,18626031.25
2/10/21,18625368.75
2/9/21,18624487.5
2/8/21,18623381.25
2/7/21,18622500
2/6/21,18621406.25
2/5/21,18620518.75
2/4/21,18619418.75
2/3/21,18618543.75
2/2/21,18617443.75
2/1/21,18616568.75
1/31/21,18615906.25
1/30/21,18614812.5
1/29/21,18614156.25
1/28/21,18613056.25
1/27/21,18612181.25
1/26/21,18611306.25
1/25/21,18610425
1/24/21,18609543.75
1/23/21,18608662.5
1/22/21,18607568.75
1/21/21,18606693.75
1/20/21,18605818.75
1/19/21,18604937.5
1/18/21,18604062.5
1/17/21,18603181.25
1/16/21,18602300
1/15/21,18601418.75
1/14/21,18600543.75
1/13/21,18599656.25
1/12/21,18598562.5
1/11/21,18597681.25
1/10/21,18596806.25
1/9/21,18595706.25
1/8/21,18594825
1/7/21,18593950
1/6/21,18592850
1/5/21,18591756.25
1/4/21,18590881.25
1/3/21,18589768.75
1/2/21,18588675
1/1/21,18587787.5
12/31/20,18586912.5
12/30/20,18585818.75
12/29/20,18584712.5
12/28/20,18583831.25
12/27/20,18582737.5
12/26/20,18581862.5
12/25/20,18580981.25
12/24/20,18580106.25
12/23/20,18579231.25
12/22/20,18578356.25
12/21/20,18577475
12/20/20,18576593.75
12/19/20,18575718.75
12/18/20,18574618.75
12/17/20,18573743.75
12/16/20,18572856.25
12/15/20,18571981.25
12/14/20,18571100
12/13/20,18570225
12/12/20,18569343.75
12/11/20,18568456.25
12/10/20,18567581.25
12/9/20,18566700
12/8/20,18565825
12/7/20,18564937.5
12/6/20,18564062.5
12/5/20,18563187.5
12/4/20,18562306.25
12/3/20,18561431.25
12/2/20,18560337.5
12/1/20,18559675
11/30/20,18558581.25
11/29/20,18557925
11/28/20,18557037.5
11/27/20,18555943.75
11/26/20,18555062.5
11/25/20,18554181.25
11/24/20,18553087.5
11/23/20,18552212.5
11/22/20,18551337.5
11/21/20,18550237.5
11/20/20,18549143.75
11/19/20,18548268.75
11/18/20,18547387.5
11/17/20,18546287.5
11/16/20,18545412.5
11/15/20,18544318.75
11/14/20,18543443.75
11/13/20,18542556.25
11/12/20,18541675
11/11/20,18540575
11/10/20,18539700
11/9/20,18538825
11/8/20,18537725
11/7/20,18536837.5
11/6/20,18535743.75
11/5/20,18534862.5
11/4/20,18533956.25
11/3/20,18533081.25
11/2/20,18532206.25
11/1/20,18531550
10/31/20,18530668.75
10/30/20,18530012.5
10/29/20,18529356.25
10/28/20,18528700
10/27/20,18528043.75
10/26/20,18527387.5
10/25/20,18526731.25
10/24/20,18526075
10/23/20,18524975
10/22/20,18524312.5
10/21/20,18523425
10/20/20,18522543.75
10/19/20,18521668.75
10/18/20,18520787.5
10/17/20,18520131.25
10/16/20,18519031.25
10/15/20,18518156.25
10/14/20,18517275
10/13/20,18516393.75
10/12/20,18515293.75
10/11/20,18514418.75
10/10/20,18513537.5
10/9/20,18512656.25
10/8/20,18511562.5
10/7/20,18510681.25
10/6/20,18509806.25
10/5/20,18508925
10/4/20,18508037.5
10/3/20,18506943.75
10/2/20,18506062.5
10/1/20,18505187.5
9/30/20,18504531.25
9/29/20,18503437.5
9/28/20,18502556.25
9/27/20,18501900
9/26/20,18500793.75
9/25/20,18499912.5
9/24/20,18498793.75
9/23/20,18497918.75
9/22/20,18497043.75
9/21/20,18496387.5
9/20/20,18495512.5
9/19/20,18494418.75
9/18/20,18493543.75
9/17/20,18492450
9/16/20,18491356.25
9/15/20,18490481.25
9/14/20,18489606.25
9/13/20,18488506.25
9/12/20,18487412.5
9/11/20,18486312.5
9/10/20,18485431.25
9/9/20,18484556.25
9/8/20,18483462.5
9/7/20,18482587.5
9/6/20,18481481.25
9/5/20,18480606.25
9/4/20,18479725
9/3/20,18478843.75
9/2/20,18477968.75
9/1/20,18477087.5
8/31/20,18476212.5
8/30/20,18475112.5
8/29/20,18474456.25
8/28/20,18473581.25
8/27/20,18472481.25
8/26/20,18471600
8/25/20,18470725
8/24/20,18470062.5
8/23/20,18468962.5
8/22/20,18468087.5
8/21/20,18467206.25
8/20/20,18466331.25
8/19/20,18465456.25
8/18/20,18464581.25
8/17/20,18463700
8/16/20,18462825
8/15/20,18461943.75
8/14/20,18460843.75
8/13/20,18459962.5
8/12/20,18458868.75
8/11/20,18457993.75
8/10/20,18456900
8/9/20,18456243.75
8/8/20,18455150
8/7/20,18454275
8/6/20,18453393.75
8/5/20,18452300
8/4/20,18451643.75
8/3/20,18450550
8/2/20,18449675
8/1/20,18448800
7/31/20,18447925
7/30/20,18446831.25
7/29/20,18446175
7/28/20,18445081.25
7/27/20,18444206.25
7/26/20,18443325
7/25/20,18442443.75
7/24/20,18441562.5
7/23/20,18440468.75
7/22/20,18439593.75
7/21/20,18438718.75
7/20/20,18437843.75
7/19/20,18436968.75
7/18/20,18436306.25
7/17/20,18435425
7/16/20,18434768.75
7/15/20,18433893.75
7/14/20,18433018.75
7/13/20,18432137.5
7/12/20,18431043.75
7/11/20,18430168.75
7/10/20,18429293.75
7/9/20,18428193.75
7/8/20,18427087.5
7/7/20,18426212.5
7/6/20,18425331.25
7/5/20,18424225
7/4/20,18423350
7/3/20,18422256.25
7/2/20,18421156.25
7/1/20,18420281.25
6/30/20,18419175
6/29/20,18418300
6/28/20,18417425
6/27/20,18416550
6/26/20,18415675
6/25/20,18414568.75
6/24/20,18413693.75
6/23/20,18412818.75
6/22/20,18411725
6/21/20,18410837.5
6/20/20,18409956.25
6/19/20,18409081.25
6/18/20,18408206.25
6/17/20,18407550
6/16/20,18406668.75
6/15/20,18405781.25
6/14/20,18404906.25
6/13/20,18403800
6/12/20,18402700
6/11/20,18401825
6/10/20,18400512.5
6/9/20,18399637.5
6/8/20,18398537.5
6/7/20,18397656.25
6/6/20,18396562.5
6/5/20,18395450
6/4/20,18394131.25
6/3/20,18393256.25
6/2/20,18392381.25
6/1/20,18391725
5/31/20,18390843.75
5/30/20,18389750
5/29/20,18388875
5/28/20,18387993.75
5/27/20,18387337.5
5/26/20,18386437.5
5/25/20,18385562.5
5/24/20,18384906.25
5/23/20,18384031.25
5/22/20,18383375
5/21/20,18382718.75
5/20/20,18381843.75
5/19/20,18381187.5
5/18/20,18380525
5/17/20,18379631.25
5/16/20,18378975
5/15/20,18378100
5/14/20,18377443.75
5/13/20,18376787.5
5/12/20,18375906.25
5/11/20,18375031.25
5/10/20,18373287.5
5/9/20,18371087.5
5/8/20,18369337.5
5/7/20,18367575
5/6/20,18365825
5/5/20,18364025
5/4/20,18361837.5
5/3/20,18360087.5
5/2/20,18357887.5
5/1/20,18356137.5
4/30/20,18354337.5
4/29/20,18352550
4/28/20,18350787.5
4/27/20,18348600
4/26/20,18346837.5
4/25/20,18345075
4/24/20,18343762.5
4/23/20,18341562.5
4/22/20,18339812.5
4/21/20,18338500
4/20/20,18336275
4/19/20,18334525
4/18/20,18332775
4/17/20,18330587.5
4/16/20,18328825
4/15/20,18327075
4/14/20,18324887.5
4/13/20,18322700
4/12/20,18320937.5
4/11/20,18318750
4/10/20,18316987.5
4/9/20,18314800
4/8/20,18312612.5
4/7/20,18311237.5
4/6/20,18309037.5
4/5/20,18307100
4/4/20,18305100
4/3/20,18303337.5
4/2/20,18301587.5
4/1/20,18299837.5
3/31/20,18296062.5
3/30/20,18295875
3/29/20,18294125
3/28/20,18291925
3/27/20,18290525
3/26/20,18288562.5
3/25/20,18286475
3/24/20,18285000
3/23/20,18283475
3/22/20,18282162.5
3/21/20,18279500
3/20/20,18279262.5
3/19/20,18277912.5
3/18/20,18276225
3/17/20,18273987.5
3/16/20,18273650
3/15/20,18272150
3/14/20,18270550
3/13/20,18268462.5
3/12/20,18267562.5
3/11/20,18265612.5
3/10/20,18262925
3/9/20,18262525
3/8/20,18260562.5
3/7/20,18257412.5
3/6/20,18256662.5
3/5/20,18254612.5
3/4/20,18251875
3/3/20,18250612.5
3/2/20,18249200
3/1/20,18246350
2/29/20,18247000
2/28/20,18242875
2/27/20,18240850
2/26/20,18238937.5
2/25/20,18237187.5
2/24/20,18235325
2/23/20,18233662.5
2/22/20,18231912.5
2/21/20,18229825
2/20/20,18228412.5
2/19/20,18226662.5
2/18/20,18224312.5
2/17/20,18223137.5
2/16/20,18220925
2/15/20,18218775
2/14/20,18217425
2/13/20,18215662.5
2/12/20,18213262.5
2/11/20,18212162.5
2/10/20,18210400
2/9/20,18207725
2/8/20,18206875
2/7/20,18205112.5
2/6/20,18202187.5
2/5/20,18202237.5
2/4/20,18200037.5
2/3/20,18196675
2/2/20,18196500
2/1/20,18194612.5
1/31/20,18191175
1/30/20,18190887.5
1/29/20,18188862.5
1/28/20,18185650
1/27/20,18185037.5
1/26/20,18183700
1/25/20,18180137.5
1/24/20,18179762.5
1/23/20,18177750
1/22/20,18174600
1/21/20,18173850
1/20/20,18172075
1/19/20,18170125
1/18/20,18167712.5
1/17/20,18166475
1/16/20,18164487.5
1/15/20,18162212.5
1/14/20,18160787.5
1/13/20,18159000
1/12/20,18156700
1/11/20,18155087.5
1/10/20,18153237.5
1/9/20,18151162.5
1/8/20,18149475
1/7/20,18145662.5
1/6/20,18145150
1/5/20,18143562.5
1/4/20,18140125
1/3/20,18139362.5
1/2/20,18137575
1/1/20,18134600
12/31/19,18133587.5
12/30/19,18131512.5
12/29/19,18129075
12/28/19,18127712.5
12/27/19,18125925
12/26/19,18123550
12/25/19,18121775
12/24/19,18120212.5
12/23/19,18118012.5
12/22/19,18116750
12/21/19,18114987.5
12/20/19,18112500
12/19/19,18110662.5
12/18/19,18108537.5
12/17/19,18106962.5
12/16/19,18105250
12/15/19,18103250
12/14/19,18101437.5
12/13/19,18099912.5
12/12/19,18097800
12/11/19,18095925
12/10/19,18094737.5
12/9/19,18092887.5
12/8/19,18090425
12/7/19,18089125
12/6/19,18087287.5
12/5/19,18084900
12/4/19,18083400
12/3/19,18081412.5
12/2/19,18079387.5
12/1/19,18077425
11/30/19,18075850
11/29/19,18073850
11/28/19,18072575
11/27/19,18070375
11/26/19,18068312.5
11/25/19,18067300
11/24/19,18065650
11/23/19,18062787.5
11/22/19,18061850
11/21/19,18060125
11/20/19,18057250
11/19/19,18056975
11/18/19,18054762.5
11/17/19,18051725
11/16/19,18051425
11/15/19,18049462.5
11/14/19,18046200
11/13/19,18045212.5
11/12/19,18043525
11/11/19,18040700
11/10/19,18040012.5
11/9/19,18038200
11/8/19,18035187.5
11/7/19,18034475
11/6/19,18032825
11/5/19,18031475
11/4/19,18029675
11/3/19,18027662.5
11/2/19,18025975
11/1/19,18024137.5
10/31/19,18022700
10/30/19,18021037.5
10/29/19,18018612.5
10/28/19,18017687.5
10/27/19,18016250
10/26/19,18014500
10/25/19,18013112.5
10/24/19,18011112.5
10/23/19,18009475
10/22/19,18007587.5
10/21/19,18005362.5
10/20/19,18002062.5
10/19/19,18001762.5
10/18/19,17999762.5
10/17/19,17996500
10/16/19,17996087.5
10/15/19,17994187.5
10/14/19,17990962.5
10/13/19,17990725
10/12/19,17988612.5
10/11/19,17985425
10/10/19,17985087.5
10/9/19,17982912.5
10/8/19,17979900
10/7/19,17979387.5
10/6/19,17977550
10/5/19,17974362.5
10/4/19,17973712.5
10/3/19,17971875
10/2/19,17968850
10/1/19,17968237.5
9/30/19,17966175
9/29/19,17963312.5
9/28/19,17962925
9/27/19,17960850
9/26/19,17957787.5
9/25/19,17957212.5
9/24/19,17955250
9/23/19,17952225
9/22/19,17951737.5
9/21/19,17949650
9/20/19,17946712.5
9/19/19,17945937.5
9/18/19,17943737.5
9/17/19,17941187.5
9/16/19,17939862.5
9/15/19,17938025
9/14/19,17935650
9/13/19,17934200
9/12/19,17932225
9/11/19,17930150
9/10/19,17928087.5
9/9/19,17924625
9/8/19,17924062.5
9/7/19,17921750
9/6/19,17919100
9/5/19,17917712.5
9/4/19,17915562.5
9/3/19,17913587.5
9/2/19,17912125
9/1/19,17910300
8/31/19,17908037.5
8/30/19,17906237.5
8/29/19,17902500
8/28/19,17902275
8/27/19,17900162.5
8/26/19,17898437.5
8/25/19,17896987.5
8/24/19,17894950
8/23/19,17891450
8/22/19,17891262.5
8/21/19,17889137.5
8/20/19,17885925
8/19/19,17885637.5
8/18/19,17883600
8/17/19,17882000
8/16/19,17880400
8/15/19,17878650
8/14/19,17876750
8/13/19,17874825
8/12/19,17872687.5
8/11/19,17871212.5
8/10/19,17869287.5
8/9/19,17867487.5
8/8/19,17865712.5
8/7/19,17863762.5
8/6/19,17861775
8/5/19,17859575
8/4/19,17858212.5
8/3/19,17855750
8/2/19,17852687.5
8/1/19,17851862.5
7/31/19,17849712.5
7/30/19,17847175
7/29/19,17845850
7/28/19,17843700
7/27/19,17841637.5
7/26/19,17839725
7/25/19,17836125
7/24/19,17835662.5
7/23/19,17833887.5
7/22/19,17830600
7/21/19,17830487.5
7/20/19,17828287.5
7/19/19,17825087.5
7/18/19,17824837.5
7/17/19,17823175
7/16/19,17821612.5
7/15/19,17819562.5
7/14/19,17817962.5
7/13/19,17815750
7/12/19,17814062.5
7/11/19,17812100
7/10/19,17810475
7/9/19,17808537.5
7/8/19,17806800
7/7/19,17804862.5
7/6/19,17802987.5
7/5/19,17800725
7/4/19,17797475
7/3/19,17796050
7/2/19,17794062.5
7/1/19,17791962.5
6/30/19,17790375
6/29/19,17786450
6/28/19,17786162.5
6/27/19,17783937.5
6/26/19,17780937.5
6/25/19,17780500
6/24/19,17778287.5
6/23/19,17775400
6/22/19,17773812.5
6/21/19,17772150
6/20/19,17769900
6/19/19,17768587.5
6/18/19,17766550
6/17/19,17764400
6/16/19,17762812.5
6/15/19,17761437.5
6/14/19,17758875
6/13/19,17757437.5
6/12/19,17755350
6/11/19,17753375
6/10/19,17752062.5
6/9/19,17750225
6/8/19,17747850
6/7/19,17746712.5
6/6/19,17744750
6/5/19,17742300
6/4/19,17740812.5
6/3/19,17738862.5
6/2/19,17736787.5
6/1/19,17735787.5
5/31/19,17733875
5/30/19,17731275
5/29/19,17730162.5
5/28/19,17728125
5/27/19,17725725
5/26/19,17723950
5/25/19,17721750
5/24/19,17720187.5
5/23/19,17718312.5
5/22/19,17714675
5/21/19,17714312.5
5/20/19,17712300
5/19/19,17709175
5/18/19,17708350
5/17/19,17706462.5
5/16/19,17703662.5
5/15/19,17702800
5/14/19,17700875
5/13/19,17698137.5
5/12/19,17696862.5
5/11/19,17694737.5
5/10/19,17692575
5/9/19,17691762.5
5/8/19,17689850
5/7/19,17687037.5
5/6/19,17686375
5/5/19,17684312.5
5/4/19,17681537.5
5/3/19,17681212.5
5/2/19,17679387.5
5/1/19,17675962.5
4/30/19,17674587.5
4/29/19,17673012.5
4/28/19,17670412.5
4/27/19,17668787.5
4/26/19,17667350
4/25/19,17664912.5
4/24/19,17663550
4/23/19,17661625
4/22/19,17659387.5
4/21/19,17658400
4/20/19,17656300
4/19/19,17653825
4/18/19,17652987.5
4/17/19,17650825
4/16/19,17648275
4/15/19,17647175
4/14/19,17645650
4/13/19,17642762.5
4/12/19,17642525
4/11/19,17640562.5
4/10/19,17637262.5
4/9/19,17636612.5
4/8/19,17635225
4/7/19,17631750
4/6/19,17631262.5
4/5/19,17629750
4/4/19,17626200
4/3/19,17625775
4/2/19,17624262.5
4/1/19,17622100
3/31/19,17620675
3/30/19,17618625
3/29/19,17617250
3/28/19,17615162.5
3/27/19,17613562.5
3/26/19,17611437.5
3/25/19,17609625
3/24/19,17608150
3/23/19,17605900
3/22/19,17604100
3/21/19,17602087.5
3/20/19,17600562.5
3/19/19,17598550
3/18/19,17596362.5
3/17/19,17593012.5
3/16/19,17592512.5
3/15/19,17590587.5
3/14/19,17587450
3/13/19,17586487.5
3/12/19,17584712.5
3/11/19,17581937.5
3/10/19,17581225
3/9/19,17579525
3/8/19,17576412.5
3/7/19,17575900
3/6/19,17574312.5
3/5/19,17572887.5
3/4/19,17570862.5
3/3/19,17569350
3/2/19,17567275
3/1/19,17565337.5
2/28/19,17563812.5
2/27/19,17561587.5
2/26/19,17559825
2/25/19,17557787.5
2/24/19,17556087.5
2/23/19,17554300
2/22/19,17552712.5
2/21/19,17550787.5
2/20/19,17548775
2/19/19,17547650
2/18/19,17545737.5
2/17/19,17543250
2/16/19,17541862.5
2/15/19,17539812.5
2/14/19,17537725
2/13/19,17536587.5
2/12/19,17534562.5
2/11/19,17532175
2/10/19,17530987.5
2/9/19,17529550
2/8/19,17526662.5
2/7/19,17525337.5
2/6/19,17523287.5
2/5/19,17521150
2/4/19,17519625
2/3/19,17517450
2/2/19,17515612.5
2/1/19,17514112.5
1/31/19,17512175
1/30/19,17510100
1/29/19,17508662.5
1/28/19,17506837.5
1/27/19,17504562.5
1/26/19,17503262.5
1/25/19,17501075
1/24/19,17499012.5
1/23/19,17497687.5
1/22/19,17495600
1/21/19,17493487.5
1/20/19,17492362.5
1/19/19,17490400
1/18/19,17487950
1/17/19,17487012.5
1/16/19,17485425
1/15/19,17482425
1/14/19,17482112.5
1/13/19,17480250
1/12/19,17476900
1/11/19,17476812.5
1/10/19,17474962.5
1/9/19,17471362.5
1/8/19,17470962.5
1/7/19,17468850
1/6/19,17465762.5
1/5/19,17465325
1/4/19,17463287.5
1/3/19,17460225
1/2/19,17459487.5
1/1/19,17457600
12/31/18,17454675
12/30/18,17453800
12/29/18,17451600
12/28/18,17449125
12/27/18,17447787.5
12/26/18,17445612.5
12/25/18,17443625
12/24/18,17441662.5
12/23/18,17438075
12/22/18,17437562.5
12/21/18,17435375
12/20/18,17432562.5
12/19/18,17431937.5
12/18/18,17430075
12/17/18,17427062.5
12/16/18,17426475
12/15/18,17425037.5
12/14/18,17421550
12/13/18,17421350
12/12/18,17419712.5
12/11/18,17418212.5
12/10/18,17416012.5
12/9/18,17415100
12/8/18,17413500
12/7/18,17411912.5
12/6/18,17410487.5
12/5/18,17408800
12/4/18,17407175
12/3/18,17404962.5
12/2/18,17404025
12/1/18,17402600
11/30/18,17401050
11/29/18,17399437.5
11/28/18,17398475
11/27/18,17397000
11/26/18,17395362.5
11/25/18,17393937.5
11/24/18,17392387.5
11/23/18,17390600
11/22/18,17388400
11/21/18,17387512.5
11/20/18,17386200
11/19/18,17384550
11/18/18,17382887.5
11/17/18,17381437.5
11/16/18,17379625
11/15/18,17377362.5
11/14/18,17376462.5
11/13/18,17374775
11/12/18,17371837.5
11/11/18,17371525
11/10/18,17369700
11/9/18,17368062.5
11/8/18,17366312.5
11/7/18,17364962.5
11/6/18,17363337.5
11/5/18,17360787.5
11/4/18,17359937.5
11/3/18,17358400
11/2/18,17355262.5
11/1/18,17354600
10/31/18,17352675
10/30/18,17349750
10/29/18,17348712.5
10/28/18,17346887.5
10/27/18,17344237.5
10/26/18,17343437.5
10/25/18,17341650
10/24/18,17338712.5
10/23/18,17338525
10/22/18,17336600
10/21/18,17333212.5
10/20/18,17332937.5
10/19/18,17331150
10/18/18,17327675
10/17/18,17327650
10/16/18,17325925
10/15/18,17324237.5
10/14/18,17322150
10/13/18,17320787.5
10/12/18,17319025
10/11/18,17316637.5
10/10/18,17315387.5
10/9/18,17313587.5
10/8/18,17311112.5
10/7/18,17310275
10/6/18,17308500
10/5/18,17305562.5
10/4/18,17305312.5
10/3/18,17303437.5
10/2/18,17300037.5
10/1/18,17299912.5
9/30/18,17297937.5
9/29/18,17294525
9/28/18,17294000
9/27/18,17292075
9/26/18,17288987.5
9/25/18,17288550
9/24/18,17286437.5
9/23/18,17283450
9/22/18,17282712.5
9/21/18,17280775
9/20/18,17277925
9/19/18,17277050
9/18/18,17275100
9/17/18,17272375
9/16/18,17271637.5
9/15/18,17269900
9/14/18,17266862.5
9/13/18,17266500
9/12/18,17264650
9/11/18,17261337.5
9/10/18,17260787.5
9/9/18,17259100
9/8/18,17255812.5
9/7/18,17255187.5
9/6/18,17253287.5
9/5/18,17250300
9/4/18,17249762.5
9/3/18,17248187.5
9/2/18,17244800
9/1/18,17244587.5
8/31/18,17242700
8/30/18,17239300
8/29/18,17238837.5
8/28/18,17237100
8/27/18,17233787.5
8/26/18,17232875
8/25/18,17230712.5
8/24/18,17228250
8/23/18,17227200
8/22/18,17225337.5
8/21/18,17222712.5
8/20/18,17221487.5
8/19/18,17219612.5
8/18/18,17217162.5
8/17/18,17215800
8/16/18,17213900
8/15/18,17211662.5
8/14/18,17209912.5
8/13/18,17208212.5
8/12/18,17206137.5
8/11/18,17204400
8/10/18,17200612.5
8/9/18,17200075
8/8/18,17198212.5
8/7/18,17195087.5
8/6/18,17194350
8/5/18,17192712.5
8/4/18,17189575
8/3/18,17188512.5
8/2/18,17186437.5
8/1/18,17184062.5
7/31/18,17182650
7/30/18,17180812.5
7/29/18,17178562.5
7/28/18,17177012.5
7/27/18,17175200
7/26/18,17173000
7/25/18,17171050
7/24/18,17167487.5
7/23/18,17166850
7/22/18,17164775
7/21/18,17161950
7/20/18,17160787.5
7/19/18,17158862.5
7/18/18,17156437.5
7/17/18,17154550
7/16/18,17152562.5
7/15/18,17150875
7/14/18,17149400
7/13/18,17147737.5
7/12/18,17145337.5
7/11/18,17144187.5
7/10/18,17142500
7/9/18,17139775
7/8/18,17138937.5
7/7/18,17136962.5
7/6/18,17134237.5
7/5/18,17133012.5
7/4/18,17131300
7/3/18,17128700
7/2/18,17128175
7/1/18,17126412.5
6/30/18,17123175
6/29/18,17122812.5
6/28/18,17120925
6/27/18,17117637.5
6/26/18,17117450
6/25/18,17115625
6/24/18,17112112.5
6/23/18,17111525
6/22/18,17109525
6/21/18,17106537.5
6/20/18,17105512.5
6/19/18,17103575
6/18/18,17101025
6/17/18,17099587.5
6/16/18,17097625
6/15/18,17095500
6/14/18,17093637.5
6/13/18,17091725
6/12/18,17089950
6/11/18,17088125
6/10/18,17086375
6/9/18,17084425
6/8/18,17083000
6/7/18,17081187.5
6/6/18,17078900
6/5/18,17077562.5
6/4/18,17073387.5
6/3/18,17073087.5
6/2/18,17071050
6/1/18,17067862.5
5/31/18,17067075
5/30/18,17064950
5/29/18,17062337.5
5/28/18,17061037.5
5/27/18,17059087.5
5/26/18,17056812.5
5/25/18,17055012.5
5/24/18,17051300
5/23/18,17051025
5/22/18,17049000
5/21/18,17045762.5
5/20/18,17045150
5/19/18,17043350
5/18/18,17040250
5/17/18,17039575
5/16/18,17037925
5/15/18,17034700
5/14/18,17033862.5
5/13/18,17032212.5
5/12/18,17029187.5
5/11/18,17028300
5/10/18,17026712.5
5/9/18,17023600
5/8/18,17022787.5
5/7/18,17021050
5/6/18,17018087.5
5/5/18,17017462.5
5/4/18,17015450
5/3/18,17012537.5
5/2/18,17011837.5
5/1/18,17010087.5
4/30/18,17007012.5
4/29/18,17006175
4/28/18,17004200
4/27/18,17001475
4/26/18,17000825
4/25/18,16999062.5
4/24/18,16995962.5
4/23/18,16995537.5
4/22/18,16993625
4/21/18,16990450
4/20/18,16989637.5
4/19/18,16987925
4/18/18,16984912.5
4/17/18,16983700
4/16/18,16981675
4/15/18,16979400
4/14/18,16977875
4/13/18,16976162.5
4/12/18,16973887.5
4/11/18,16972175
4/10/18,16968362.5
4/9/18,16968112.5
4/8/18,16966275
4/7/18,16962837.5
4/6/18,16962012.5
4/5/18,16960287.5
4/4/18,16957300
4/3/18,16956500
4/2/18,16954462.5
4/1/18,16951775
3/31/18,16950487.5
3/30/18,16948887.5
3/29/18,16946262.5
3/28/18,16944962.5
3/27/18,16943275
3/26/18,16940725
3/25/18,16939500
3/24/18,16937812.5
3/23/18,16935175
3/22/18,16934200
3/21/18,16932412.5
3/20/18,16929662.5
3/19/18,16928925
3/18/18,16926987.5
3/17/18,16924125
3/16/18,16923237.5
3/15/18,16921287.5
3/14/18,16918625
3/13/18,16917687.5
3/12/18,16915712.5
3/11/18,16913062.5
3/10/18,16911787.5
3/9/18,16910037.5
3/8/18,16907525
3/7/18,16906187.5
3/6/18,16904225
3/5/18,16902012.5
3/4/18,16900412.5
3/3/18,16896500
3/2/18,16896312.5
3/1/18,16894362.5
2/28/18,16890950
2/27/18,16890362.5
2/26/18,16888362.5
2/25/18,16885425
2/24/18,16884462.5
2/23/18,16882650
2/22/18,16879900
2/21/18,16878937.5
2/20/18,16876825
2/19/18,16874375
2/18/18,16873037.5
2/17/18,16871012.5
2/16/18,16868837.5
2/15/18,16867187.5
2/14/18,16865550
2/13/18,16863325
2/12/18,16861262.5
2/11/18,16857800
2/10/18,16857300
2/9/18,16855512.5
2/8/18,16852262.5
2/7/18,16852187.5
2/6/18,16850425
2/5/18,16846750
2/4/18,16845987.5
2/3/18,16843762.5
2/2/18,16841225
2/1/18,16839687.5
1/31/18,16837687.5
1/30/18,16835675
1/29/18,16834137.5
1/28/18,16832287.5
1/27/18,16830137.5
1/26/18,16828350
1/25/18,16824625
1/24/18,16824437.5
1/23/18,16822237.5
1/22/18,16819112.5
1/21/18,16817937.5
1/20/18,16813600
1/19/18,16813375
1/18/18,16811312.5
1/17/18,16808037.5
1/16/18,16807062.5
1/15/18,16805075
1/14/18,16802512.5
1/13/18,16801262.5
1/12/18,16799400
1/11/18,16797012.5
1/10/18,16794762.5
1/9/18,16791475
1/8/18,16790637.5
1/7/18,16788562.5
1/6/18,16785950
1/5/18,16784437.5
1/4/18,16782650
1/3/18,16780450
1/2/18,16778587.5
1/1/18,16774887.5
12/31/17,16774500
12/30/17,16772462.5
12/29/17,16769362.5
12/28/17,16768562.5
12/27/17,16766700
12/26/17,16763837.5
12/25/17,16762975
12/24/17,16761287.5
12/23/17,16758325
12/22/17,16757650
12/21/17,16755712.5
12/20/17,16752787.5
12/19/17,16752362.5
12/18/17,16750612.5
12/17/17,16747275
12/16/17,16746025
12/15/17,16743887.5
12/14/17,16741750
12/13/17,16739462.5
12/12/17,16736187.5
12/11/17,16735187.5
12/10/17,16733050
12/9/17,16730637.5
12/8/17,16728825
12/7/17,16725125
12/6/17,16724975
12/5/17,16722625
12/4/17,16719575
12/3/17,16718137.5
12/2/17,16714037.5
12/1/17,16713925
11/30/17,16711637.5
11/29/17,16708512.5
11/28/17,16707387.5
11/27/17,16705437.5
11/26/17,16703000
11/25/17,16701400
11/24/17,16699450
11/23/17,16697437.5
11/22/17,16695312.5
11/21/17,16691900
11/20/17,16691612.5
11/19/17,16689425
11/18/17,16686350
11/17/17,16685725
11/16/17,16683637.5
11/15/17,16680837.5
11/14/17,16679837.5
11/13/17,16678237.5
11/12/17,16676487.5
11/11/17,16675300
11/10/17,16674487.5
11/9/17,16672987.5
11/8/17,16669775
11/7/17,16669275
11/6/17,16667325
11/5/17,16664262.5
11/4/17,16663900
11/3/17,16662275
11/2/17,16660787.5
11/1/17,16658725
10/31/17,16656962.5
10/30/17,16655237.5
10/29/17,16653187.5
10/28/17,16651475
10/27/17,16650412.5
10/26/17,16647650
10/25/17,16646862.5
10/24/17,16644550
10/23/17,16642137.5
10/22/17,16640325
10/21/17,16636625
10/20/17,16636137.5
10/19/17,16633900
10/18/17,16631112.5
10/17/17,16629787.5
10/16/17,16627737.5
10/15/17,16625575
10/14/17,16623125
10/13/17,16620050
10/12/17,16619662.5
10/11/17,16617750
10/10/17,16614525
10/9/17,16614012.5
10/8/17,16612000
10/7/17,16608987.5
10/6/17,16607750
10/5/17,16605762.5
10/4/17,16603425
10/3/17,16602525
10/2/17,16600237.5
10/1/17,16597875
9/30/17,16596737.5
9/29/17,16595012.5
9/28/17,16592375
9/27/17,16590687.5
9/26/17,16588850
9/25/17,16586850
9/24/17,16585562.5
9/23/17,16583750
9/22/17,16581325
9/21/17,16579937.5
9/20/17,16577737.5
9/19/17,16575800
9/18/17,16574325
9/17/17,16572737.5
9/16/17,16570300
9/15/17,16568425
9/14/17,16564750
9/13/17,16564000
9/12/17,16561625
9/11/17,16559200
9/10/17,16557100
9/9/17,16553675
9/8/17,16553262.5
9/7/17,16551075
9/6/17,16548112.5
9/5/17,16546850
9/4/17,16542562.5
9/3/17,16542200
9/2/17,16540275
9/1/17,16537037.5
8/31/17,16536050
8/30/17,16534012.5
8/29/17,16531500
8/28/17,16530050
8/27/17,16528437.5
8/26/17,16526000
8/25/17,16525187.5
8/24/17,16523925
8/23/17,16522662.5
8/22/17,16520475
8/21/17,16519562.5
8/20/17,16518125
8/19/17,16514962.5
8/18/17,16514612.5
8/17/17,16512750
8/16/17,16509400
8/15/17,16508887.5
8/14/17,16506987.5
8/13/17,16503825
8/12/17,16503512.5
8/11/17,16501825
8/10/17,16500025
8/9/17,16498262.5
8/8/17,16496625
8/7/17,16492712.5
8/6/17,16492662.5
8/5/17,16490912.5
8/4/17,16487187.5
8/3/17,16486462.5
8/2/17,16484737.5
8/1/17,16481662.5
7/31/17,16480975
7/30/17,16479162.5
7/29/17,16476137.5
7/28/17,16475362.5
7/27/17,16473487.5
7/26/17,16470575
7/25/17,16469725
7/24/17,16467875
7/23/17,16465000
7/22/17,16463500
7/21/17,16461500
7/20/17,16459475
7/19/17,16457550
7/18/17,16453962.5
7/17/17,16453625
7/16/17,16451775
7/15/17,16448437.5
7/14/17,16448150
7/13/17,16446412.5
7/12/17,16442912.5
7/11/17,16442237.5
7/10/17,16440075
7/9/17,16437387.5
7/8/17,16435887.5
7/7/17,16433825
7/6/17,16431825
7/5/17,16430200
7/4/17,16428337.5
7/3/17,16426300
7/2/17,16426425
7/1/17,16420787.5
6/30/17,16419900
6/29/17,16417975
6/28/17,16415200
6/27/17,16414512.5
6/26/17,16412875
6/25/17,16409687.5
6/24/17,16409575
6/23/17,16407750
6/22/17,16404162.5
6/21/17,16404012.5
6/20/17,16402262.5
6/19/17,16400537.5
6/18/17,16398587.5
6/17/17,16396837.5
6/16/17,16395025
6/15/17,16393062.5
6/14/17,16391262.5
6/13/17,16389512.5
6/12/17,16387550
6/11/17,16385912.5
6/10/17,16384087.5
6/9/17,16381987.5
6/8/17,16380437.5
6/7/17,16376487.5
6/6/17,16376312.5
6/5/17,16374425
6/4/17,16370937.5
6/3/17,16370362.5
6/2/17,16367962.5
6/1/17,16365412.5
5/31/17,16364012.5
5/30/17,16359862.5
5/29/17,16359725
5/28/17,16357837.5
5/27/17,16354337.5
5/26/17,16353675
5/25/17,16351762.5
5/24/17,16348787.5
5/23/17,16347800
5/22/17,16345700
5/21/17,16343225
5/20/17,16342037.5
5/19/17,16339975
5/18/17,16337725
5/17/17,16336150
5/16/17,16334212.5
5/15/17,16332150
5/14/17,16330437.5
5/13/17,16326575
5/12/17,16326412.5
5/11/17,16324487.5
5/10/17,16321050
5/9/17,16320950
5/8/17,16319012.5
5/7/17,16315512.5
5/6/17,16314675
5/5/17,16312575
5/4/17,16309975
5/3/17,16308862.5
5/2/17,16307212.5
5/1/17,16304425
4/30/17,16303362.5
4/29/17,16301475
4/28/17,16298900
4/27/17,16297612.5
4/26/17,16295775
4/25/17,16293362.5
4/24/17,16292012.5
4/23/17,16290462.5
4/22/17,16287775
4/21/17,16286737.5
4/20/17,16284650
4/19/17,16282237.5
4/18/17,16281137.5
4/17/17,16279312.5
4/16/17,16276637.5
4/15/17,16275762.5
4/14/17,16273887.5
4/13/17,16271100
4/12/17,16270562.5
4/11/17,16268787.5
4/10/17,16265562.5
4/9/17,16264862.5
4/8/17,16262875
4/7/17,16259962.5
4/6/17,16259137.5
4/5/17,16257300
4/4/17,16254387.5
4/3/17,16253712.5
4/2/17,16251512.5
4/1/17,16248812.5
3/31/17,16247887.5
3/30/17,16246200
3/29/17,16243212.5
3/28/17,16242425
3/27/17,16240487.5
3/26/17,16237675
3/25/17,16236762.5
3/24/17,16235100
3/23/17,16232175
3/22/17,16231050
3/21/17,16229062.5
3/20/17,16226637.5
3/19/17,16225587.5
3/18/17,16223525
3/17/17,16221112.5
3/16/17,16219637.5
3/15/17,16217725
3/14/17,16215550
3/13/17,16214000
3/12/17,16212187.5
3/11/17,16209975
3/10/17,16208387.5
3/9/17,16206437.5
3/8/17,16204475
3/7/17,16202812.5
3/6/17,16200900
3/5/17,16198900
3/4/17,16197287.5
3/3/17,16195637.5
3/2/17,16193387.5
3/1/17,16191787.5
2/28/17,16189987.5
2/27/17,16187875
2/26/17,16186275
2/25/17,16182300
2/24/17,16181962.5
2/23/17,16179925
2/22/17,16176750
2/21/17,16176325
2/20/17,16174600
2/19/17,16171200
2/18/17,16171075
2/17/17,16169187.5
2/16/17,16165662.5
2/15/17,16165412.5
2/14/17,16163675
2/13/17,16160100
2/12/17,16159525
2/11/17,16157775
2/10/17,16154562.5
2/9/17,16154200
2/8/17,16152087.5
2/7/17,16149037.5
2/6/17,16148375
2/5/17,16146812.5
2/4/17,16143512.5
2/3/17,16143025
2/2/17,16141162.5
2/1/17,16137962.5
1/31/17,16136800
1/30/17,16134987.5
1/29/17,16132375
1/28/17,16131100
1/27/17,16129200
1/26/17,16126862.5
1/25/17,16125137.5
1/24/17,16123275
1/23/17,16121362.5
1/22/17,16119687.5
1/21/17,16115837.5
1/20/17,16115250
1/19/17,16112887.5
1/18/17,16110287.5
1/17/17,16108837.5
1/16/17,16106862.5
1/15/17,16104712.5
1/14/17,16102662.5
1/13/17,16099162.5
1/12/17,16098637.5
1/11/17,16096487.5
1/10/17,16093612.5
1/9/17,16092575
1/8/17,16090875
1/7/17,16088087.5
1/6/17,16087062.5
1/5/17,16085050
1/4/17,16082562.5
1/3/17,16081387.5
1/2/17,16079337.5
1/1/17,16077050
12/31/16,16075400
12/30/16,16073550
12/29/16,16071512.5
12/28/16,16069712.5
12/27/16,16065925
12/26/16,16065712.5
12/25/16,16063937.5
12/24/16,16060375
12/23/16,16060162.5
12/22/16,16058262.5
12/21/16,16054812.5
12/20/16,16054287.5
12/19/16,16052562.5
12/18/16,16049250
12/17/16,16048912.5
12/16/16,16047112.5
12/15/16,16045450
12/14/16,16043725
12/13/16,16042125
12/12/16,16038212.5
12/11/16,16039900
12/10/16,16035612.5
12/9/16,16032662.5
12/8/16,16032275
12/7/16,16030312.5
12/6/16,16027087.5
12/5/16,16026262.5
12/4/16,16024362.5
12/3/16,16021562.5
12/2/16,16020362.5
12/1/16,16018575
11/30/16,16016037.5
11/29/16,16014975
11/28/16,16013112.5
11/27/16,16010512.5
11/26/16,16009262.5
11/25/16,16007350
11/24/16,16004975
11/23/16,16003425
11/22/16,16001587.5
11/21/16,15999412.5
11/20/16,15998175
11/19/16,15996575
11/18/16,15993900
11/17/16,15992950
11/16/16,15990962.5
11/15/16,15988387.5
11/14/16,15986875
11/13/16,15984725
11/12/16,15982875
11/11/16,15980850
11/10/16,15977337.5
11/9/16,15976712.5
11/8/16,15974875
11/7/16,15971812.5
11/6/16,15970937.5
11/5/16,15969025
11/4/16,15966300
11/3/16,15965737.5
11/2/16,15963800
11/1/16,15960800
10/31/16,15960337.5
10/30/16,15958500
10/29/16,15955250
10/28/16,15954537.5
10/27/16,15952637.5
10/26/16,15949725
10/25/16,15948887.5
10/24/16,15947150
10/23/16,15944212.5
10/22/16,15943562.5
10/21/16,15941700
10/20/16,15938712.5
10/19/16,15937975
10/18/16,15936412.5
10/17/16,15933212.5
10/16/16,15932912.5
10/15/16,15931287.5
10/14/16,15929512.5
10/13/16,15927662.5
10/12/16,15926212.5
10/11/16,15924412.5
10/10/16,15922112.5
10/9/16,15921125
10/8/16,15919125
10/7/16,15916587.5
10/6/16,15915225
10/5/16,15913212.5
10/4/16,15911050
10/3/16,15909150
10/2/16,15905525
10/1/16,15905500
9/30/16,15903537.5
9/29/16,15900012.5
9/28/16,15899975
9/27/16,15898125
9/26/16,15894500
9/25/16,15894125
9/24/16,15891812.5
9/23/16,15888937.5
9/22/16,15888037.5
9/21/16,15886275
9/20/16,15883400
9/19/16,15882312.5
9/18/16,15880650
9/17/16,15877900
9/16/16,15876800
9/15/16,15875062.5
9/14/16,15872362.5
9/13/16,15871187.5
9/12/16,15869125
9/11/16,15866787.5
9/10/16,15865037.5
9/9/16,15863100
9/8/16,15861225
9/7/16,15859525
9/6/16,15857625
9/5/16,15855700
9/4/16,15854175
9/3/16,15851937.5
9/2/16,15850175
9/1/16,15848450
8/31/16,15846700
8/30/16,15844600
8/29/16,15842975
8/28/16,15841112.5
8/27/16,15839062.5
8/26/16,15837412.5
8/25/16,15835762.5
8/24/16,15833500
8/23/16,15832237.5
8/22/16,15830400
8/21/16,15827900
8/20/16,15826387.5
8/19/16,15824450
8/18/16,15822362.5
8/17/16,15820600
8/16/16,15819062.5
8/15/16,15816812.5
8/14/16,15815550
8/13/16,15813512.5
8/12/16,15811287.5
8/11/16,15809612.5
8/10/16,15807737.5
8/9/16,15805787.5
8/8/16,15804300
8/7/16,15802450
8/6/16,15800250
8/5/16,15798525
8/4/16,15794750
8/3/16,15794500
8/2/16,15792425
8/1/16,15789212.5
7/31/16,15788587.5
7/30/16,15786662.5
7/29/16,15783687.5
7/28/16,15783337.5
7/27/16,15781637.5
7/26/16,15780037.5
7/25/16,15778137.5
7/24/16,15776787.5
7/23/16,15775237.5
7/22/16,15772587.5
7/21/16,15771987.5
7/20/16,15770325
7/19/16,15767062.5
7/18/16,15766850
7/17/16,15765000
7/16/16,15761512.5
7/15/16,15761175
7/14/16,15759487.5
7/13/16,15757725
7/12/16,15755987.5
7/11/16,15754325
7/10/16,15752537.5
7/9/16,15750450
7/8/16,15747450
7/7/16,15743825
7/6/16,15739750
7/5/16,15736900
7/4/16,15733275
7/3/16,15728550
7/2/16,15725650
7/1/16,15721925
6/30/16,15717325
6/29/16,15714300
6/28/16,15710650
6/27/16,15706025
6/26/16,15703275
6/25/16,15699625
6/24/16,15695000
6/23/16,15692350
6/22/16,15688850
6/21/16,15683900
6/20/16,15681900
6/19/16,15677800
6/18/16,15672725
6/17/16,15669425
6/16/16,15665700
6/15/16,15661675
6/14/16,15658175
6/13/16,15654875
6/12/16,15650600
6/11/16,15647200
6/10/16,15643300
6/9/16,15639500
6/8/16,15635575
6/7/16,15631975
6/6/16,15628425
6/5/16,15624225
6/4/16,15617375
6/3/16,15617000
6/2/16,15613450
6/1/16,15610000
5/31/16,15606225
5/30/16,15603250
5/29/16,15599650
5/28/16,15595100
5/27/16,15592650
5/26/16,15589175
5/25/16,15584025
5/24/16,15582350
5/23/16,15578675
5/22/16,15572925
5/21/16,15569575
5/20/16,15566050
5/19/16,15561800
5/18/16,15559325
5/17/16,15555500
5/16/16,15550675
5/15/16,15548450
5/14/16,15544975
5/13/16,15539600
5/12/16,15537575
5/11/16,15534100
5/10/16,15528450
5/9/16,15526825
5/8/16,15522500
5/7/16,15517375
5/6/16,15514600
5/5/16,15510550
5/4/16,15506275
5/3/16,15502500
5/2/16,15495100
5/1/16,15494800
4/30/16,15490925
4/29/16,15483925
4/28/16,15483325
4/27/16,15479950
4/26/16,15476725
4/25/16,15472750
4/24/16,15469775
4/23/16,15466475
4/22/16,15461600
4/21/16,15459300
4/20/16,15455525
4/19/16,15450600
4/18/16,15446725
4/17/16,15443350
4/16/16,15439500
4/15/16,15435950
4/14/16,15432325
4/13/16,15428375
4/12/16,15424275
4/11/16,15420475
4/10/16,15417250
4/9/16,15412350
4/8/16,15406175
4/7/16,15404775
4/6/16,15401125
4/5/16,15395075
4/4/16,15393525
4/3/16,15389425
4/2/16,15383775
4/1/16,15382000
3/31/16,15378575
3/30/16,15375450
3/29/16,15372675
3/28/16,15367225
3/27/16,15361625
3/26/16,15359850
3/25/16,15356175
3/24/16,15350500
3/23/16,15348775
3/22/16,15345000
3/21/16,15339400
3/20/16,15338125
3/19/16,15334350
3/18/16,15330975
3/17/16,15328300
3/16/16,15324150
3/15/16,15319900
3/14/16,15317150
3/13/16,15316100
3/12/16,15312325
3/11/16,15306100
3/10/16,15301350
3/9/16,15295025
3/8/16,15293200
3/7/16,15289850
3/6/16,15283925
3/5/16,15282500
3/4/16,15278525
3/3/16,15272850
3/2/16,15271400
3/1/16,15267475
2/29/16,15264275
2/28/16,15261700
2/27/16,15257175
2/26/16,15253900
2/25/16,15250450
2/24/16,15246525
2/23/16,15243450
2/22/16,15239350
2/21/16,15236825
2/20/16,15233675
2/19/16,15228100
2/18/16,15226250
2/17/16,15221750
2/16/16,15216900
2/15/16,15214525
2/14/16,15210825
2/13/16,15205675
2/12/16,15202500
2/11/16,15198525
2/10/16,15194400
2/9/16,15189500
2/8/16,15183225
2/7/16,15181250
2/6/16,15176700
2/5/16,15171900
2/4/16,15167425
2/3/16,15160425
2/2/16,15158450
2/1/16,15154350
1/31/16,15149025
1/30/16,15145475
1/29/16,15141050
1/28/16,15137725
1/27/16,15133100
1/26/16,15126450
1/25/16,15125150
1/24/16,15120825
1/23/16,15115250
1/22/16,15112200
1/21/16,15108075
1/20/16,15104050
1/19/16,15101075
1/18/16,15097350
1/17/16,15092900
1/16/16,15089500
1/15/16,15086025
1/14/16,15081800
1/13/16,15079650
1/12/16,15075825
1/11/16,15070475
1/10/16,15067175
1/9/16,15062925
1/8/16,15059375
1/7/16,15054575
1/6/16,15050975
1/5/16,15047875
1/4/16,15043500
1/3/16,15039125
1/2/16,15036525
1/1/16,15031975
12/31/15,15028600
12/30/15,15025275
12/29/15,15020675
12/28/15,15016875
12/27/15,15013775
12/26/15,15007975
12/25/15,15002300
12/24/15,14999975
12/23/15,14996250
12/22/15,14990800
12/21/15,14988600
12/20/15,14984750
12/19/15,14979425
12/18/15,14976650
12/17/15,14972650
12/16/15,14968025
12/15/15,14964475
12/14/15,14956625
12/13/15,14955250
12/12/15,14951525
12/11/15,14945300
12/10/15,14942975
12/9/15,14938075
12/8/15,14933950
12/7/15,14929675
12/6/15,14925900
12/5/15,14922525
12/4/15,14921600
12/3/15,14913750
12/2/15,14910800
12/1/15,14906475
11/30/15,14899225
11/29/15,14897925
11/28/15,14894000
11/27/15,14890350
11/26/15,14887850
11/25/15,14882575
11/24/15,14876550
11/23/15,14874925
11/22/15,14870925
11/21/15,14865275
11/20/15,14862125
11/19/15,14858150
11/18/15,14853350
11/17/15,14851150
11/16/15,14847125
11/15/15,14841725
11/14/15,14839100
11/13/15,14835300
11/12/15,14830200
11/11/15,14827475
11/10/15,14823050
11/9/15,14818600
11/8/15,14815800
11/7/15,14812300
11/6/15,14807050
11/5/15,14804800
11/4/15,14801075
11/3/15,14795450
11/2/15,14793250
11/1/15,14789625
10/31/15,14783850
10/30/15,14781850
10/29/15,14777750
10/28/15,14772400
10/27/15,14770650
10/26/15,14766700
10/25/15,14760675
10/24/15,14759025
10/23/15,14755550
10/22/15,14748925
10/21/15,14747775
10/20/15,14744150
10/19/15,14740975
10/18/15,14737100
10/17/15,14736825
10/16/15,14733250
10/15/15,14725650
10/14/15,14726100
10/13/15,14722025
10/12/15,14714050
10/11/15,14714875
10/10/15,14711375
10/9/15,14702450
10/8/15,14703900
10/7/15,14700575
10/6/15,14697150
10/5/15,14690800
10/4/15,14690050
10/3/15,14686350
10/2/15,14679225
10/1/15,14678775
9/30/15,14675650
9/29/15,14667550
9/28/15,14667925
9/27/15,14663600
9/26/15,14655925
9/25/15,14652725
9/24/15,14648675
9/23/15,14644125
9/22/15,14641300
9/21/15,14637300
9/20/15,14632525
9/19/15,14631000
9/18/15,14627700
9/17/15,14624100
9/16/15,14620800
9/15/15,14616850
9/14/15,14612775
9/13/15,14609300
9/12/15,14605300
9/11/15,14601900
9/10/15,14597500
9/9/15,14593350
9/8/15,14589825
9/7/15,14585975
9/6/15,14582950
9/5/15,14578975
9/4/15,14574275
9/3/15,14571400
9/2/15,14567625
9/1/15,14562700
8/31/15,14559975
8/30/15,14556000
8/29/15,14550750
8/28/15,14548275
8/27/15,14544550
8/26/15,14538900
8/25/15,14536950
8/24/15,14533500
8/23/15,14529575
8/22/15,14527350
8/21/15,14522325
8/20/15,14515675
8/19/15,14514600
8/18/15,14510800
8/17/15,14507175
8/16/15,14503950
8/15/15,14503575
8/14/15,14499900
8/13/15,14492325
8/12/15,14493200
8/11/15,14489475
8/10/15,14480850
8/9/15,14482175
8/8/15,14477800
8/7/15,14469350
8/6/15,14470500
8/5/15,14466950
8/4/15,14457775
8/3/15,14460300
8/2/15,14456700
8/1/15,14453025
7/31/15,14446150
7/30/15,14445000
7/29/15,14441525
7/28/15,14434550
7/27/15,14434375
7/26/15,14430825
7/25/15,14422750
7/24/15,14423500
7/23/15,14419675
7/22/15,14410800
7/21/15,14411750
7/20/15,14408075
7/19/15,14399175
7/18/15,14400975
7/17/15,14397400
7/16/15,14387675
7/15/15,14389800
7/14/15,14386400
7/13/15,14376350
7/12/15,14379075
7/11/15,14375450
7/10/15,14372000
7/9/15,14364700
7/8/15,14364475
7/7/15,14361025
7/6/15,14353150
7/5/15,14353475
7/4/15,14349225
7/3/15,14341475
7/2/15,14341725
7/1/15,14337675
6/30/15,14329950
6/29/15,14330550
6/28/15,14326975
6/27/15,14318325
6/26/15,14319875
6/25/15,14316675
6/24/15,14306725
6/23/15,14308975
6/22/15,14305200
6/21/15,14301625
6/20/15,14294975
6/19/15,14294875
6/18/15,14291525
6/17/15,14283325
6/16/15,14283650
6/15/15,14280100
6/14/15,14271575
6/13/15,14273275
6/12/15,14269650
6/11/15,14265700
6/10/15,14259650
6/9/15,14258425
6/8/15,14247950
6/7/15,14250425
6/6/15,14246900
6/5/15,14236225
6/4/15,14238700
6/3/15,14235150
6/2/15,14231600
6/1/15,14224675
5/31/15,14224400
5/30/15,14220975
5/29/15,14213100
5/28/15,14214200
5/27/15,14210275
5/26/15,14201525
5/25/15,14203350
5/24/15,14199975
5/23/15,14196375
5/22/15,14189975
5/21/15,14189850
5/20/15,14186300
5/19/15,14178425
5/18/15,14178925
5/17/15,14175525
5/16/15,14166825
5/15/15,14167775
5/14/15,14164575
5/13/15,14154775
5/12/15,14156950
5/11/15,14152900
5/10/15,14143000
5/9/15,14145225
5/8/15,14142000
5/7/15,14138850
5/6/15,14131300
5/5/15,14131125
5/4/15,14127550
5/3/15,14119650
5/2/15,14120400
5/1/15,14116950
4/30/15,14107825
4/29/15,14109600
4/28/15,14106275
4/27/15,14103050
4/26/15,14096275
4/25/15,14095675
4/24/15,14091950
4/23/15,14084750
4/22/15,14085100
4/21/15,14081650
4/20/15,14073025
4/19/15,14074100
4/18/15,14069950
4/17/15,14061325
4/16/15,14063225
4/15/15,14059875
4/14/15,14056425
4/13/15,14049725
4/12/15,14049400
4/11/15,14045875
4/10/15,14038050
4/9/15,14039050
4/8/15,14035500
4/7/15,14026225
4/6/15,14028950
4/5/15,14024975
4/4/15,14021750
4/3/15,14014375
4/2/15,14014125
4/1/15,14010350
3/31/15,14002650
3/30/15,14003125
3/29/15,13999400
3/28/15,13990975
3/27/15,13992075
3/26/15,13988325
3/25/15,13979375
3/24/15,13980300
3/23/15,13976150
3/22/15,13967750
3/21/15,13968175
3/20/15,13964850
3/19/15,13956200
3/18/15,13957750
3/17/15,13954175
3/16/15,13950650
3/15/15,13944525
3/14/15,13943800
3/13/15,13940125
3/12/15,13933075
3/11/15,13933300
3/10/15,13929975
3/9/15,13921125
3/8/15,13922050
3/7/15,13918750
3/6/15,13909325
3/5/15,13911325
3/4/15,13907375
3/3/15,13904525
3/2/15,13897425
3/1/15,13896750
2/28/15,13893000
2/27/15,13885625
2/26/15,13885875
2/25/15,13881925
2/24/15,13873750
2/23/15,13874425
2/22/15,13870975
2/21/15,13862050
2/20/15,13863775
2/19/15,13860325
2/18/15,13850300
2/17/15,13852075
2/16/15,13848050
2/15/15,13838450
2/14/15,13840225
2/13/15,13836875
2/12/15,13832850
2/11/15,13827000
2/10/15,13825950
2/9/15,13822200
2/8/15,13815275
2/7/15,13814575
2/6/15,13811375
2/5/15,13803125
2/4/15,13802700
2/3/15,13799025
2/2/15,13791450
2/1/15,13791625
1/31/15,13787950
1/30/15,13779225
1/29/15,13779825
1/28/15,13776350
1/27/15,13766975
1/26/15,13768150
1/25/15,13764525
1/24/15,13761350
1/23/15,13755350
1/22/15,13755175
1/21/15,13752075
1/20/15,13743500
1/19/15,13744900
1/18/15,13741900
1/17/15,13731825
1/16/15,13734300
1/15/15,13727150
1/14/15,13727150
1/13/15,13719850
1/12/15,13719900
1/11/15,13717275
1/10/15,13708150
1/9/15,13709500
1/8/15,13705975
1/7/15,13696425
1/6/15,13698800
1/5/15,13695100
1/4/15,13684275
1/3/15,13686975
1/2/15,13682825
1/1/15,13672475
12/31/14,13674725
12/30/14,13670575
12/29/14,13660525
12/28/14,13663050
12/27/14,13658825
12/26/14,13648650
12/25/14,13650650
12/24/14,13647050
12/23/14,13637125
12/22/14,13639050
12/21/14,13635000
12/20/14,13631775
12/19/14,13625025
12/18/14,13624625
12/17/14,13621525
12/16/14,13613125
12/15/14,13614875
12/14/14,13611550
12/13/14,13607725
12/12/14,13601000
12/11/14,13600850
12/10/14,13597300
12/9/14,13589175
12/8/14,13589575
12/7/14,13586100
12/6/14,13577300
12/5/14,13579300
12/4/14,13575675
12/3/14,13571925
12/2/14,13565550
12/1/14,13565200
11/30/14,13561650
11/29/14,13553800
11/28/14,13554175
11/27/14,13550400
11/26/14,13542025
11/25/14,13543250
11/24/14,13539675
11/23/14,13530325
11/22/14,13532600
11/21/14,13529075
11/20/14,13525125
11/19/14,13518725
11/18/14,13518600
11/17/14,13515175
11/16/14,13507175
11/15/14,13507625
11/14/14,13504000
11/13/14,13495475
11/12/14,13496600
11/11/14,13492950
11/10/14,13483950
11/9/14,13486050
11/8/14,13482100
11/7/14,13472300
11/6/14,13474725
11/5/14,13471125
11/4/14,13467500
11/3/14,13460300
11/2/14,13459400
11/1/14,13448500
10/31/14,13451425
10/30/14,13447425
10/29/14,13436800
10/28/14,13438400
10/27/14,13434800
10/26/14,13425225
10/25/14,13427325
10/24/14,13424075
10/23/14,13413500
10/22/14,13416200
10/21/14,13412625
10/20/14,13408350
10/19/14,13401650
10/18/14,13401400
10/17/14,13398050
10/16/14,13389925
10/15/14,13390475
10/14/14,13386725
10/13/14,13377975
10/12/14,13379550
10/11/14,13375725
10/10/14,13366075
10/9/14,13368450
10/8/14,13364475
10/7/14,13360925
10/6/14,13354600
10/5/14,13353875
10/4/14,13349875
10/3/14,13342550
10/2/14,13341850
10/1/14,13338325
9/30/14,13330950
9/29/14,13331000
9/28/14,13327200
9/27/14,13319275
9/26/14,13320275
9/25/14,13317075
9/24/14,13307450
9/23/14,13309225
9/22/14,13305150
9/21/14,13295250
9/20/14,13297450
9/19/14,13293075
9/18/14,13283250
9/17/14,13284700
9/16/14,13280075
9/15/14,13271200
9/14/14,13271125
9/13/14,13267425
9/12/14,13259225
9/11/14,13258750
9/10/14,13254725
9/9/14,13247275
9/8/14,13246775
9/7/14,13243475
9/6/14,13235250
9/5/14,13235550
9/4/14,13231350
9/3/14,13222875
9/2/14,13223450
9/1/14,13219475
8/31/14,13211000
8/30/14,13212150
8/29/14,13207275
8/28/14,13198975
8/27/14,13198825
8/26/14,13187050
8/25/14,13190275
8/24/14,13186125
8/23/14,13182775
8/22/14,13175050
8/21/14,13174750
8/20/14,13170725
8/19/14,13163225
8/18/14,13162575
8/17/14,13150700
8/16/14,13153050
8/15/14,13148925
8/14/14,13138975
8/13/14,13140575
8/12/14,13136325
8/11/14,13127050
8/10/14,13127875
8/9/14,13123325
8/8/14,13114900
8/7/14,13114525
8/6/14,13110500
8/5/14,13102925
8/4/14,13102750
8/3/14,13099450
8/2/14,13091075
8/1/14,13092275
7/31/14,13088050
7/30/14,13078650
7/29/14,13080375
7/28/14,13076000
7/27/14,13066550
7/26/14,13068875
7/25/14,13064850
7/24/14,13054725
7/23/14,13057425
7/22/14,13053700
7/21/14,13050050
7/20/14,13042950
7/19/14,13042750
7/18/14,13038500
7/17/14,13030875
7/16/14,13030225
7/15/14,13025950
7/14/14,13019000
7/13/14,13018375
7/12/14,13014750
7/11/14,13007150
7/10/14,13006775
7/9/14,13003025
7/8/14,12995100
7/7/14,12995200
7/6/14,12991150
7/5/14,12983300
7/4/14,12983950
7/3/14,12980150
7/2/14,12971600
7/1/14,12972825
6/30/14,12969350
6/29/14,12959750
6/28/14,12962775
6/27/14,12958425
6/26/14,12947700
6/25/14,12949075
6/24/14,12944800
6/23/14,12935900
6/22/14,12935200
6/21/14,12923925
6/20/14,12926425
6/19/14,12921700
6/18/14,12911750
6/17/14,12913300
6/16/14,12909050
6/15/14,12899700
6/14/14,12899525
6/13/14,12887650
6/12/14,12890475
6/11/14,12886275
6/10/14,12875500
6/9/14,12878750
6/8/14,12874325
6/7/14,12870925
6/6/14,12863700
6/5/14,12863350
6/4/14,12859650
6/3/14,12851825
6/2/14,12851450
6/1/14,12840025
5/31/14,12842275
5/30/14,12837800
5/29/14,12828450
5/28/14,12829925
5/27/14,12826650
5/26/14,12816650
5/25/14,12819000
5/24/14,12814775
5/23/14,12804675
5/22/14,12806800
5/21/14,12802850
5/20/14,12792500
5/19/14,12794225
5/18/14,12789750
5/17/14,12779850
5/16/14,12781475
5/15/14,12776900
5/14/14,12767800
5/13/14,12768200
5/12/14,12764450
5/11/14,12755750
5/10/14,12756275
5/9/14,12752125
5/8/14,12743500
5/7/14,12743550
5/6/14,12739650
5/5/14,12731250
5/4/14,12730925
5/3/14,12727800
5/2/14,12719200
5/1/14,12720400
4/30/14,12716150
4/29/14,12706825
4/28/14,12708300
4/27/14,12704350
4/26/14,12694425
4/25/14,12696025
4/24/14,12691575
4/23/14,12681750
4/22/14,12683800
4/21/14,12679425
4/20/14,12669525
4/19/14,12671150
4/18/14,12666900
4/17/14,12657050
4/16/14,12658925
4/15/14,12654575
4/14/14,12644600
4/13/14,12645975
4/12/14,12641425
4/11/14,12632500
4/10/14,12632450
4/9/14,12628725
4/8/14,12620425
4/7/14,12620725
4/6/14,12616825
4/5/14,12608050
4/4/14,12609625
4/3/14,12605150
4/2/14,12596125
4/1/14,12594925
3/31/14,12584000
3/30/14,12585825
3/29/14,12581625
3/28/14,12571950
3/27/14,12573625
3/26/14,12569050
3/25/14,12559900
3/24/14,12560925
3/23/14,12557150
3/22/14,12547650
3/21/14,12547050
3/20/14,12535450
3/19/14,12538125
3/18/14,12533950
3/17/14,12523675
3/16/14,12526450
3/15/14,12522000
3/14/14,12511700
3/13/14,12513675
3/12/14,12510200
3/11/14,12499300
3/10/14,12501775
3/9/14,12497575
3/8/14,12487050
3/7/14,12489350
3/6/14,12484975
3/5/14,12474675
3/4/14,12476750
3/3/14,12472725
3/2/14,12469250
3/1/14,12462775
2/28/14,12461975
2/27/14,12450325
2/26/14,12453575
2/25/14,12449025
2/24/14,12438000
2/23/14,12440250
2/22/14,12435700
2/21/14,12425750
2/20/14,12427050
2/19/14,12422850
2/18/14,12413625
2/17/14,12413800
2/16/14,12409625
2/15/14,12401425
2/14/14,12400650
2/13/14,12389250
2/12/14,12391375
2/11/14,12386875
2/10/14,12377400
2/9/14,12378525
2/8/14,12374700
2/7/14,12365575
2/6/14,12366550
2/5/14,12362425
2/4/14,12353550
2/3/14,12353975
2/2/14,12341775
2/1/14,12344900
1/31/14,12340450
1/30/14,12330150
1/29/14,12330925
1/28/14,12326925
1/27/14,12318250
1/26/14,12318825
1/25/14,12314800
1/24/14,12306150
1/23/14,12306925
1/22/14,12294000
1/21/14,12297575
1/20/14,12292825
1/19/14,12282175
1/18/14,12283950
1/17/14,12279350
1/16/14,12270750
1/15/14,12271450
1/14/14,12259225
1/13/14,12262175
1/12/14,12258325
1/11/14,12247475
1/10/14,12248500
1/9/14,12235875
1/8/14,12238275
1/7/14,12233750
1/6/14,12224150
1/5/14,12224150
1/4/14,12219725
1/3/14,12212325
1/2/14,12211525
1/1/14,12200575
12/31/13,12203800
12/30/13,12198800
12/29/13,12189000
12/28/13,12189725
12/27/13,12185975
12/26/13,12177350
12/25/13,12177500
12/24/13,12165875
12/23/13,12168725
12/22/13,12164575
12/21/13,12154350
12/20/13,12156450
12/19/13,12152375
12/18/13,12142800
12/17/13,12141925
12/16/13,12130900
12/15/13,12131750
12/14/13,12118925
12/13/13,12122475
12/12/13,12117475
12/11/13,12107225
12/10/13,12109175
12/9/13,12105225
12/8/13,12095750
12/7/13,12095325
12/6/13,12083850
12/5/13,12086050
12/4/13,12080775
12/3/13,12071950
12/2/13,12072075
12/1/13,12060625
11/30/13,12063250
11/29/13,12058375
11/28/13,12048850
11/27/13,12049750
11/26/13,12045200
11/25/13,12037150
11/24/13,12036950
11/23/13,12025450
11/22/13,12028150
11/21/13,12024100
11/20/13,12013975
11/19/13,12016250
11/18/13,12012175
11/17/13,12002525
11/16/13,12004200
11/15/13,11999375
11/14/13,11990675
11/13/13,11990400
11/12/13,11979100
11/11/13,11981475
11/10/13,11976750
11/9/13,11967550
11/8/13,11967675
11/7/13,11964125
11/6/13,11956375
11/5/13,11956950
11/4/13,11944875
11/3/13,11948650
11/2/13,11943650
11/1/13,11933550
10/31/13,11933325
10/30/13,11922125
10/29/13,11923350
10/28/13,11918450
10/27/13,11910700
10/26/13,11910050
10/25/13,11899100
10/24/13,11900650
10/23/13,11887675
10/22/13,11889425
10/21/13,11876100
10/20/13,11877925
10/19/13,11864750
10/18/13,11867500
10/17/13,11862025
10/16/13,11853050
10/15/13,11853225
10/14/13,11841400
10/13/13,11841550
10/12/13,11829475
10/11/13,11829375
10/10/13,11818025
10/9/13,11820025
10/8/13,11815150
10/7/13,11806550
10/6/13,11806675
10/5/13,11795325
10/4/13,11797800
10/3/13,11792525
10/2/13,11783800
10/1/13,11782875
9/30/13,11771900
9/29/13,11773650
9/28/13,11769550
9/27/13,11760525
9/26/13,11761075
9/25/13,11749050
9/24/13,11752400
9/23/13,11747050
9/22/13,11737600
9/21/13,11736500
9/20/13,11726400
9/19/13,11726675
9/18/13,11715000
9/17/13,11716975
9/16/13,11713200
9/15/13,11703775
9/14/13,11704550
9/13/13,11692350
9/12/13,11694575
9/11/13,11681125
9/10/13,11684125
9/9/13,11679100
9/8/13,11669900
9/7/13,11669625
9/6/13,11658475
9/5/13,11661825
9/4/13,11657075
9/3/13,11647350
9/2/13,11648650
9/1/13,11636150
8/31/13,11638150
8/30/13,11624900
8/29/13,11627225
8/28/13,11622375
8/27/13,11613775
8/26/13,11613250
8/25/13,11602650
8/24/13,11604875
8/23/13,11601300
8/22/13,11591350
8/21/13,11591275
8/20/13,11580025
8/19/13,11580925
8/18/13,11568600
8/17/13,11571950
8/16/13,11567025
8/15/13,11557325
8/14/13,11558050
8/13/13,11553875
8/12/13,11545575
8/11/13,11545225
8/10/13,11534425
8/9/13,11534150
8/8/13,11523225
8/7/13,11523975
8/6/13,11512075
8/5/13,11514525
8/4/13,11509800
8/3/13,11500750
8/2/13,11500725
8/1/13,11489625
7/31/13,11491500
7/30/13,11486875
7/29/13,11478400
7/28/13,11477275
7/27/13,11467175
7/26/13,11468700
7/25/13,11464575
7/24/13,11455850
7/23/13,11456700
7/22/13,11452850
7/21/13,11444675
7/20/13,11444725
7/19/13,11433325
7/18/13,11435175
7/17/13,11430950
7/16/13,11422050
7/15/13,11422425
7/14/13,11410900
7/13/13,11414050
7/12/13,11409975
7/11/13,11399725
7/10/13,11402075
7/9/13,11397275
7/8/13,11388600
7/7/13,11387975
7/6/13,11377475
7/5/13,11378650
7/4/13,11373950
7/3/13,11366250
7/2/13,11365275
7/1/13,11355125
6/30/13,11356975
6/29/13,11353150
6/28/13,11343975
6/27/13,11345025
6/26/13,11340825
6/25/13,11332900
6/24/13,11331950
6/23/13,11321800
6/22/13,11324675
6/21/13,11320275
6/20/13,11310750
6/19/13,11311650
6/18/13,11308000
6/17/13,11299700
6/16/13,11301225
6/15/13,11297375
6/14/13,11288500
6/13/13,11288300
6/12/13,11277450
6/11/13,11279175
6/10/13,11274175
6/9/13,11266025
6/8/13,11265275
6/7/13,11254800
6/6/13,11256900
6/5/13,11252875
6/4/13,11243600
6/3/13,11243375
6/2/13,11232250
6/1/13,11232900
5/31/13,11220925
5/30/13,11222850
5/29/13,11218200
5/28/13,11209825
5/27/13,11209775
5/26/13,11198625
5/25/13,11201425
5/24/13,11197400
5/23/13,11187500
5/22/13,11189050
5/21/13,11185025
5/20/13,11176375
5/19/13,11177150
5/18/13,11173700
5/17/13,11165250
5/16/13,11166175
5/15/13,11162150
5/14/13,11154125
5/13/13,11154850
5/12/13,11151175
5/11/13,11142850
5/10/13,11142225
5/9/13,11131800
5/8/13,11133675
5/7/13,11129525
5/6/13,11120550
5/5/13,11121050
5/4/13,11116975
5/3/13,11109450
5/2/13,11109275
5/1/13,11105600
4/30/13,11098275
4/29/13,11098475
4/28/13,11087150
4/27/13,11090225
4/26/13,11086050
4/25/13,11076050
4/24/13,11077775
4/23/13,11073800
4/22/13,11064875
4/21/13,11065450
4/20/13,11061400
4/19/13,11053700
4/18/13,11053425
4/17/13,11050300
4/16/13,11042475
4/15/13,11042050
4/14/13,11031225
4/13/13,11033475
4/12/13,11029400
4/11/13,11020175
4/10/13,11021100
4/9/13,11008975
4/8/13,11012400
4/7/13,11008200
4/6/13,10997875
4/5/13,10999925
4/4/13,10995725
4/3/13,10986575
4/2/13,10988125
4/1/13,10975275
3/31/13,10979300
3/30/13,10973850
3/29/13,10964075
3/28/13,10965775
3/27/13,10961225
3/26/13,10952900
3/25/13,10953600
3/24/13,10949700
3/23/13,10941700
3/22/13,10940875
3/21/13,10930400
3/20/13,10930000
3/19/13,10919100
3/18/13,10919750
3/17/13,10907825
3/16/13,10910350
3/15/13,10905275
3/14/13,10896450
3/13/13,10896625
3/12/13,10892000
3/11/13,10885125
3/10/13,10885200
3/9/13,10873850
3/8/13,10875925
3/7/13,10871675
3/6/13,10862700
3/5/13,10864225
3/4/13,10860175
3/3/13,10851275
3/2/13,10852050
3/1/13,10848250
2/28/13,10840050
2/27/13,10840550
2/26/13,10828675
2/25/13,10831200
2/24/13,10827325
2/23/13,10817275
2/22/13,10818350
2/21/13,10814300
2/20/13,10805950
2/19/13,10805350
2/18/13,10794525
2/17/13,10796875
2/16/13,10792850
2/15/13,10783050
2/14/13,10783475
2/13/13,10779075
2/12/13,10771775
2/11/13,10771050
2/10/13,10767475
2/9/13,10760125
2/8/13,10759400
2/7/13,10756000
2/6/13,10748650
2/5/13,10748500
2/4/13,10744650
2/3/13,10737050
2/2/13,10735950
2/1/13,10725500
1/31/13,10727800
1/30/13,10723975
1/29/13,10713625
1/28/13,10715600
1/27/13,10711550
1/26/13,10702050
1/25/13,10704050
1/24/13,10700300
1/23/13,10696825
1/22/13,10690550
1/21/13,10689775
1/20/13,10686575
1/19/13,10678900
1/18/13,10679625
1/17/13,10676100
1/16/13,10672975
1/15/13,10667550
1/14/13,10666825
1/13/13,10663650
1/12/13,10656000
1/11/13,10656750
1/10/13,10653775
1/9/13,10644700
1/8/13,10647100
1/7/13,10643750
1/6/13,10640150
1/5/13,10633200
1/4/13,10632425
1/3/13,10628700
1/2/13,10621575
1/1/13,10621175
12/31/12,10617275
12/30/12,10610125
12/29/12,10608975
12/28/12,10598500
12/27/12,10601625
12/26/12,10597225
12/25/12,10593200
12/24/12,10586600
12/23/12,10586525
12/22/12,10583350
12/21/12,10574875
12/20/12,10576300
12/19/12,10573275
12/18/12,10570575
12/17/12,10563525
12/16/12,10563850
12/15/12,10560700
12/14/12,10557825
12/13/12,10552175
12/12/12,10552275
12/11/12,10548875
12/10/12,10540025
12/9/12,10542025
12/8/12,10538475
12/7/12,10535225
12/6/12,10528200
12/5/12,10528750
12/4/12,10525175
12/3/12,10522175
12/2/12,10515950
12/1/12,10515650
11/30/12,10511875
11/29/12,10503775
11/28/12,10504650
11/27/12,10500525
11/26/12,10483450
11/25/12,10485000
11/24/12,10477050
11/23/12,10459500
11/22/12,10461900
11/21/12,10454650
11/20/12,10434700
11/19/12,10439600
11/18/12,10431650
11/17/12,10425500
11/16/12,10410450
11/15/12,10410500
11/14/12,10403450
11/13/12,10386600
11/12/12,10389450
11/11/12,10382650
11/10/12,10375600
11/9/12,10362400
11/8/12,10361000
11/7/12,10353750
11/6/12,10338100
11/5/12,10337800
11/4/12,10331000
11/3/12,10312500
11/2/12,10315350
11/1/12,10308200
10/31/12,10300950
10/30/12,10287850
10/29/12,10287250
10/28/12,10279800
10/27/12,10263250
10/26/12,10263450
10/25/12,10254550
10/24/12,10237850
10/23/12,10239600
10/22/12,10231800
10/21/12,10213650
10/20/12,10216650
10/19/12,10208750
10/18/12,10189350
10/17/12,10193900
10/16/12,10186150
10/15/12,10179100
10/14/12,10164650
10/13/12,10163650
10/12/12,10156750
10/11/12,10140700
10/10/12,10141900
10/9/12,10135000
10/8/12,10116650
10/7/12,10120300
10/6/12,10112000
10/5/12,10105150
10/4/12,10091550
10/3/12,10091250
10/2/12,10084550
10/1/12,10066800
9/30/12,10070850
9/29/12,10063450
9/28/12,10055850
9/27/12,10041050
9/26/12,10039250
9/25/12,10032100
9/24/12,10017100
9/23/12,10017500
9/22/12,10009700
9/21/12,9992550
9/20/12,9993650
9/19/12,9985500
9/18/12,9968100
9/17/12,9971000
9/16/12,9962650
9/15/12,9943050
9/14/12,9946350
9/13/12,9939200
9/12/12,9931100
9/11/12,9918200
9/10/12,9916800
9/9/12,9908900
9/8/12,9894400
9/7/12,9894050
9/6/12,9887050
9/5/12,9870400
9/4/12,9869150
9/3/12,9860150
9/2/12,9846250
9/1/12,9844750
8/31/12,9837100
8/30/12,9821950
8/29/12,9821800
8/28/12,9813900
8/27/12,9797900
8/26/12,9798100
8/25/12,9790650
8/24/12,9774050
8/23/12,9775300
8/22/12,9767500
8/21/12,9750600
8/20/12,9751800
8/19/12,9742750
8/18/12,9726550
8/17/12,9725400
8/16/12,9718000
8/15/12,9702650
8/14/12,9703150
8/13/12,9694600
8/12/12,9679150
8/11/12,9678800
8/10/12,9670350
8/9/12,9655050
8/8/12,9654250
8/7/12,9631800
8/6/12,9637800
8/5/12,9630350
8/4/12,9623300
8/3/12,9608500
8/2/12,9608550
8/1/12,9599900
7/31/12,9584150
7/30/12,9585150
7/29/12,9578500
7/28/12,9559350
7/27/12,9562000
7/26/12,9553500
7/25/12,9535000
7/24/12,9536200
7/23/12,9528500
7/22/12,9511150
7/21/12,9512950
7/20/12,9506000
7/19/12,9488150
7/18/12,9491550
7/17/12,9484400
7/16/12,9464850
7/15/12,9468000
7/14/12,9460600
7/13/12,9440650
7/12/12,9445700
7/11/12,9437650
7/10/12,9430100
7/9/12,9417050
7/8/12,9415700
7/7/12,9393600
7/6/12,9399750
7/5/12,9391250
7/4/12,9383600
7/3/12,9370600
7/2/12,9368800
7/1/12,9361550
6/30/12,9347050
6/29/12,9346600
6/28/12,9339500
6/27/12,9324400
6/26/12,9325750
6/25/12,9317650
6/24/12,9301250
6/23/12,9302600
6/22/12,9295600
6/21/12,9278750
6/20/12,9280450
6/19/12,9274350
6/18/12,9254450
6/17/12,9258450
6/16/12,9250600
6/15/12,9230700
6/14/12,9234450
6/13/12,9226500
6/12/12,9207250
6/11/12,9211100
6/10/12,9204100
6/9/12,9183900
6/8/12,9187900
6/7/12,9179550
6/6/12,9160600
6/5/12,9165850
6/4/12,9157400
6/3/12,9137400
6/2/12,9143050
6/1/12,9135150
5/31/12,9127350
5/30/12,9113800
5/29/12,9112500
5/28/12,9106500
5/27/12,9091100
5/26/12,9092800
5/25/12,9084600
5/24/12,9068150
5/23/12,9072050
5/22/12,9065300
5/21/12,9059250
5/20/12,9045450
5/19/12,9046800
5/18/12,9039700
5/17/12,9023200
5/16/12,9025200
5/15/12,9019300
5/14/12,9013700
5/13/12,9000050
5/12/12,9000000
5/11/12,8993400
5/10/12,8977300
5/9/12,8980400
5/8/12,8973200
5/7/12,8953750
5/6/12,8955700
5/5/12,8947150
5/4/12,8930500
5/3/12,8930750
5/2/12,8923000
5/1/12,8907350
4/30/12,8907000
4/29/12,8884200
4/28/12,8889600
4/27/12,8881300
4/26/12,8873500
4/25/12,8860150
4/24/12,8859500
4/23/12,8852600
4/22/12,8836900
4/21/12,8839050
4/20/12,8831600
4/19/12,8811900
4/18/12,8816500
4/17/12,8808700
4/16/12,8802600
4/15/12,8789250
4/14/12,8788850
4/13/12,8783000
4/12/12,8766350
4/11/12,8770050
4/10/12,8763150
4/9/12,8756000
4/8/12,8742550
4/7/12,8741300
4/6/12,8734000
4/5/12,8719300
4/4/12,8721250
4/3/12,8715300
4/2/12,8708250
4/1/12,8695900
3/31/12,8695500
3/30/12,8688000
3/29/12,8672350
3/28/12,8672350
3/27/12,8665400
3/26/12,8648400
3/25/12,8650050
3/24/12,8642450
3/23/12,8624500
3/22/12,8625500
3/21/12,8619000
3/20/12,8600700
3/19/12,8603100
3/18/12,8595700
3/17/12,8577050
3/16/12,8580000
3/15/12,8571400
3/14/12,8554050
3/13/12,8557800
3/12/12,8550900
3/11/12,8530400
3/10/12,8534850
3/9/12,8528200
3/8/12,8506850
3/7/12,8511250
3/6/12,8503450
3/5/12,8483600
3/4/12,8488600
3/3/12,8482000
3/2/12,8475500
3/1/12,8461000
2/29/12,8462900
2/28/12,8455100
2/27/12,8438050
2/26/12,8438300
2/25/12,8430400
2/24/12,8414250
2/23/12,8414450
2/22/12,8407200
2/21/12,8391700
2/20/12,8390950
2/19/12,8384550
2/18/12,8368900
2/17/12,8369400
2/16/12,8360650
2/15/12,8346250
2/14/12,8347100
2/13/12,8340000
2/12/12,8323500
2/11/12,8325850
2/10/12,8317850
2/9/12,8300900
2/8/12,8303600
2/7/12,8296400
2/6/12,8278250
2/5/12,8282650
2/4/12,8275250
2/3/12,8255500
2/2/12,8260250
2/1/12,8252250
1/31/12,8232650
1/30/12,8237350
1/29/12,8229450
1/28/12,8209300
1/27/12,8213000
1/26/12,8205250
1/25/12,8186100
1/24/12,8191800
1/23/12,8184050
1/22/12,8177300
1/21/12,8162200
1/20/12,8162250
1/19/12,8153300
1/18/12,8139700
1/17/12,8139600
1/16/12,8132500
1/15/12,8115900
1/14/12,8116700
1/13/12,8109300
1/12/12,8092000
1/11/12,8095100
1/10/12,8086800
1/9/12,8067700
1/8/12,8071900
1/7/12,8063850
1/6/12,8044650
1/5/12,8046750
1/4/12,8038250
1/3/12,8021250
1/2/12,8023200
1/1/12,8015100
12/31/11,7998000
12/30/11,8000050
12/29/11,7992000
12/28/11,7974800
12/27/11,7978600
12/26/11,7971100
12/25/11,7950800
12/24/11,7954550
12/23/11,7945850
12/22/11,7927050
12/21/11,7931650
12/20/11,7924750
12/19/11,7917000
12/18/11,7903850
12/17/11,7902700
12/16/11,7895350
12/15/11,7880850
12/14/11,7881850
12/13/11,7875700
12/12/11,7858550
12/11/11,7862050
12/10/11,7855350
12/9/11,7835800
12/8/11,7840250
12/7/11,7832700
12/6/11,7812250
12/5/11,7817650
12/4/11,7809700
12/3/11,7801700
12/2/11,7788200
12/1/11,7787350
11/30/11,7779500
11/29/11,7763750
11/28/11,7762950
11/27/11,7756000
11/26/11,7740850
11/25/11,7744100
11/24/11,7737750
11/23/11,7731250
11/22/11,7718450
11/21/11,7719100
11/20/11,7712350
11/19/11,7695250
11/18/11,7699200
11/17/11,7692750
11/16/11,7686200
11/15/11,7673250
11/14/11,7672300
11/13/11,7663650
11/12/11,7650800
11/11/11,7649500
11/10/11,7642750
11/9/11,7627550
11/8/11,7629400
11/7/11,7620950
11/6/11,7604300
11/5/11,7607650
11/4/11,7600250
11/3/11,7581500
11/2/11,7585600
11/1/11,7579250
10/31/11,7559300
10/30/11,7564400
10/29/11,7557550
10/28/11,7552700
10/27/11,7546750
10/26/11,7537200
10/25/11,7535900
10/24/11,7530450
10/23/11,7515000
10/22/11,7517800
10/21/11,7512550
10/20/11,7507850
10/19/11,7492750
10/18/11,7495800
10/17/11,7489200
10/16/11,7482850
10/15/11,7470200
10/14/11,7471050
10/13/11,7464000
10/12/11,7457350
10/11/11,7447800
10/10/11,7446850
10/9/11,7441550
10/8/11,7425450
10/7/11,7429500
10/6/11,7423050
10/5/11,7416650
10/4/11,7402350
10/3/11,7403150
10/2/11,7396650
10/1/11,7379750
9/30/11,7383600
9/29/11,7376800
9/28/11,7370650
9/27/11,7357650
9/26/11,7357300
9/25/11,7350500
9/24/11,7335000
9/23/11,7336550
9/22/11,7330350
9/21/11,7312700
9/20/11,7316150
9/19/11,7308750
9/18/11,7290600
9/17/11,7295700
9/16/11,7287350
9/15/11,7281200
9/14/11,7267500
9/13/11,7267500
9/12/11,7259900
9/11/11,7244900
9/10/11,7246600
9/9/11,7239700
9/8/11,7222300
9/7/11,7225550
9/6/11,7219300
9/5/11,7199550
9/4/11,7204450
9/3/11,7196750
9/2/11,7177200
9/1/11,7183350
8/31/11,7175250
8/30/11,7168900
8/29/11,7154850
8/28/11,7153600
8/27/11,7147350
8/26/11,7132800
8/25/11,7135100
8/24/11,7127400
8/23/11,7109950
8/22/11,7114450
8/21/11,7105950
8/20/11,7087150
8/19/11,7089900
8/18/11,7082650
8/17/11,7064600
8/16/11,7068000
8/15/11,7061550
8/14/11,7054800
8/13/11,7042100
8/12/11,7041500
8/11/11,7035100
8/10/11,7019250
8/9/11,7021500
8/8/11,7013200
8/7/11,6996800
8/6/11,7000100
8/5/11,6993650
8/4/11,6987450
8/3/11,6974500
8/2/11,6973900
8/1/11,6952250
7/31/11,6958600
7/30/11,6949850
7/29/11,6930000
7/28/11,6933850
7/27/11,6925800
7/26/11,6907950
7/25/11,6908450
7/24/11,6885850
7/23/11,6892150
7/22/11,6883350
7/21/11,6863850
7/20/11,6868950
7/19/11,6861200
7/18/11,6841800
7/17/11,6845850
7/16/11,6838200
7/15/11,6819700
7/14/11,6821800
7/13/11,6813750
7/12/11,6797650
7/11/11,6796900
7/10/11,6789700
7/9/11,6775650
7/8/11,6775050
7/7/11,6767150
7/6/11,6753650
7/5/11,6753000
7/4/11,6731650
7/3/11,6737650
7/2/11,6729450
7/1/11,6709600
6/30/11,6712700
6/29/11,6703700
6/28/11,6687550
6/27/11,6685800
6/26/11,6665550
6/25/11,6670150
6/24/11,6662400
6/23/11,6643550
6/22/11,6621350
6/21/11,6630950
6/20/11,6599250
6/19/11,6605900
6/18/11,6577250
6/17/11,6583350
6/16/11,6573250
6/15/11,6555250
6/14/11,6533200
6/13/11,6540100
6/12/11,6511100
6/11/11,6516600
6/10/11,6489100
6/9/11,6493100
6/8/11,6467050
6/7/11,6471200
6/6/11,6445000
6/5/11,6453600
6/4/11,6422950
6/3/11,6430700
6/2/11,6419900
6/1/11,6400900
5/31/11,6400250
5/30/11,6378750
5/29/11,6383850
5/28/11,6376200
5/27/11,6356650
5/26/11,6359800
5/25/11,6334600
5/24/11,6312600
5/23/11,6319400
5/22/11,6290400
5/21/11,6290800
5/20/11,6268350
5/19/11,6267450
5/18/11,6246150
5/17/11,6224100
5/16/11,6233050
5/15/11,6202050
5/14/11,6208850
5/13/11,6180050
5/12/11,6185050
5/11/11,6175000
5/10/11,6157900
5/9/11,6157450
5/8/11,6135650
5/7/11,6135000
5/6/11,6113500
5/5/11,6113750
5/4/11,6091350
5/3/11,6092400
5/2/11,6069250
5/1/11,6072750
4/30/11,6047100
4/29/11,6054050
4/28/11,6044800
4/27/11,6025100
4/26/11,6026750
4/25/11,6003050
4/24/11,6007600
4/23/11,5998200
4/22/11,5980950
4/21/11,5981800
4/20/11,5973150
4/19/11,5958950
4/18/11,5957700
4/17/11,5936850
4/16/11,5942850
4/15/11,5933950
4/14/11,5914600
4/13/11,5918850
4/12/11,5910700
4/11/11,5892550
4/10/11,5892300
4/9/11,5870350
4/8/11,5876200
4/7/11,5868250
4/6/11,5848200
4/5/11,5852350
4/4/11,5845400
4/3/11,5825250
4/2/11,5826300
4/1/11,5802850
3/31/11,5808500
3/30/11,5799750
3/29/11,5780450
3/28/11,5781850
3/27/11,5774150
3/26/11,5758250
3/25/11,5758350
3/24/11,5751300
3/23/11,5735900
3/22/11,5735600
3/21/11,5728200
3/20/11,5713800
3/19/11,5714150
3/18/11,5707900
3/17/11,5691600
3/16/11,5695550
3/15/11,5689000
3/14/11,5681700
3/13/11,5669450
3/12/11,5671000
3/11/11,5665050
3/10/11,5658200
3/9/11,5647350
3/8/11,5645500
3/7/11,5625050
3/6/11,5627950
3/5/11,5603050
3/4/11,5602700
3/3/11,5580950
3/2/11,5579500
3/1/11,5558800
2/28/11,5561900
2/27/11,5555400
2/26/11,5536700
2/25/11,5514700
2/24/11,5520950
2/23/11,5492600
2/22/11,5499150
2/21/11,5470350
2/20/11,5476400
2/19/11,5467100
2/18/11,5448150
2/17/11,5448900
2/16/11,5425850
2/15/11,5426100
2/14/11,5403750
2/13/11,5403950
2/12/11,5381650
2/11/11,5384450
2/10/11,5359600
2/9/11,5365400
2/8/11,5355950
2/7/11,5337400
2/6/11,5338200
2/5/11,5315300
2/4/11,5319150
2/3/11,5310000
2/2/11,5292800
2/1/11,5293050
1/31/11,5270700
1/30/11,5276000
1/29/11,5268500
1/28/11,5248600
1/27/11,5252800
1/26/11,5244650
1/25/11,5226400
1/24/11,5226900
1/23/11,5204300
1/22/11,5210100
1/21/11,5201600
1/20/11,5182000
1/19/11,5184500
1/18/11,5176100
1/17/11,5159550
1/16/11,5159450
1/15/11,5137300
1/14/11,5142150
1/13/11,5133550
1/12/11,5115050
1/11/11,5115600
1/10/11,5107250
1/9/11,5092650
1/8/11,5090800
1/7/11,5070550
1/6/11,5073600
1/5/11,5066400
1/4/11,5048400
1/3/11,5051550
1/2/11,5044450
1/1/11,5026150
12/31/10,5027250
12/30/10,5018350
12/29/10,5003950
12/28/10,5002150
12/27/10,4981550
12/26/10,4985100
12/25/10,4977050
12/24/10,4959450
12/23/10,4961600
12/22/10,4954100
12/21/10,4936900
12/20/10,4939050
12/19/10,4914600
12/18/10,4921250
12/17/10,4912050
12/16/10,4892200
12/15/10,4895500
12/14/10,4886200
12/13/10,4869250
12/12/10,4869100
12/11/10,4846850
12/10/10,4852800
12/9/10,4844200
12/8/10,4824700
12/7/10,4824200
12/6/10,4802350
12/5/10,4779950
12/4/10,4789000
12/3/10,4777100
12/2/10,4757500
12/1/10,4756550
11/30/10,4735250
11/29/10,4738050
11/28/10,4712750
11/27/10,4716950
11/26/10,4708650
11/25/10,4690400
11/24/10,4689350
11/23/10,4668250
11/22/10,4672500
11/21/10,4665300
11/20/10,4657300
11/19/10,4645950
11/18/10,4644800
11/17/10,4623450
11/16/10,4623350
11/15/10,4601050
11/14/10,4601800
11/13/10,4578400
11/12/10,4578850
11/11/10,4556050
11/10/10,4559350
11/9/10,4533950
11/8/10,4538100
11/7/10,4511800
11/6/10,4513050
11/5/10,4489600
11/4/10,4490550
11/3/10,4467250
11/2/10,4470050
11/1/10,4445100
10/31/10,4451600
10/30/10,4442200
10/29/10,4422750
10/28/10,4421100
10/27/10,4400500
10/26/10,4398600
10/25/10,4378150
10/24/10,4375900
10/23/10,4356050
10/22/10,4355950
10/21/10,4333450
10/20/10,4339600
10/19/10,4310950
10/18/10,4316250
10/17/10,4288500
10/16/10,4291050
10/15/10,4266250
10/14/10,4265000
10/13/10,4244050
10/12/10,4246150
10/11/10,4237700
10/10/10,4221750
10/9/10,4221450
10/8/10,4199650
10/7/10,4205200
10/6/10,4197450
10/5/10,4177550
10/4/10,4181200
10/3/10,4175050
10/2/10,4167350
10/1/10,4155350
9/30/10,4155850
9/29/10,4148050
9/28/10,4133200
9/27/10,4132150
9/26/10,4110750
9/25/10,4109450
9/24/10,4088700
9/23/10,4089500
9/22/10,4066600
9/21/10,4066600
9/20/10,4044500
9/19/10,4049100
9/18/10,4022350
9/17/10,4028050
9/16/10,4000050
9/15/10,4005400
9/14/10,3995900
9/13/10,3978050
9/12/10,3976750
9/11/10,3955900
9/10/10,3959400
9/9/10,3951300
9/8/10,3933650
9/7/10,3935200
9/6/10,3927600
9/5/10,3911300
9/4/10,3911600
9/3/10,3889200
9/2/10,3894550
9/1/10,3886550
8/31/10,3867000
8/30/10,3870200
8/29/10,3861450
8/28/10,3844800
8/27/10,3846100
8/26/10,3822250
8/25/10,3828250
8/24/10,3800100
8/23/10,3806500
8/22/10,3778050
8/21/10,3785400
8/20/10,3775450
8/19/10,3756000
8/18/10,3757900
8/17/10,3750900
8/16/10,3733850
8/15/10,3737700
8/14/10,3711700
8/13/10,3718150
8/12/10,3689600
8/11/10,3694250
8/10/10,3667350
8/9/10,3672500
8/8/10,3662150
8/7/10,3644900
8/6/10,3643100
8/5/10,3622800
8/4/10,3627950
8/3/10,3600450
8/2/10,3604350
8/1/10,3578250
7/31/10,3580250
7/30/10,3556000
7/29/10,3559750
7/28/10,3550650
7/27/10,3533250
7/26/10,3533800
7/25/10,3510700
7/24/10,3512050
7/23/10,3488250
7/22/10,3492100
7/21/10,3465450
7/20/10,3473050
7/19/10,3462950
7/18/10,3443100
7/17/10,3445850
7/16/10,3420550
7/15/10,3397800
7/14/10,3373800
7/13/10,3327000
7/12/10,3301400
7/11/10,3274950
7/10/10,3275100
7/9/10,3252300
7/8/10,3256500
7/7/10,3247050
7/6/10,3230000
7/5/10,3231450
7/4/10,3223050
7/3/10,3207300
7/2/10,3204950
7/1/10,3184700
6/30/10,3186200
6/29/10,3161800
6/28/10,3166600
6/27/10,3158550
6/26/10,3139050
6/25/10,3142450
6/24/10,3134300
6/23/10,3116450
6/22/10,3117600
6/21/10,3109050
6/20/10,3093350
6/19/10,3093050
6/18/10,3084400
6/17/10,3070900
6/16/10,3069100
6/15/10,3048600
6/14/10,3054600
6/13/10,3044800
6/12/10,3025800
6/11/10,3029150
6/10/10,3022300
6/9/10,3003100
6/8/10,3005550
6/7/10,2997450
6/6/10,2980450
6/5/10,2981750
6/4/10,2974200
6/3/10,2958000
6/2/10,2960600
6/1/10,2952750
5/31/10,2935550
5/30/10,2939450
5/29/10,2931850
5/28/10,2913050
5/27/10,2914450
5/26/10,2890250
5/25/10,2893750
5/24/10,2867700
5/23/10,2872400
5/22/10,2862900
5/21/10,2844900
5/20/10,2842550
5/19/10,2822250
5/18/10,2824150
5/17/10,2816050
5/16/10,2799450
5/15/10,2800450
5/14/10,2795650
5/13/10,2790350
5/12/10,2777150
5/11/10,2777850
5/10/10,2771800
5/9/10,2754650
5/8/10,2759200
5/7/10,2752100
5/6/10,2744700
5/5/10,2732250
5/4/10,2730600
5/3/10,2723300
5/2/10,2709650
5/1/10,2708800
4/30/10,2687150
4/29/10,2692150
4/28/10,2684500
4/27/10,2664650
4/26/10,2667800
4/25/10,2659300
4/24/10,2642350
4/23/10,2642350
4/22/10,2635000
4/21/10,2620200
4/20/10,2618650
4/19/10,2597550
4/18/10,2597350
4/17/10,2575100
4/16/10,2573250
4/15/10,2552550
4/14/10,2552650
4/13/10,2530450
4/12/10,2532350
4/11/10,2507900
4/10/10,2513250
4/9/10,2485500
4/8/10,2489300
4/7/10,2480450
4/6/10,2463250
4/5/10,2461050
4/4/10,2441050
4/3/10,2445500
4/2/10,2437200
4/1/10,2418900
3/31/10,2421500
3/30/10,2394050
3/29/10,2401700
3/28/10,2391150
3/27/10,2371350
3/26/10,2371850
3/25/10,2349250
3/24/10,2353400
3/23/10,2344100
3/22/10,2327100
3/21/10,2325150
3/20/10,2304850
3/19/10,2307250
3/18/10,2297600
3/17/10,2282650
3/16/10,2283150
3/15/10,2277000
3/14/10,2260400
3/13/10,2264000
3/12/10,2257750
3/11/10,2249850
3/10/10,2238250
3/9/10,2236650
3/8/10,2229200
3/7/10,2216200
3/6/10,2215000
3/5/10,2193850
3/4/10,2197200
3/3/10,2188450
3/2/10,2171700
3/1/10,2171950
2/28/10,2149550
2/27/10,2152850
2/26/10,2144750
2/25/10,2127300
2/24/10,2127600
2/23/10,2104750
2/22/10,2110700
2/21/10,2082650
2/20/10,2085400
2/19/10,2060250
2/18/10,2063600
2/17/10,2038000
2/16/10,2043200
2/15/10,2031600
2/14/10,2015700
2/13/10,2013600
2/12/10,1993550
2/11/10,1992100
2/10/10,1971400
2/9/10,1973850
2/8/10,1949200
2/7/10,1955450
2/6/10,1944900
2/5/10,1926950
2/4/10,1904700
2/3/10,1912750
2/2/10,1901200
2/1/10,1882450
1/31/10,1881950
1/30/10,1860150
1/29/10,1862700
1/28/10,1838100
1/27/10,1844050
1/26/10,1835400
1/25/10,1815950
1/24/10,1816450
1/23/10,1793850
1/22/10,1799050
1/21/10,1791500
1/20/10,1771700
1/19/10,1775100
1/18/10,1768100
1/17/10,1762150
1/16/10,1749700
1/15/10,1749500
1/14/10,1742800
1/13/10,1727600
1/12/10,1728100
1/11/10,1720200
1/10/10,1705450
1/9/10,1704200
1/8/10,1683250
1/7/10,1687250
1/6/10,1679750
1/5/10,1661200
1/4/10,1663900
1/3/10,1639100
1/2/10,1644000
1/1/10,1635850
12/31/09,1629350
12/30/09,1613850
12/29/09,1615900
12/28/09,1608100
12/27/09,1591100
12/26/09,1593000
12/25/09,1584550
12/24/09,1569050
12/23/09,1568750
12/22/09,1561550
12/21/09,1547000
12/20/09,1545500
12/19/09,1525000
12/18/09,1527400
12/17/09,1502750
12/16/09,1506200
12/15/09,1498150
12/14/09,1492200
12/13/09,1480750
12/12/09,1481000
12/11/09,1475800
12/10/09,1470750
12/9/09,1458750
12/8/09,1459350
12/7/09,1454650
12/6/09,1448700
12/5/09,1436700
12/4/09,1438750
12/3/09,1436150
12/2/09,1433700
12/1/09,1429450
11/30/09,1424550
11/29/09,1421250
11/28/09,1414400
11/27/09,1414650
11/26/09,1410750
11/25/09,1407000
11/24/09,1403100
11/23/09,1392400
11/22/09,1393750
11/21/09,1388950
11/20/09,1383950
11/19/09,1380100
11/18/09,1370250
11/17/09,1372350
11/16/09,1368400
11/15/09,1363850
11/14/09,1358850
11/13/09,1348250
11/12/09,1349900
11/11/09,1346400
11/10/09,1342900
11/9/09,1339450
11/8/09,1335900
11/7/09,1332650
11/6/09,1326250
11/5/09,1325350
11/4/09,1322900
11/3/09,1319700
11/2/09,1316600
11/1/09,1313750
10/31/09,1312100
10/30/09,1310600
10/29/09,1304200
10/28/09,1305300
10/27/09,1302800
10/26/09,1299600
10/25/09,1296300
10/24/09,1293050
10/23/09,1289400
10/22/09,1282000
10/21/09,1281300
10/20/09,1277000
10/19/09,1272850
10/18/09,1267300
10/17/09,1259450
10/16/09,1259150
10/15/09,1256400
10/14/09,1253150
10/13/09,1248900
10/12/09,1246100
10/11/09,1243550
10/10/09,1237150
10/9/09,1236500
10/8/09,1232650
10/7/09,1228750
10/6/09,1225250
10/5/09,1222700
10/4/09,1220650
10/3/09,1213100
10/2/09,1214700
10/1/09,1211800
9/30/09,1208050
9/29/09,1203800
9/28/09,1199450
9/27/09,1189400
9/26/09,1190900
9/25/09,1186450
9/24/09,1181750
9/23/09,1176750
9/22/09,1172650
9/21/09,1171300
9/20/09,1166650
9/19/09,1165900
9/18/09,1161950
9/17/09,1158400
9/16/09,1154350
9/15/09,1150200
9/14/09,1143850
9/13/09,1144500
9/12/09,1140450
9/11/09,1136950
9/10/09,1133400
9/9/09,1130000
9/8/09,1126950
9/7/09,1120900
9/6/09,1120750
9/5/09,1116850
9/4/09,1113250
9/3/09,1109700
9/2/09,1106550
9/1/09,1098250
8/31/09,1100150
8/30/09,1096200
8/29/09,1091500
8/28/09,1087000
8/27/09,1082850
8/26/09,1079650
8/25/09,1075100
8/24/09,1076050
8/23/09,1073300
8/22/09,1072900
8/21/09,1072300
8/20/09,1071900
8/19/09,1071100
8/18/09,1069900
8/17/09,1069150
8/16/09,1068700
8/15/09,1067850
8/14/09,1066600
8/13/09,1064900
8/12/09,1061650
8/11/09,1052500
8/10/09,1054200
8/9/09,1050850
8/8/09,1046750
8/7/09,1041850
8/6/09,1037750
8/5/09,1029400
8/4/09,1029250
8/3/09,1024700
8/2/09,1021800
8/1/09,1021050
7/31/09,1019550
7/30/09,1018400
7/29/09,1017800
7/28/09,1017100
7/27/09,1015500
7/26/09,1013300
7/25/09,1010100
7/24/09,1006800
7/23/09,1006800
7/22/09,1003050
7/21/09,999750
7/20/09,996300
7/19/09,992600
7/18/09,988850
7/17/09,986250
7/16/09,983550
7/15/09,982850
7/14/09,979400
7/13/09,977100
7/12/09,973500
7/11/09,969700
7/10/09,960450
7/9/09,961700
7/8/09,957600
7/7/09,953550
7/6/09,949600
7/5/09,946450
7/4/09,938150
7/3/09,937900
7/2/09,933450
7/1/09,929300
6/30/09,925700
6/29/09,915850
6/28/09,917200
6/27/09,913400
6/26/09,910850
6/25/09,906600
6/24/09,902150
6/23/09,892550
6/22/09,894200
6/21/09,890400
6/20/09,886400
6/19/09,882650
6/18/09,878450
6/17/09,869850
6/16/09,870050
6/15/09,866200
6/14/09,862550
6/13/09,858450
6/12/09,854950
6/11/09,847500
6/10/09,846700
6/9/09,842050
6/8/09,837900
6/7/09,833200
6/6/09,829600
6/5/09,829400
6/4/09,825050
6/3/09,825350
6/2/09,823400
6/1/09,818500
5/31/09,814050
5/30/09,802850
5/29/09,804500
5/28/09,799350
5/27/09,794000
5/26/09,780000
5/25/09,782600
5/24/09,776950
5/23/09,771350
5/22/09,766550
5/21/09,766200
5/20/09,756900
5/19/09,757600
5/18/09,752400
5/17/09,747400
5/16/09,734200
5/15/09,734950
5/14/09,729250
5/13/09,711450
5/12/09,715450
5/11/09,709700
5/10/09,703350
5/9/09,697400
5/8/09,689150
5/7/09,689750
5/6/09,683650
5/5/09,666300
5/4/09,670750
5/3/09,664150
5/2/09,658050
5/1/09,643600
4/30/09,646200
4/29/09,640050
4/28/09,633450
4/27/09,621400
4/26/09,621450
4/25/09,616200
4/24/09,610750
4/23/09,598900
4/22/09,599000
4/21/09,595000
4/20/09,588950
4/19/09,576750
4/18/09,576950
4/17/09,571000
4/16/09,554650
4/15/09,559150
4/14/09,553000
4/13/09,547400
4/12/09,532500
4/11/09,535300
4/10/09,529550
4/9/09,523450
4/8/09,510350
4/7/09,513350
4/6/09,508150
4/5/09,503200
4/4/09,488250
4/3/09,491000
4/2/09,485350
4/1/09,479700
3/31/09,473700
3/30/09,463650
3/29/09,462700
3/28/09,456450
3/27/09,441600
3/26/09,444900
3/25/09,439400
3/24/09,433750
3/23/09,419500
3/22/09,422700
3/21/09,416100
3/20/09,411350
3/19/09,397150
3/18/09,401600
3/17/09,395500
3/16/09,390000
3/15/09,375100
3/14/09,377750
3/13/09,372200
3/12/09,366400
3/11/09,353000
3/10/09,354800
3/9/09,349400
3/8/09,344150
3/7/09,330550
3/6/09,332900
3/5/09,327350
3/4/09,321450
3/3/09,308200
3/2/09,310850
3/1/09,305550
2/28/09,300350
2/27/09,286200
2/26/09,289950
2/25/09,283800
2/24/09,279000
2/23/09,273650
2/22/09,264200
2/21/09,262750
2/20/09,256700
2/19/09,242200
2/18/09,244800
2/17/09,238950
2/16/09,232750
2/15/09,220200
2/14/09,220700
2/13/09,214600
2/12/09,198150
2/11/09,201350
2/10/09,195450
2/9/09,188900
2/8/09,176150
2/7/09,176150
2/6/09,169450
2/5/09,154150
2/4/09,156700
2/3/09,150650
2/2/09,144500
2/1/09,132150
1/31/09,131350
1/30/09,125550
1/29/09,110050
1/28/09,113050
1/27/09,106950
1/26/09,101800
1/25/09,88050
1/24/09,90850
1/23/09,81150
1/22/09,66050
1/21/09,67850
1/20/09,64100
1/19/09,58450
1/18/09,44050
1/17/09,46700
1/16/09,41650
1/15/09,36250
1/14/09,22050
1/13/09,24100
1/12/09,17800
1/11/09,12050
1/10/09,7600
1/9/09,2300
1/8/09,750
1/7/09,50
1/6/09,50
1/5/09,50
1/4/09,50
1/3/09,50
1/2/09,50