Date,Volume
11/28/22,50052874.65
11/27/22,55597755.94
11/26/22,70966475.01
11/25/22,75688791.62
11/24/22,133423440.1
11/23/22,143346534
11/22/22,219880442.7
11/21/22,68450309.75
11/20/22,49535398.01
11/19/22,110184993.8
11/18/22,118130025.9
11/17/22,168947615.6
11/16/22,238738600.9
11/15/22,256353153.8
11/14/22,92079635.55
11/13/22,81091749.15
11/12/22,271418723.9
11/11/22,465541086.5
11/10/22,521582656.4
11/9/22,678860774.3
11/8/22,96504927.31
11/7/22,49064031.54
11/6/22,61801122.97
11/5/22,199450765.4
11/4/22,93854980.39
11/3/22,154462597.8
11/2/22,77015431.26
11/1/22,125304780
10/31/22,58164737.46
10/30/22,81289810.9
10/29/22,149183201.4
10/28/22,154340655.3
10/27/22,198263659.5
10/26/22,231153549.3
10/25/22,101881193
10/24/22,75735528.77
10/23/22,28787625.17
10/22/22,125727948.3
10/21/22,102267382.4
10/20/22,85475781.21
10/19/22,117679359.3
10/18/22,112093794
10/17/22,45258775.73
10/16/22,50545237.76
10/15/22,149520641.7
10/14/22,282223029.3
10/13/22,75259960.04
10/12/22,109367602.7
10/11/22,92330288.99
10/10/22,40444165.29
10/9/22,46638474.8
10/8/22,132320972.2
10/7/22,133641030.1
10/6/22,148680376.4
10/5/22,208891717.3
10/4/22,122779201.7
10/3/22,55637564.72
10/2/22,50852295.27
10/1/22,253017327.3
9/30/22,169413525.8
9/29/22,316928346.7
9/28/22,319169158.1
9/27/22,164548429.3
9/26/22,67057009.23
9/25/22,60333153.6
9/24/22,161439766.8
9/23/22,151459902.3
9/22/22,325322374.1
9/21/22,145048691.1
9/20/22,217909209.5
9/19/22,97523923.19
9/18/22,69923600.07
9/17/22,150444803.1
9/16/22,153718631
9/15/22,182388428.8
9/14/22,329517960.7
9/13/22,194506661.9
9/12/22,79558279.92
9/11/22,104361707.9
9/10/22,304688747.9
9/9/22,118936981
9/8/22,151383910.5
9/7/22,265106953.9
9/6/22,79616230.2
9/5/22,43449774.08
9/4/22,45999606.05
9/3/22,131906293.7
9/2/22,138904614.1
9/1/22,163277928.8
8/31/22,151790295.2
8/30/22,135552924.7
8/29/22,66312859.94
8/28/22,91358283.28
8/27/22,246810893.4
8/26/22,84671660.85
8/25/22,112569050.8
8/24/22,111893631.7
8/23/22,133683770.9
8/22/22,93146577.82
8/21/22,102525167.2
8/20/22,282670538.8
8/19/22,85576545.5
8/18/22,186970070
8/17/22,142507547
8/16/22,177695425.5
8/15/22,97407151.38
8/14/22,101940131.6
8/13/22,142290051.4
8/12/22,209152342.8
8/11/22,235101443.8
8/10/22,121787370.6
8/9/22,171883810.4
8/8/22,69880096.94
8/7/22,66176253.88
8/6/22,206837082.2
8/5/22,145167442.1
8/4/22,159814958.9
8/3/22,146484193.3
8/2/22,142962528.8
8/1/22,113172898.3
7/31/22,143327156.7
7/30/22,212245814.9
7/29/22,295870938
7/28/22,251411017.3
7/27/22,183412856.7
7/26/22,178870666.1
7/25/22,99799981.09
7/24/22,109109055.5
7/23/22,177395496.5
7/22/22,212513100.4
7/21/22,346942430.1
7/20/22,397566197.3
7/19/22,330659552.4
7/18/22,104266691.3
7/17/22,133155942.8
7/16/22,139455238
7/15/22,185630825.8
7/14/22,238743694
7/13/22,164495698.4
7/12/22,139169194.7
7/11/22,106915718.1
7/10/22,71129774.82
7/9/22,245080180.1
7/8/22,246810508.6
7/7/22,148839589.8
7/6/22,221464776.7
7/5/22,142899002.1
7/4/22,96042289.2
7/3/22,75547500.08
7/2/22,268386658.9
7/1/22,278906084.4
6/30/22,179993433.3
6/29/22,143100188
6/28/22,165856122.7
6/27/22,93001905.78
6/26/22,87243832.29
6/25/22,212224874.2
6/24/22,202431231.1
6/23/22,261583959.4
6/22/22,244194794.9
6/21/22,295182558.6
6/20/22,382228331.5
6/19/22,531583207.7
6/18/22,306433993.6
6/17/22,349089081.3
6/16/22,853684510.3
6/15/22,578478784.4
6/14/22,968674515
6/13/22,232964222.3
6/12/22,163111543.1
6/11/22,272976542.1
6/10/22,112529288
6/9/22,204405977.7
6/8/22,379367423.2
6/7/22,246876697.5
6/6/22,65518044.04
6/5/22,49641869.51
6/4/22,151025247.1
6/3/22,155102011.3
6/2/22,291288782.9
6/1/22,214511112.6
5/31/22,359076819.3
5/30/22,85755025.37
5/29/22,72992061.03
5/28/22,236424011.7
5/27/22,305995780.5
5/26/22,164845089.9
5/25/22,177388979.9
5/24/22,191646935.1
5/23/22,124032530.3
5/22/22,56412343.95
5/21/22,224870774.1
5/20/22,243106193.7
5/19/22,238926820.6
5/18/22,199056179.8
5/17/22,255625941.6
5/16/22,154366315.2
5/15/22,202107995.6
5/14/22,387333462.2
5/13/22,1105198768
5/12/22,991604857.2
5/11/22,702775072.4
5/10/22,754487501.7
5/9/22,282204788.7
5/8/22,117427071.8
5/7/22,266451045.6
5/6/22,425676217.4
5/5/22,266960829.1
5/4/22,172136340.7
5/3/22,201444974
5/2/22,137414022.6
5/1/22,85985016.11
4/30/22,194624829.6
4/29/22,244512171.4
4/28/22,241767322.5
4/27/22,341949327.7
4/26/22,331208745.2
4/25/22,92532159.39
4/24/22,70432434.85
4/23/22,224581597.3
4/22/22,275663401.1
4/21/22,170464944.7
4/20/22,157094338.6
4/19/22,287373058.9
4/18/22,73215603.25
4/17/22,53175059.97
4/16/22,112772413.4
4/15/22,168764849.3
4/14/22,225976504.4
4/13/22,239384869.6
4/12/22,309663439.9
4/11/22,107486751.4
4/10/22,68207000.88
4/9/22,210672152.9
4/8/22,172917581.4
4/7/22,414304825
4/6/22,183110273.2
4/5/22,222101255.6
4/4/22,134898633.5
4/3/22,128666154.5
4/2/22,343182405.4
4/1/22,217720733.9
3/31/22,198230006.1
3/30/22,222767932.5
3/29/22,363200213.8
3/28/22,215085807.1
3/27/22,87655860.13
3/26/22,294807777.5
3/25/22,279553357.2
3/24/22,227640947.8
3/23/22,326642014.8
3/22/22,188238486.3
3/21/22,143098716.8
3/20/22,117217182.6
3/19/22,246251063.8
3/18/22,208715564.9
3/17/22,652943632.6
3/16/22,213584009.7
3/15/22,240023981.3
3/14/22,138991446.1
3/13/22,116260660.5
3/12/22,267911337.7
3/11/22,360028497.8
3/10/22,409676985
3/9/22,279092850.6
3/8/22,296985143.4
3/7/22,175544267.5
3/6/22,118294087
3/5/22,495957604.5
3/4/22,346402069.1
3/3/22,384922007.8
3/2/22,600026434.8
3/1/22,586750288
2/28/22,249386254.8
2/27/22,146389006.4
2/26/22,290502971.4
2/25/22,846061849.3
2/24/22,245165377
2/23/22,285087602.5
2/22/22,376297985
2/21/22,190749767.2
2/20/22,81527019.57
2/19/22,266751395.5
2/18/22,327153771.1
2/17/22,173518252.2
2/16/22,235405883.1
2/15/22,187826655.4
2/14/22,90673301.66
2/13/22,140455080.7
2/12/22,322559181.3
2/11/22,464258417.5
2/10/22,269200808.7
2/9/22,366731227.5
2/8/22,403017431.7
2/7/22,141085407.5
2/6/22,209490904.4
2/5/22,456958267.9
2/4/22,163514426.9
2/3/22,211170059.7
2/2/22,271406357.1
2/1/22,230446207.8
1/31/22,87415311.43
1/30/22,147213501.3
1/29/22,252375987.6
1/28/22,343642909.1
1/27/22,439495100.7
1/26/22,288957799.1
1/25/22,737386595.8
1/24/22,257365978.5
1/23/22,446318667.5
1/22/22,753687064.8
1/21/22,289428557
1/20/22,219649804.2
1/19/22,202865735.1
1/18/22,154783167.5
1/17/22,107637568.3
1/16/22,111568728.7
1/15/22,217414772
1/14/22,272189573.5
1/13/22,306079003.6
1/12/22,330038460.5
1/11/22,429424725.2
1/10/22,183137667.4
1/9/22,219239676.7
1/8/22,488956956.9
1/7/22,393637882.3
1/6/22,461984932.3
1/5/22,246887759.4
1/4/22,200401831
1/3/22,127274108
1/2/22,180494758.3
1/1/22,313877726.4
12/31/21,266888972
12/30/21,265370559.5
12/29/21,358069054
12/28/21,193668918.3
12/27/21,141498363.7
12/26/21,123194900.1
12/25/21,239081657.9
12/24/21,312600141.9
12/23/21,211733671.3
12/22/21,345514275.8
12/21/21,276202623.5
12/20/21,192533517.7
12/19/21,159581106.4
12/18/21,356309895
12/17/21,273509536.5
12/16/21,432899084.3
12/15/21,345859882.6
12/14/21,503961475.6
12/13/21,202841550.6
12/12/21,212503434.7
12/11/21,337628656.5
12/10/21,355604123.6
12/9/21,301494308.8
12/8/21,308543486.2
12/7/21,595736795.6
12/6/21,618347670.1
12/5/21,1243669816
12/4/21,505379017.8
12/3/21,431885271.3
12/2/21,479668944.2
12/1/21,522506214.2
11/30/21,367826530.5
11/29/21,252736299.4
11/28/21,277078998.5
11/27/21,777492583
11/26/21,289094884.2
11/25/21,332409438.8
11/24/21,480199475.9
11/23/21,494762556.3
11/22/21,174269411.8
11/21/21,233278784.7
11/20/21,479879941.5
11/19/21,810589480.7
11/18/21,549940655.7
11/17/21,831553555.7
11/16/21,348327874.2
11/15/21,214318500
11/14/21,168246880.6
11/13/21,490505372.2
11/12/21,309495740.2
11/11/21,829053692.5
11/10/21,466601853.5
11/9/21,577118758.6
11/8/21,216409013.2
11/7/21,211867708.1
11/6/21,261917194.4
11/5/21,282279127.5
11/4/21,424004759.4
11/3/21,520838604.1
11/2/21,412970758.8
11/1/21,267709104.1
10/31/21,226334070.9
10/30/21,563700561.9
10/29/21,692953330.3
10/28/21,590784490.3
10/27/21,379278445.2
10/26/21,277562724.5
10/25/21,228927561
10/24/21,191872031.9
10/23/21,529183068.8
10/22/21,917892846
10/21/21,650092516.5
10/20/21,594456878.2
10/19/21,753842251.7
10/18/21,271015043
10/17/21,263628462.5
10/16/21,825023911.6
10/15/21,339375043.3
10/14/21,471270462.4
10/13/21,516916488.1
10/12/21,350997309.9
10/11/21,294613549.8
10/10/21,168430381.1
10/9/21,375062388.4
10/8/21,402001281.2
10/7/21,869275029.9
10/6/21,437607953.3
10/5/21,370887916.3
10/4/21,183312373.5
10/3/21,184243787.8
10/2/21,688291406.5
10/1/21,360342502.3
9/30/21,221224597.1
9/29/21,275833680.2
9/28/21,249740960.4
9/27/21,231309916.7
9/26/21,132297206.5
9/25/21,594658890.5
9/24/21,369977052.8
9/23/21,355516149
9/22/21,726831468.8
9/21/21,605141090.3
9/20/21,135623202.9
9/19/21,171820050.2
9/18/21,233662731
9/17/21,265469578.4
9/16/21,241115251.8
9/15/21,260550303.6
9/14/21,398357109.5
9/13/21,137153005.2
9/12/21,133023638.2
9/11/21,348659557.7
9/10/21,315266287.6
9/9/21,440223166.1
9/8/21,984208204.1
9/7/21,345881388.7
9/6/21,205763894.3
9/5/21,190864422.7
9/4/21,364637470.9
9/3/21,333198224.2
9/2/21,295404213.2
9/1/21,261861261.7
8/31/21,243698081.6
8/30/21,185179756.3
8/29/21,127683988.6
8/28/21,314537378.7
8/27/21,350695648.3
8/26/21,308193605.4
8/25/21,329218454.4
8/24/21,347662893.8
8/23/21,175696197
8/22/21,293309782.2
8/21/21,393922039.2
8/20/21,334784600
8/19/21,318619549.5
8/18/21,391450533.2
8/17/21,328414269.5
8/16/21,238769871.1
8/15/21,289525608
8/14/21,413817979.4
8/13/21,364203587.1
8/12/21,357102154.9
8/11/21,341739411.7
8/10/21,673221003.8
8/9/21,424351429
8/8/21,577948603
8/7/21,458571279.2
8/6/21,589529887
8/5/21,381430418.4
8/4/21,357077322.3
8/3/21,304362108.8
8/2/21,273365143.7
8/1/21,231216114.8
7/31/21,484267642.4
7/30/21,291830057.4
7/29/21,648707028.1
7/28/21,636929009.5
7/27/21,985237333.7
7/26/21,213671233.6
7/25/21,149062681.6
7/24/21,190920633.6
7/23/21,205069638.9
7/22/21,446695087.9
7/21/21,334239343.1
7/20/21,227653989.4
7/19/21,119375610.1
7/18/21,153024608.9
7/17/21,223188595.1
7/16/21,242886859.9
7/15/21,250745295
7/14/21,196978689.7
7/13/21,192174937.9
7/12/21,135783786.1
7/11/21,179503025
7/10/21,195359782.7
7/9/21,358897369.4
7/8/21,205349507.1
7/7/21,258109070.3
7/6/21,262649988.6
7/5/21,130884160.1
7/4/21,169572916.1
7/3/21,217066486.5
7/2/21,324116506
7/1/21,406967841.5
6/30/21,385135142.1
6/29/21,355900532.5
6/28/21,356498319.4
6/27/21,383763274.7
6/26/21,487441486.4
6/25/21,346763748.6
6/24/21,567894517.4
6/23/21,1181870045
6/22/21,881732120.9
6/21/21,467990641
6/20/21,344470416.4
6/19/21,492347272.5
6/18/21,473543196.1
6/17/21,527484731.5
6/16/21,563639731.4
6/15/21,773480687.2
6/14/21,496421300.4
6/13/21,400987660
6/12/21,418192315.6
6/11/21,619830807.7
6/10/21,839878615.1
6/9/21,898174396.7
6/8/21,468061636.3
6/7/21,244244789.7
6/6/21,437701949
6/5/21,501492074.3
6/4/21,439066611
6/3/21,472220579.5
6/2/21,465003628.5
6/1/21,481997703.4
5/31/21,329083645.8
5/30/21,458364767.2
5/29/21,694420431.2
5/28/21,489470054.2
5/27/21,676198904.2
5/26/21,719154798.1
5/25/21,1032788865
5/24/21,1106858419
5/23/21,666031627.8
5/22/21,1438210290
5/21/21,1507671103
5/20/21,3192479061
5/19/21,776420981.7
5/18/21,1365356635
5/17/21,795540649
5/16/21,536658388.2
5/15/21,573671658.7
5/14/21,1528100267
5/13/21,928999961.2
5/12/21,546570032.5
5/11/21,903456809
5/10/21,534233808.4
5/9/21,523002028.1
5/8/21,622419281.4
5/7/21,605987088.8
5/6/21,775797222.6
5/5/21,836868262.6
5/4/21,571622385
5/3/21,286521389
5/2/21,337492054.7
5/1/21,683907404.5
4/30/21,579652972.7
4/29/21,563311741.8
4/28/21,509014490.5
4/27/21,848207062.8
4/26/21,576635611.2
4/25/21,458274326.7
4/24/21,1413848471
4/23/21,1187405699
4/22/21,629420904.8
4/21/21,971129684.1
4/20/21,829117286.5
4/19/21,1795641744
4/18/21,444839749
4/17/21,905029645.8
4/16/21,480649145.1
4/15/21,1004822806
4/14/21,932699539.7
4/13/21,533381831
4/12/21,315279095.9
4/11/21,689236659.5
4/10/21,407439694
4/9/21,475807458.1
4/8/21,756167636.1
4/7/21,389087525.6
4/6/21,401549573.2
4/5/21,244447137.7
4/4/21,350520423.4
4/3/21,484719745.7
4/2/21,384195844.2
4/1/21,716750367.2
3/31/21,505528990.8
3/30/21,778905384.4
3/29/21,354789416.1
3/28/21,417333165
3/27/21,654657557.8
3/26/21,798490265.9
3/25/21,930278334.3
3/24/21,694554383.7
3/23/21,818803864.3
3/22/21,493777972.2
3/21/21,388273949.2
3/20/21,512236900.8
3/19/21,769968936.6
3/18/21,870414831.5
3/17/21,933139262.1
3/16/21,1029700471
3/15/21,461229239.3
3/14/21,988962162.3
3/13/21,701008587.8
3/12/21,867544807.9
3/11/21,1017432151
3/10/21,757075750.4
3/9/21,593714546
3/8/21,439137853.7
3/7/21,314191307.9
3/6/21,757198942.5
3/5/21,781773549.7
3/4/21,806146031.4
3/3/21,645712708.9
3/2/21,967845187.2
3/1/21,724061272.7
2/28/21,399909227.6
2/27/21,1077018778
2/26/21,915917915.7
2/25/21,1058762335
2/24/21,2125994180
2/23/21,1925933019
2/22/21,515842591.9
2/21/21,737451802.2
2/20/21,1203321962
2/19/21,665321948.2
2/18/21,1071500775
2/17/21,899200170.7
2/16/21,708415696.9
2/15/21,517594005.2
2/14/21,410208224.1
2/13/21,689712445.3
2/12/21,990292287
2/11/21,854939011.7
2/10/21,1278680840
2/9/21,1848583587
2/8/21,507510700.4
2/7/21,815234883.5
2/6/21,464369301.5
2/5/21,833075414.8
2/4/21,704292313.8
2/3/21,598901450.2
2/2/21,555827113.9
2/1/21,358122291.5
1/31/21,559013708.2
1/30/21,2130003473
1/29/21,1030518859
1/28/21,1231838586
1/27/21,782611741.2
1/26/21,724029496.8
1/25/21,362355621.5
1/24/21,414697183.1
1/23/21,1271924926
1/22/21,1473827004
1/21/21,913461956.8
1/20/21,579558848.9
1/19/21,590495165.8
1/18/21,650030053.9
1/17/21,685084801.6
1/16/21,1194986405
1/15/21,988940894.5
1/14/21,1209077692
1/13/21,1344114135
1/12/21,3039065356
1/11/21,1415450813
1/10/21,711474842.7
1/9/21,1794260807
1/8/21,1836614179
1/7/21,1414154053
1/6/21,1026923832
1/5/21,1432013253
1/4/21,975831414.6
1/3/21,1393906626
1/2/21,491258037.7
1/1/21,606524119.5
12/31/20,751041811
12/30/20,584575020.2
12/29/20,511058869.8
12/28/20,822241572.2
12/27/20,530655727.5
12/26/20,375518728.2
12/25/20,344759537.1
12/24/20,583254745.8
12/23/20,433884278.6
12/22/20,647260163.4
12/21/20,301633611.4
12/20/20,428547892.6
12/19/20,465956413.3
12/18/20,1177690832
12/17/20,712598806.5
12/16/20,288887515.2
12/15/20,156397143.2
12/14/20,197236995.3
12/13/20,175018094.7
12/12/20,291983141.4
12/11/20,264270264.6
12/10/20,377966775.2
12/9/20,273878281
12/8/20,176619929.7
12/7/20,119935507.5
12/6/20,114151706.8
12/5/20,278793731.2
12/4/20,269817738.9
12/3/20,311500178.6
12/2/20,586228902.9
12/1/20,570429939.2
11/30/20,192293944
11/29/20,203020072.5
11/28/20,334361872.1
11/27/20,867494794.1
11/26/20,357330319
11/25/20,523228040.5
11/24/20,344268444.6
11/23/20,276025442.6
11/22/20,256287553.7
11/21/20,374130037.1
11/20/20,358043942.4
11/19/20,633847834.6
11/18/20,424743958
11/17/20,293272996.5
11/16/20,97292561.75
11/15/20,163501040.4
11/14/20,264263990.4
11/13/20,478495947.4
11/12/20,298105721.5
11/11/20,230269180.4
11/10/20,392305674.1
11/9/20,168415197.4
11/8/20,320513832.3
11/7/20,418654253.5
11/6/20,575483038.2
11/5/20,303936796.2
11/4/20,213888432.3
11/3/20,202098850.1
11/2/20,81876480.69
11/1/20,194274881.3
10/31/20,265607933.7
10/30/20,228409072.2
10/29/20,310741338.2
10/28/20,325461283.4
10/27/20,176006371
10/26/20,111062981.4
10/25/20,69928610.91
10/24/20,151273932.4
10/23/20,234841376.8
10/22/20,486931525.6
10/21/20,167903083
10/20/20,139587584.3
10/19/20,29716243.88
10/18/20,34142836.4
10/17/20,109053461.6
10/16/20,111854678.1
10/15/20,93932070.95
10/14/20,117568933.3
10/13/20,166313556.3
10/12/20,60215827.9
10/11/20,97927463.15
10/10/20,120551930.6
10/9/20,142856446.7
10/8/20,102699834.1
10/7/20,103826838.3
10/6/20,78412225.05
10/5/20,31512003.1
10/4/20,31477196.12
10/3/20,150343724.5
10/2/20,183013787.4
10/1/20,89894642.89
9/30/20,89865245.23
9/29/20,109557462.4
9/28/20,50063044.87
9/27/20,48519033.92
9/26/20,129716552.9
9/25/20,124807106.5
9/24/20,124490884.2
9/23/20,99403513.65
9/22/20,193630537.9
9/21/20,69233310.91
9/20/20,54811966.39
9/19/20,88269394.26
9/18/20,117116914.3
9/17/20,154480376.6
9/16/20,135273030.3
9/15/20,143525658.6
9/14/20,81937985.72
9/13/20,57857607.94
9/12/20,101653161.4
9/11/20,147055601.3
9/10/20,113383268.7
9/9/20,194156867.1
9/8/20,153205856.5
9/7/20,89153592.59
9/6/20,222072428.2
9/5/20,310980390.2
9/4/20,361418115.4
9/3/20,265432700.7
9/2/20,176627448.5
9/1/20,102290923.4
8/31/20,54121905.84
8/30/20,48056174.59
8/29/20,125753228.7
8/28/20,152064701.9
8/27/20,104337127.4
8/26/20,168869325.9
8/25/20,75749356.94
8/24/20,39027595.4
8/23/20,85029155.46
8/22/20,153928937
8/21/20,96746302.16
8/20/20,208815095.8
8/19/20,217771115.2
8/18/20,253521339.7
8/17/20,63773670.15
8/16/20,101333020.3
8/15/20,131449767
8/14/20,161732026.4
8/13/20,141688775.6
8/12/20,249861736.8
8/11/20,218397180.7
8/10/20,59683346.89
8/9/20,86008564.67
8/8/20,215793133.7
8/7/20,203809369.9
8/6/20,182136390.2
8/5/20,122455803.8
8/4/20,159671026.5
8/3/20,289592847.8
8/2/20,240815459
8/1/20,222815243.1
7/31/20,201165672.4
7/30/20,253835681.1
7/29/20,352662968.6
7/28/20,569642411.6
7/27/20,169823595.6
7/26/20,83145125.8
7/25/20,128787740.3
7/24/20,168395155
7/23/20,103269918.1
7/22/20,114760459.1
7/21/20,59994848.86
7/20/20,32799397.98
7/19/20,29934693.31
7/18/20,71682525.59
7/17/20,88531436.7
7/16/20,83393685.66
7/15/20,88249714.54
7/14/20,78223034.34
7/13/20,42610639.38
7/12/20,30014745.73
7/11/20,79818144.58
7/10/20,98869845.96
7/9/20,121129125.4
7/8/20,95242533.96
7/7/20,113743420
7/6/20,50720848.73
7/5/20,38839661.83
7/4/20,57803290.99
7/3/20,107207537.5
7/2/20,98873138.81
7/1/20,63158022.98
6/30/20,100083941
6/29/20,59501520.56
6/28/20,92221683.83
6/27/20,141780368.3
6/26/20,166531113.6
6/25/20,178365905.8
6/24/20,102289235.3
6/23/20,134494787.1
6/22/20,36882860.07
6/21/20,57461731.85
6/20/20,109732841.9
6/19/20,74041735.81
6/18/20,124106956.1
6/17/20,138860025.7
6/16/20,244968165
6/15/20,63632383.61
6/14/20,51803750.58
6/13/20,132333533.7
6/12/20,321867038.6
6/11/20,158586968.1
6/10/20,153220784.2
6/9/20,111353754.6
6/8/20,129391452.9
6/7/20,74040583.55
6/6/20,139993515.4
6/5/20,183077760.7
6/4/20,128440438.9
6/3/20,429398121.5
6/2/20,280975718
6/1/20,99233158.44
5/31/20,132752538.8
5/30/20,144086661.4
5/29/20,193513827.7
5/28/20,148428061
5/27/20,120113139
5/26/20,151521072.3
5/25/20,151515271.1
5/24/20,69573042.35
5/23/20,137706362.8
5/22/20,302921371.1
5/21/20,231513104
5/20/20,228306109.2
5/19/20,230169746.6
5/18/20,176082868.2
5/17/20,116707143.6
5/16/20,303595865.3
5/15/20,332519067.9
5/14/20,235919563.6
5/13/20,217646788.1
5/12/20,524377414
5/11/20,536864808.3
5/10/20,206048387.2
5/9/20,336643471.8
5/8/20,500733651.2
5/7/20,286155701.8
5/6/20,182897440.3
5/5/20,186639007.4
5/4/20,175862717.8
5/3/20,111964108.7
5/2/20,209464777.2
5/1/20,479861000
4/30/20,471328360.4
4/29/20,102426644
4/28/20,118631651.9
4/27/20,82965485.7
4/26/20,50386100.44
4/25/20,130187406
4/24/20,202186228.2
4/23/20,102205556
4/22/20,90394537.9
4/21/20,151878158.1
4/20/20,64645648.47
4/19/20,80410551.44
4/18/20,114895300.8
4/17/20,256066115.1
4/16/20,112529486.1
4/15/20,107004164.2
4/14/20,170118314.5
4/13/20,112654904.1
4/12/20,59502005.48
4/11/20,170978168.4
4/10/20,118207885.7
4/9/20,143615580.9
4/8/20,180411336
4/7/20,215734110.4
4/6/20,61737463.09
4/5/20,95099723
4/4/20,165881487
4/3/20,279129046.5
4/2/20,168238042.7
4/1/20,89947515.05
3/31/20,186301830.9
3/30/20,103365161.6
3/29/20,142726744.9
3/28/20,148443297.9
3/27/20,97401178.96
3/26/20,226038996.8
3/25/20,284016940.7
3/24/20,284307011
3/23/20,155141963.1
3/22/20,161732857.5
3/21/20,382708757.2
3/20/20,343510892
3/19/20,246280973.4
3/18/20,222784693
3/17/20,379747427.5
3/16/20,201009885.7
3/15/20,158994389.6
3/14/20,684475988.7
3/13/20,574694714.8
3/12/20,130840913.4
3/11/20,155835851.3
3/10/20,223121982.1
3/9/20,149933311.5
3/8/20,59230883.03
3/7/20,83522225.99
3/6/20,122314466.7
3/5/20,70042032.86
3/4/20,85149525.73
3/3/20,111268001.4
3/2/20,111268001.4
3/1/20,70749037.38
2/29/20,123840827.8
2/28/20,147977055
2/27/20,206929921
2/26/20,114160526.8
2/25/20,116289798.6
2/24/20,64282324.01
2/23/20,34324865.79
2/22/20,79370095.03
2/21/20,128769390.8
2/20/20,186474102
2/19/20,138390971.2
2/18/20,119040244.2
2/17/20,85454123.71
2/16/20,113915188.3
2/15/20,122708338.3
2/14/20,198094127.1
2/13/20,161983394
2/12/20,190105216.4
2/11/20,155424327.7
2/10/20,107419112.7
2/9/20,75572303.93
2/8/20,87939405.49
2/7/20,152115909
2/6/20,163509451
2/5/20,90649388.57
2/4/20,90649388.57
2/3/20,66403963.97
2/2/20,36660829.43
2/1/20,106765634.9
1/31/20,175049334.3
1/30/20,132156743.7
1/29/20,187574422.5
1/28/20,157722446.3
1/27/20,90541442.51
1/26/20,49103693.89
1/25/20,103625698.7
1/24/20,140040083.6
1/23/20,62159413.04
1/22/20,80118406.45
1/21/20,78615695.32
1/20/20,171406582.8
1/19/20,73102474.8
1/18/20,172392198.5
1/17/20,113463580
1/16/20,162415225.7
1/15/20,322001233.9
1/14/20,68769719.3
1/13/20,39375157.85
1/12/20,75103205.5
1/11/20,153599795.4
1/10/20,108323770.5
1/9/20,224003807.4
1/8/20,210649283.9
1/7/20,114010548.1
1/6/20,48177558.29
1/5/20,50181826.92
1/4/20,136870284.6
1/3/20,68282971.9
1/2/20,28600968.86
1/1/20,47782090.7
12/31/19,61748083.66
12/30/19,46435451
12/29/19,36039614.74
12/28/19,71840951.38
12/27/19,59760787.21
12/26/19,39255636.02
12/25/19,76336714.46
12/24/19,121983509.7
12/23/19,72767893.27
12/22/19,25368503.34
12/21/19,55147309.67
12/20/19,92465911.44
12/19/19,208624105.2
12/18/19,106173720.2
12/17/19,91191811.27
12/16/19,35264356.59
12/15/19,39393109.05
12/14/19,52683167.62
12/13/19,75073234.65
12/12/19,53833378
12/11/19,66161513.24
12/10/19,108414489.5
12/9/19,32114286.49
12/8/19,34352533.79
12/7/19,77922849.95
12/6/19,85470713.75
12/5/19,142535673.5
12/4/19,50091304.5
12/3/19,71586469.67
12/2/19,88571039.07
12/1/19,78337203.77
11/30/19,117995230.2
11/29/19,99775070.97
11/28/19,220499983
11/27/19,108471398.9
11/26/19,250687896.4
11/25/19,88831996.03
11/24/19,74562140.93
11/23/19,283120965.8
11/22/19,152565570.4
11/21/19,62317220.55
11/20/19,80797818.39
11/19/19,98039358.97
11/18/19,42762607.28
11/17/19,27218439.49
11/16/19,102346506.7
11/15/19,62094349.52
11/14/19,53278229.95
11/13/19,84092098.49
11/12/19,99417730.88
11/11/19,58075876.85
11/10/19,40216982.81
11/9/19,159478900.2
11/8/19,73169474.05
11/7/19,78710164.83
11/6/19,97692940.89
11/5/19,103857828.9
11/4/19,47020646.32
11/3/19,53740264.79
11/2/19,107433320.9
11/1/19,160663136.9
10/31/19,145730105.2
10/30/19,169991136.7
10/29/19,233830897.4
10/28/19,290708092.5
10/27/19,657396445.3
10/26/19,333681035.1
10/25/19,75975960.6
10/24/19,221341213.8
10/23/19,89353651.52
10/22/19,78014940.86
10/21/19,90340986.76
10/20/19,53229503.88
10/19/19,94710382.22
10/18/19,79993882.94
10/17/19,117969721.4
10/16/19,86738050
10/15/19,61644447.22
10/14/19,65962338.32
10/13/19,30579541.65
10/12/19,138474726.8
10/11/19,113137559.6
10/10/19,174962381.2
10/9/19,68942273.4
10/8/19,144876046.2
10/7/19,100404346.4
10/6/19,56545050.08
10/5/19,92819801.41
10/4/19,116784278.3
10/3/19,91246610.94
10/2/19,170270297.4
10/1/19,173526590
9/30/19,92992826.7
9/29/19,99366389.5
9/28/19,167290267.7
9/27/19,286339496
9/26/19,269030045.2
9/25/19,491431838.4
9/24/19,120001577.2
9/23/19,59501805.67
9/22/19,69869004.16
9/21/19,89963558.47
9/20/19,157389488.4
9/19/19,90728914.37
9/18/19,91392243.66
9/17/19,107174306.4
9/16/19,40801052.22
9/15/19,55063941.31
9/14/19,95214496.61
9/13/19,114864653.9
9/12/19,122176795.1
9/11/19,109189912.1
9/10/19,133582936.9
9/9/19,63124156.14
9/8/19,65192692.24
9/7/19,210268387.8
9/6/19,90967493.33
9/5/19,196753395.6
9/4/19,228788746.9
9/3/19,153032806.8
9/2/19,45179221.48
9/1/19,40437358.65
8/31/19,112305189.3
8/30/19,157535719.8
8/29/19,203978693.8
8/28/19,102638637.4
8/27/19,189624308.4
8/26/19,102865892.8
8/25/19,117754910.9
8/24/19,122936632.7
8/23/19,141841653.5
8/22/19,236246172.9
8/21/19,122315070.3
8/20/19,171807868.3
8/19/19,77572050.19
8/18/19,91003712.31
8/17/19,242929696.8
8/16/19,339458149.8
8/15/19,280655886.5
8/14/19,193935252.6
8/13/19,84492311.64
8/12/19,104661395.1
8/11/19,185394290.4
8/10/19,180122399.3
8/9/19,211151931.5
8/8/19,364388175.4
8/7/19,385189642.3
8/6/19,360876818.6
8/5/19,165486450.2
8/4/19,142750701.8
8/3/19,194052551.7
8/2/19,173753010.8
8/1/19,171671948.9
7/31/19,115667921.7
7/30/19,110257994
7/29/19,93425734.9
7/28/19,196200932.7
7/27/19,122793165.2
7/26/19,132194259.5
7/25/19,207985687
7/24/19,198778566.7
7/23/19,207597158.4
7/22/19,149533508.5
7/21/19,231375270.5
7/20/19,266367992.2
7/19/19,400333481
7/18/19,350207291.4
7/17/19,413796084.1
7/16/19,334140371.6
7/15/19,163504273.4
7/14/19,237143043
7/13/19,223317773.9
7/12/19,400745298.7
7/11/19,507237487.9
7/10/19,364111378.8
7/9/19,277905476.8
7/8/19,67612787.46
7/7/19,85554897.96
7/6/19,124193828.7
7/5/19,130466909.3
7/4/19,273546634
7/3/19,240430091
7/2/19,171482109.1
7/1/19,172764921.6
6/30/19,184877335.6
6/29/19,251088678.3
6/28/19,423175771.1
6/27/19,521683547.9
6/26/19,188227336.1
6/25/19,90826286.85
6/24/19,92033603.99
6/23/19,210388797.6
6/22/19,134167792.4
6/21/19,88441301.34
6/20/19,64175901.41
6/19/19,91483265.55
6/18/19,236199962.6
6/17/19,291304564.5
6/16/19,110733186.6
6/15/19,165814336.8
6/14/19,118173871.4
6/13/19,170534084.4
6/12/19,119201858.9
6/11/19,137334731.2
6/10/19,75192236.29
6/9/19,76557021.41
6/8/19,152941461.8
6/7/19,155472100.7
6/6/19,156168263.7
6/5/19,298320274
6/4/19,189061316.6
6/3/19,80345418.36
6/2/19,79112822.8
6/1/19,174940725.8
5/31/19,291707289.9
5/30/19,139788877.3
5/29/19,134279873.7
5/28/19,179353690.6
5/27/19,190510656.1
5/26/19,62381654.19
5/25/19,157606998.7
5/24/19,151053338.9
5/23/19,162680990.6
5/22/19,141589252.4
5/21/19,251989801.6
5/20/19,293462035.9
5/19/19,117316463.3
5/18/19,455963414.2
5/17/19,295196717.9
5/16/19,284130100.1
5/15/19,372592512.2
5/14/19,459019962.2
5/13/19,437929061.2
5/12/19,358764816.2
5/11/19,169471566.4
5/10/19,127082999.9
5/9/19,92603630.08
5/8/19,147447099.5
5/7/19,84401987.36
5/6/19,55755075.37
5/5/19,120664799.3
5/4/19,171606287
5/3/19,68390511.78
5/2/19,51098585.51
5/1/19,65541116
4/30/19,254115382.6
4/29/19,104885492.5
4/28/19,153300178.7
4/27/19,344577947.1
4/26/19,346365600.4
4/25/19,360348203.3
4/24/19,371060447.1
4/23/19,268620376.4
4/22/19,179818212.2
4/21/19,147414017.4
4/20/19,186470171.5
4/19/19,217894138.4
4/18/19,242366222.4
4/17/19,205894131.2
4/16/19,203887934.3
4/15/19,131452793.1
4/14/19,106569784.7
4/13/19,242714312.9
4/12/19,363638962.7
4/11/19,368160408.2
4/10/19,411383523.4
4/9/19,526197764.2
4/8/19,382675686
4/7/19,329404453.3
4/6/19,335980018.9
4/5/19,476408009.6
4/4/19,963281105.1
4/3/19,879572364.1
4/2/19,178833230.7
4/1/19,53646013.34
3/31/19,104313150.5
3/30/19,168998311.2
3/29/19,72542414.44
3/28/19,135317924.5
3/27/19,77182620.04
3/26/19,133869301.2
3/25/19,48747233.85
3/24/19,57296676.79
3/23/19,67712123.91
3/22/19,166103501.5
3/21/19,147543802.3
3/20/19,103002102
3/19/19,115735520.4
3/18/19,105693358.7
3/17/19,184298451.3
3/16/19,296835128.5
3/15/19,168146954.6
3/14/19,159688391.2
3/13/19,209075742.7
3/12/19,116557011.3
3/11/19,83936704.46
3/10/19,111238999.4
3/9/19,317288682.5
3/8/19,136348518.4
3/7/19,148582990
3/6/19,278485172.5
3/5/19,216413666.7
3/4/19,79501797.94
3/3/19,120293269.6
3/2/19,156175559.7
3/1/19,245942956.4
2/28/19,226984139.5
2/27/19,127504717.3
2/26/19,1734750236
2/25/19,400105758.7
2/24/19,242874099
2/23/19,157385980.3
2/22/19,196426384.2
2/21/19,235445371.3
2/20/19,374321248.7
2/19/19,429150386.5
2/18/19,224982995
2/17/19,93191938.53
2/16/19,120798170.1
2/15/19,162192885.4
2/14/19,238668724.2
2/13/19,163866857.1
2/12/19,145036524.8
2/11/19,153422578.8
2/10/19,106699453.5
2/9/19,301771987.6
2/8/19,58905094.73
2/7/19,143900701.5
2/6/19,75066281.35
2/5/19,63553033.78
2/4/19,80969399.13
2/3/19,73800005.49
2/2/19,119780828
2/1/19,112849977.6
1/31/19,160951786
1/30/19,125314902.4
1/29/19,219370864
1/28/19,162815294.3
1/27/19,157218439.6
1/26/19,184223340.9
1/25/19,151516265.2
1/24/19,204197869.7
1/23/19,209940367.5
1/22/19,200754428
1/21/19,217211992.5
1/20/19,205575557
1/19/19,208367429.9
1/18/19,206239337.2
1/17/19,237255849.8
1/16/19,268546359.5
1/15/19,266949739.4
1/14/19,170721560.3
1/13/19,165382202.2
1/12/19,245745577.8
1/11/19,465176834.1
1/10/19,413021289.1
1/9/19,340650855.4
1/8/19,314915700.8
1/7/19,278935705.9
1/6/19,182621668.1
1/5/19,293647134.8
1/4/19,203230963.1
1/3/19,252710143.7
1/2/19,241928399.2
1/1/19,255956548.2
12/31/18,252556851.4
12/30/18,273159528
12/29/18,337406200.4
12/28/18,382232905.9
12/27/18,332210350.9
12/26/18,333028124.7
12/25/18,473121207.3
12/24/18,363146370.6
12/23/18,352851757.8
12/22/18,387644391.4
12/21/18,938950259.7
12/20/18,774377235.2
12/19/18,646102993.8
12/18/18,501899316
12/17/18,343147308.5
12/16/18,215050882.8
12/15/18,406362868.6
12/14/18,383570307.1
12/13/18,308613011.7
12/12/18,306997665.7
12/11/18,363550072.7
12/10/18,341852239.6
12/9/18,501085554.6
12/8/18,602479277
12/7/18,711072415
12/6/18,412960592.4
12/5/18,360463175.6
12/4/18,431140475.8
12/3/18,314509624.5
12/2/18,311020128.5
12/1/18,463868071.4
11/30/18,564041239
11/29/18,694205696
11/28/18,693105022.1
11/27/18,784661844.5
11/26/18,777305525.4
11/25/18,854858771.9
11/24/18,489895164.6
11/23/18,499912457.7
11/22/18,515936600.3
11/21/18,1455657698
11/20/18,1286922324
11/19/18,520520304.9
11/18/18,187745032.5
11/17/18,295708090.7
11/16/18,598382905.5
11/15/18,1068777740
11/14/18,394394702
11/13/18,233379998.5
11/12/18,149652633.4
11/11/18,130081811
11/10/18,165583852.5
11/9/18,268942797.6
11/8/18,243318834.9
11/7/18,282785375.6
11/6/18,161192819.4
11/5/18,181319289.6
11/4/18,170377979.3
11/3/18,191863094.4
11/2/18,213130474.2
11/1/18,218561001.3
10/31/18,237445610
10/30/18,272566870
10/29/18,227993897.6
10/28/18,141089199.1
10/27/18,170476989.6
10/26/18,196903747.5
10/25/18,230782191.8
10/24/18,228326458.2
10/23/18,214509494.4
10/22/18,134160567.1
10/21/18,139219682.7
10/20/18,196192211.1
10/19/18,296802022.6
10/18/18,248067803.5
10/17/18,288830228.2
10/16/18,1178100920
10/15/18,571754179.7
10/14/18,189122800.7
10/13/18,215730649.6
10/12/18,326313131.2
10/11/18,571216727
10/10/18,193623568.4
10/9/18,225814169.3
10/8/18,203461059.2
10/7/18,161983068.4
10/6/18,209968178
10/5/18,220257654.7
10/4/18,303440379.4
10/3/18,332298092.9
10/2/18,257999312.6
10/1/18,218012664.3
9/30/18,190991380.7
9/29/18,373219094.7
9/28/18,346892752
9/27/18,283381555.4
9/26/18,312748554.4
9/25/18,331869673.6
9/24/18,273203917.3
9/23/18,251395241.3
9/22/18,562369970.2
9/21/18,524769683.7
9/20/18,425834153.4
9/19/18,286102549.1
9/18/18,346869668.3
9/17/18,217488658.8
9/16/18,162919518.6
9/15/18,232655320.6
9/14/18,360631436.3
9/13/18,310389619.8
9/12/18,321882304.6
9/11/18,314617783.8
9/10/18,277073175.1
9/9/18,338680872.5
9/8/18,291261346.9
9/7/18,771294810.4
9/6/18,963691917.6
9/5/18,534640696.6
9/4/18,347423826.6
9/3/18,398104449.3
9/2/18,500527999
9/1/18,371447313.7
8/31/18,401228805.9
8/30/18,386739901.4
8/29/18,511091113.9
8/28/18,488528814.8
8/27/18,258650857.8
8/26/18,282579594.6
8/25/18,360769405.5
8/24/18,309487742
8/23/18,758373447.5
8/22/18,578694712.3
8/21/18,494275683.8
8/20/18,242872344.6
8/19/18,250407540.8
8/18/18,366208610.8
8/17/18,395312232.8
8/16/18,608876687.8
8/15/18,702473673.1
8/14/18,466729007.1
8/13/18,401920311.8
8/12/18,441814690.7
8/11/18,589620096.6
8/10/18,486037319.6
8/9/18,616864330.7
8/8/18,508615426.2
8/7/18,367996501.8
8/6/18,321607416.5
8/5/18,485518589.8
8/4/18,450885758.3
8/3/18,473049731.7
8/2/18,561036987.7
8/1/18,709577850.3
7/31/18,685149433.6
7/30/18,244581855.4
7/29/18,261609974.1
7/28/18,437067809.3
7/27/18,569963389.6
7/26/18,506038858.7
7/25/18,864732263.1
7/24/18,705993833.7
7/23/18,547531100.8
7/22/18,233536540.4
7/21/18,523947504.4
7/20/18,490150501.9
7/19/18,559342105.9
7/18/18,761941225
7/17/18,499528836.9
7/16/18,301675832.6
7/15/18,164361051.4
7/14/18,243555155.3
7/13/18,304859782.2
7/12/18,275030732
7/11/18,361861965.5
7/10/18,385405419.2
7/9/18,220696037.4
7/8/18,285993884.5
7/7/18,216238561.7
7/6/18,368324017.1
7/5/18,359185743.4
7/4/18,345023639.3
7/3/18,406984481.1
7/2/18,281178824.1
7/1/18,224327884.6
6/30/18,514392178.5
6/29/18,414797814.1
6/28/18,262900494.4
6/27/18,326673797.5
6/26/18,363193880.4
6/25/18,501623219.9
6/24/18,289224701.2
6/23/18,558291379.5
6/22/18,478403874.5
6/21/18,302034265.9
6/20/18,309788517
6/19/18,233317200.4
6/18/18,184473224.3
6/17/18,121723139.7
6/16/18,172210435.5
6/15/18,603633809.8
6/14/18,507468883.7
6/13/18,582320290.4
6/12/18,459832204.9
6/11/18,378492500.8
6/10/18,736759768.9
6/9/18,245102804.1
6/8/18,192350883.7
6/7/18,226860730.6
6/6/18,379726332.7
6/5/18,310610271.7
6/4/18,294372762.3
6/3/18,307593603.4
6/2/18,240176294.7
6/1/18,302871386.7
5/31/18,378650506.2
5/30/18,339813351.4
5/29/18,457810459.5
5/28/18,279306859.8
5/27/18,212506321.2
5/26/18,206933926.4
5/25/18,731051376.7
5/24/18,621630127.5
5/23/18,699344596.5
5/22/18,371715199.5
5/21/18,289720578.8
5/20/18,262757456.6
5/19/18,447479924.3
5/18/18,412136776.7
5/17/18,424479322
5/16/18,643573959.1
5/15/18,454469063.7
5/14/18,706860457.9
5/13/18,695724449.4
5/12/18,614413743.7
5/11/18,463167940.3
5/10/18,565867529.9
5/9/18,488309747.7
5/8/18,517076475.3
5/7/18,531232089.9
5/6/18,469126978.4
5/5/18,537691046.7
5/4/18,826646057.1
5/3/18,680877288.7
5/2/18,388274885.1
5/1/18,512078867.5
4/30/18,418094847.7
4/29/18,462929664.4
4/28/18,622772523.2
4/27/18,585397247.9
4/26/18,844331716.1
4/25/18,1227082385
4/24/18,1018367445
4/23/18,450699812.7
4/22/18,750430994.9
4/21/18,651772736
4/20/18,794298021.4
4/19/18,547100495.4
4/18/18,464196480.8
4/17/18,394991691.1
4/16/18,529840058.9
4/15/18,463617555.3
4/14/18,436167916.7
4/13/18,1477855675
4/12/18,1299643868
4/11/18,307821267.9
4/10/18,836397533.3
4/9/18,753187037.3
4/8/18,326416047
4/7/18,513594758.6
4/6/18,462008926.1
4/5/18,609341543.7
4/4/18,841607108.5
4/3/18,750173781.6
4/2/18,607508836.2
4/1/18,828105595.7
3/31/18,754226245.4
3/30/18,1352337905
3/29/18,589107762.5
3/28/18,526257701.6
3/27/18,706985634.7
3/26/18,579084803.9
3/25/18,497976127.8
3/24/18,638996171.2
3/23/18,946210970.4
3/22/18,826892556.9
3/21/18,770717053.2
3/20/18,1353859594
3/19/18,1183523625
3/18/18,1270330308
3/17/18,973873396
3/16/18,771954415.4
3/15/18,1315209565
3/14/18,1112391454
3/13/18,1013634518
3/12/18,1145556675
3/11/18,897354070.9
3/10/18,870115563.8
3/9/18,1735625690
3/8/18,1677040470
3/7/18,1355596867
3/6/18,969993576.7
3/5/18,642906304.5
3/4/18,542742758.5
3/3/18,663520514
3/2/18,877677223.9
3/1/18,790675903.7
2/28/18,871257588
2/27/18,1102352167
2/26/18,982054724.8
2/25/18,619244270.7
2/24/18,1286052866
2/23/18,1156539786
2/22/18,1395055529
2/21/18,1482868607
2/20/18,1258473016
2/19/18,1020588579
2/18/18,1215318036
2/17/18,973554319.9
2/16/18,866501985.7
2/15/18,1138250927
2/14/18,915165499.8
2/13/18,188454378.6
2/12/18,858240549
2/11/18,796391653.7
2/10/18,918540174.5
2/9/18,1400664131
2/8/18,1336661911
2/7/18,1670287564
2/6/18,2089572991
2/5/18,1793319477
2/4/18,1080682795
2/3/18,2491149104
2/2/18,2213436748
2/1/18,1509688358
1/31/18,1445440049
1/30/18,1266284116
1/29/18,611119735.3
1/28/18,873498645.6
1/27/18,763094646
1/26/18,1135179207
1/25/18,1076890874
1/24/18,921820890.7
1/23/18,1305109028
1/22/18,1175503833
1/21/18,436195518.9
1/20/18,1097313787
1/19/18,1934446829
1/18/18,1771113579
1/17/18,2926596198
1/16/18,787732867
1/15/18,758546178.6
1/14/18,804914641.6
1/13/18,946314221.6
1/12/18,1014053986
1/11/18,1663185738
1/10/18,1116810955
1/9/18,1182426648
1/8/18,1742246004
1/7/18,906109684.6
1/6/18,1024721001
1/5/18,1764169571
1/4/18,1059922924
1/3/18,1138506779
1/2/18,1567582732
1/1/18,1000379553
12/31/17,1142728355
12/30/17,1728481567
12/29/17,1607020051
12/28/17,1883494461
12/27/17,1619268857
12/26/17,988326041.1
12/25/17,1134112808
12/24/17,1798168178
12/23/17,1758482733
12/22/17,5352015516
12/21/17,1989091729
12/20/17,1981230495
12/19/17,2215330001
12/18/17,2021140821
12/17/17,1363500363
12/16/17,1636509992
12/15/17,2066395217
12/14/17,1705817592
12/13/17,2027550685
12/12/17,1992977378
12/11/17,2382377789
12/10/17,2539286893
12/9/17,2195860927
12/8/17,4956849516
12/7/17,4548758962
12/6/17,1982715220
12/5/17,1369623771
12/4/17,1283672891
12/3/17,592011274.2
12/2/17,1740537526
12/1/17,1589331513
11/30/17,2130663923
11/29/17,996705854.7
11/28/17,824886242.4
11/27/17,1100089827
11/26/17,808031942.2
11/25/17,677327101.1
11/24/17,644675714.8
11/23/17,550836992.3
11/22/17,494283581.3
11/21/17,1004515767
11/20/17,628384809.4
11/19/17,541743546.8
11/18/17,541082170.9
11/17/17,1311892193
11/16/17,1167106378
11/15/17,925948610
11/14/17,1418267494
11/13/17,1259093768
11/12/17,1601736904
11/11/17,1287567383
11/10/17,1128392931
11/9/17,528018381.6
11/8/17,598849173.4
11/7/17,533993339.5
11/6/17,832822399.4
11/5/17,655029352.6
11/4/17,563573963.1
11/3/17,374814689
11/2/17,753929800.4
11/1/17,630017228.5
10/31/17,454449998.3
10/30/17,938648249.3
10/29/17,572711007.5
10/28/17,278764450.6
10/27/17,475131131.5
10/26/17,450583865.8
10/25/17,446193087.8
10/24/17,704517582.7
10/23/17,633277065.1
10/22/17,469066735.3
10/21/17,697705154.7
10/20/17,583507046.9
10/19/17,376178014
10/18/17,330582864.7
10/17/17,322503478.1
10/16/17,322723336.6
10/15/17,337135010.2
10/14/17,328701504.7
10/13/17,953598649.5
10/12/17,295127991.4
10/11/17,296445764.4
10/10/17,347920434.6
10/9/17,251605409.6
10/8/17,282133882.8
10/7/17,89524651.87
10/6/17,205725059.2
10/5/17,87904264.42
10/4/17,204003764.2
10/3/17,241311075.6
10/2/17,250398347.6
10/1/17,171779832.3
9/30/17,274136475.9
9/29/17,289284083.4
9/28/17,275531143.2
9/27/17,179435745.2
9/26/17,175299977.8
9/25/17,284073950.9
9/24/17,188450162.4
9/23/17,179361986
9/22/17,317303697.7
9/21/17,257063837.1
9/20/17,229919029.8
9/19/17,349157038.3
9/18/17,239259978.2
9/17/17,249840870.7
9/16/17,474370445.7
9/15/17,790068008.2
9/14/17,736178849.4
9/13/17,541722553.5
9/12/17,274429793.1
9/11/17,250115590.4
9/10/17,331793077.9
9/9/17,559278215.7
9/8/17,503768705.8
9/7/17,222544560.6
9/6/17,513071150.7
9/5/17,467133132.5
9/4/17,513527217.6
9/3/17,516978170.6
9/2/17,440710136.1
9/1/17,338585244.4
8/31/17,225853164.2
8/30/17,202687613.6
8/29/17,317010671.9
8/28/17,122880681.1
8/27/17,112660557.9
8/26/17,139377309.6
8/25/17,243781229.5
8/24/17,218844386.9
8/23/17,257486335.9
8/22/17,289961249.8
8/21/17,123200186.5
8/20/17,177654410.1
8/19/17,444138488.2
8/18/17,373082615.8
8/17/17,351792037.7
8/16/17,106742514.5
8/15/17,592573698.1
8/14/17,168021272.4
8/13/17,47778543.11
8/12/17,332122906.1
8/11/17,195208159
8/10/17,47694722.42
8/9/17,199170114
8/8/17,241759565.1
8/7/17,19262002.55
8/6/17,122798187.4
8/5/17,344352179.1
8/4/17,22268580.3
8/3/17,113131475
8/2/17,117440138.3
8/1/17,31819215.36
7/31/17,127009234.1
7/30/17,152859034.1
7/29/17,39186953.7
7/28/17,232077673.1
7/27/17,146490393.9
7/26/17,54707494.2
7/25/17,288015952.5
7/24/17,139976350.8
7/23/17,36210182.13
7/22/17,215642445.1
7/21/17,384806565.9
7/20/17,38549139.91
7/19/17,186988238.2
7/18/17,262461203.8
7/17/17,48851609.45
7/16/17,152530374.3
7/15/17,205297978.8
7/14/17,19740363.34
7/13/17,106346343.5
7/12/17,153172924.9
7/11/17,40483407.35
7/10/17,163706108.8
7/9/17,56620250.18
7/8/17,23595437.34
7/7/17,116912656.4
7/6/17,93522266.99
7/5/17,25122144.2
7/4/17,130187106.9
7/3/17,131455113.2
7/2/17,21447811.63
7/1/17,96748666.51
6/30/17,103718383
6/29/17,31932419.19
6/28/17,157399624.7
6/27/17,239311708.3
6/26/17,25870164.53
6/25/17,135111001.6
6/24/17,146373123.5
6/23/17,29296358.17
6/22/17,143429984.7
6/21/17,208033200.8
6/20/17,27543022
6/19/17,146249310
6/18/17,146939437.2
6/17/17,34208779.42
6/16/17,195907758.5
6/15/17,435834778.6
6/14/17,44052895.26
6/13/17,204283558.8
6/12/17,393739719.9
6/11/17,27858066.25
6/10/17,154123952.1
6/9/17,108367646.9
6/8/17,45523077.33
6/7/17,205713695
6/6/17,371264851.9
6/5/17,22289105.37
6/4/17,120095754.4
6/3/17,129006639.1
6/2/17,44285186.97
6/1/17,198826825
5/31/17,204425185.1
5/30/17,27788568.29
5/29/17,133826839.1
5/28/17,185870201.1
5/27/17,64580050.77
5/26/17,324426983.6
5/25/17,401279047.7
5/24/17,31598452.93
5/23/17,203482045.6
5/22/17,295717901.9
5/21/17,24757265.57
5/20/17,136549462.2
5/19/17,154137281
5/18/17,31802940.1
5/17/17,132248945.8
5/16/17,108385267.4
5/15/17,8581202
5/14/17,61547076.23
5/13/17,111469417.3
5/12/17,26974512.67
5/11/17,151505814.8
5/10/17,131817395.9
5/9/17,31765892.65
5/8/17,139627613.3
5/7/17,62492472.19
5/6/17,23708416.5
5/5/17,136654833.5
5/4/17,178681011.6
5/3/17,12982815.39
5/2/17,86306466.16
5/1/17,102136864.5
4/30/17,5235290.85
4/29/17,45569576.92
4/28/17,61518505.25
4/27/17,11210449.51
4/26/17,64754541.5
4/25/17,45876269.77
4/24/17,3232723.227
4/23/17,48203962.26
4/22/17,47589977.23
4/21/17,7401082.154
4/20/17,61652281.03
4/19/17,38464163.44
4/18/17,4149184.111
4/17/17,45260449.24
4/16/17,19916836.26
4/15/17,10502646.79
4/14/17,43219939.69
4/13/17,61700362.56
4/12/17,4252905.183
4/11/17,39985187.82
4/10/17,41204040.55
4/9/17,3218963.16
4/8/17,31335396.15
4/7/17,60427563.2
4/6/17,6324972.712
4/5/17,58001639.01
4/4/17,67370298.18
4/3/17,8283501.7
4/2/17,59295644.26
4/1/17,40562346.19
3/31/17,8954743.434
3/30/17,65011056.27
3/29/17,61677763.73
3/28/17,9014906.701
3/27/17,79080569.24
3/26/17,71646630.05
3/25/17,14801847.56
3/24/17,83342548.59
3/23/17,47857364.16
3/22/17,12365630.34
3/21/17,78169421.52
3/20/17,58718869.96
3/19/17,20683899.58
3/18/17,167014110.8
3/17/17,145734375.2
3/16/17,4909138.08
3/15/17,48633668.49
3/14/17,51575349.19
3/13/17,7110415.64
3/12/17,52464174.42
3/11/17,82143460.84
3/10/17,9159399.673
3/9/17,64999435.16
3/8/17,101928717.1
3/7/17,5472869.325
3/6/17,38898409.98
3/5/17,27572866.81
3/4/17,9709655.67
3/3/17,64767014.97
3/2/17,83439118.77
3/1/17,8993970.456
2/28/17,44954233.93
2/27/17,39226303.27
2/26/17,7174328.52
2/25/17,44343352.24
2/24/17,137557162.4
2/23/17,13221162.2
2/22/17,59657200.09
2/21/17,67820657.93
2/20/17,2386315.596
2/19/17,18054662.3
2/18/17,29732832.52
2/17/17,6172255.776
2/16/17,41105343.5
2/15/17,22919392.21
2/14/17,4552916.952
2/13/17,29689012.95
2/12/17,14753502.29
2/11/17,10764385.16
2/10/17,64475260.2
2/9/17,141974564.6
2/8/17,5657035.661
2/7/17,40471212.35
2/6/17,27544311.11
2/5/17,5977596.746
2/4/17,43595760.48
2/3/17,54515239.49
2/2/17,6847946.828
2/1/17,35717457.43
1/31/17,50109300.36
1/30/17,1219424.714
1/29/17,8485259.812
1/28/17,12103240.46
1/27/17,4725016.234
1/26/17,26226846.71
1/25/17,29651242.15
1/24/17,3210327.312
1/23/17,24607895.53
1/22/17,41096750.86
1/21/17,5933570.218
1/20/17,27016866.76
1/19/17,43734448.34
1/18/17,11126738.06
1/17/17,66791560.4
1/16/17,22109924.9
1/15/17,5423872.051
1/14/17,27475928.3
1/13/17,55509952.11
1/12/17,28015965.74
1/11/17,131253668.4
1/10/17,31485218.71
1/9/17,8183329.337
1/8/17,55303632.48
1/7/17,97175659.27
1/6/17,36041021.23
1/5/17,208498259.8
1/4/17,143134274.6
1/3/17,8324525.772
1/2/17,57597031.98
1/1/17,33991911.05
12/31/16,10303871.59
12/30/16,55218054.01
12/29/16,49469080.76
12/28/16,6692540.341
12/27/16,36349743.36
12/26/16,30528384.49
12/25/16,5393160.608
12/24/16,36632649.45
12/23/16,71128607.54
12/22/16,7825180.196
12/21/16,44854043.02
12/20/16,19671152.56
12/19/16,1986896.331
12/18/16,10243644.93
12/17/16,17068492.25
12/16/16,2363198.58
12/15/16,15357872.53
12/14/16,14993051.05
12/13/16,2197479.434
12/12/16,19721035.41
12/11/16,19721035.41
12/10/16,2203083.496
12/9/16,16139725.07
12/8/16,18396293.92
12/7/16,5132222.071
12/6/16,20977699.21
12/5/16,26745481.44
12/4/16,2127831.774
12/3/16,15079718.4
12/2/16,33314155.04
12/1/16,4637396.952
11/30/16,21330877.48
11/29/16,18774731.95
11/28/16,2508383.094
11/27/16,11359826.8
11/26/16,12319132.96
11/25/16,2972537.33
11/24/16,16755125.57
11/23/16,19866229.88
11/22/16,2958595.544
11/21/16,18741837.41
11/20/16,26489236.67
11/19/16,3199118.274
11/18/16,22349404.15
11/17/16,36131321.21
11/16/16,4100191.122
11/15/16,22288622.3
11/14/16,20324888.37
11/13/16,1974698.995
11/12/16,13568553.68
11/11/16,14008613.89
11/10/16,7017410.01
11/9/16,40308934.74
11/8/16,21720391.23
11/7/16,1637884.82
11/6/16,15385463.92
11/5/16,14017411.02
11/4/16,8276087.961
11/3/16,56296677.02
11/2/16,24177015.54
11/1/16,3245201.889
10/31/16,23116856.38
10/30/16,21222263.79
10/29/16,2462999.924
10/28/16,22221917.84
10/27/16,26863753.64
10/26/16,3991981.368
10/25/16,23862151.32
10/24/16,17690445.87
10/23/16,2842323.413
10/22/16,22686988.34
10/21/16,16705327.88
10/20/16,2796925.727
10/19/16,20346645.9
10/18/16,14579936.51
10/17/16,824156.2854
10/16/16,6985758.74
10/15/16,6525990.94
10/14/16,1509943.991
10/13/16,14355952.05
10/12/16,14634705.6
10/11/16,1411407.409
10/10/16,13372142.53
10/9/16,6954834.42
10/8/16,2480451.31
10/7/16,15826419.3
10/6/16,10859575.08
10/5/16,1793810.089
10/4/16,12709516.17
10/3/16,11646426.4
10/2/16,894828.204
10/1/16,7094655.17
9/30/16,12885196.88
9/29/16,1341833.201
9/28/16,9494530.32
9/27/16,12980365.42
9/26/16,650995.4232
9/25/16,6562797.42
9/24/16,6905876.28
9/23/16,1382424.16
9/22/16,12923838.33
9/21/16,20607535.08
9/20/16,1507194.325
9/19/16,12354975.67
9/18/16,9289978.56
9/17/16,1586068.042
9/16/16,12836700.34
9/15/16,11891587.39
9/14/16,2112952.427
9/13/16,32818905.11
9/12/16,24913919.86
9/11/16,948942.5085
9/10/16,13826608.28
9/9/16,16550749.95
9/8/16,2769704.936
9/7/16,16922951.23
9/6/16,14155539.59
9/5/16,2386266.845
9/4/16,22587938.84
9/3/16,40400922.25
9/2/16,1629719.65
9/1/16,14999479.54
8/31/16,15333990.49
8/30/16,1333109.475
8/29/16,13006720.33
8/28/16,6969155.03
8/27/16,1900372.196
8/26/16,12305907.42
8/25/16,18023876.4
8/24/16,2443582.705
8/23/16,19520117.27
8/22/16,19463587.59
8/21/16,1404742.322
8/20/16,16537121.82
8/19/16,15567926.13
8/18/16,2345756.132
8/17/16,21788909.85
8/16/16,20633789.33
8/15/16,2730947.824
8/14/16,15817470.27
8/13/16,11882577.72
8/12/16,1488764.265
8/11/16,26073725.34
8/10/16,34991566.07
8/9/16,1885946.789
8/8/16,15361103.59
8/7/16,20475426.29
8/6/16,2754594.202
8/5/16,16566325.51
8/4/16,24001987.5
8/3/16,11515126.11
8/2/16,57403494.65
8/1/16,39937694.38
7/31/16,467480.8008
7/30/16,11399491.45
7/29/16,16612345.86
7/28/16,1748153.599
7/27/16,27438393.38
7/26/16,30492846.55
7/25/16,944103.9448
7/24/16,23219394.38
7/23/16,22033362.32
7/22/16,1667556.32
7/21/16,19396531.87
7/20/16,21835386.17
7/19/16,2028219.074
7/18/16,30616321.58
7/17/16,26346610.59
7/16/16,2142395.504
7/15/16,26928546.83
7/14/16,34318017.31
7/13/16,2846618.325
7/12/16,48343367.13
7/11/16,26402272.48
7/10/16,4006561.526
7/9/16,78574448.68
7/8/16,46643049.37
7/7/16,2399003.331
7/6/16,27360174.45
7/5/16,31161665.02
7/4/16,4817101.131
7/3/16,57134569.79
7/2/16,45483640.65
7/1/16,5019136.608
6/30/16,66687600.54
6/29/16,68912927.9
6/28/16,5574406.09
6/27/16,59731341.43
6/26/16,50909007.76
6/25/16,10751720
6/24/16,117308802.5
6/23/16,145480129.3
6/22/16,21974290.21
6/21/16,149642818.4
6/20/16,36207387.18
6/19/16,4438797.321
6/18/16,85041797.51
6/17/16,128874495.6
6/16/16,4007337.409
6/15/16,48065817.39
6/14/16,84746672.71
6/13/16,9494228.639
6/12/16,143472595.5
6/11/16,24538115.33
6/10/16,2166874.901
6/9/16,30222288.21
6/8/16,28300189.16
6/7/16,2590286.686
6/6/16,34509545.46
6/5/16,30675648.7
6/4/16,4962277.41
6/3/16,60092817.48
6/2/16,26922628.86
6/1/16,6420111.863
5/31/16,59032595.97
5/30/16,41187985.58
5/29/16,6618263.814
5/28/16,68432471.56
5/27/16,62133880.56
5/26/16,1645517.51
5/25/16,17482963.79
5/24/16,15674746.77
5/23/16,1028462.078
5/22/16,12185445.88
5/21/16,11310985.63
5/20/16,2591780.909
5/19/16,26518499.39
5/18/16,14866087.64
5/17/16,1427548.52
5/16/16,17875806.65
5/15/16,9548354.609
5/14/16,1292090.163
5/13/16,15841283.88
5/12/16,22652718.67
5/11/16,2588829.54
5/10/16,28095275.36
5/9/16,23824164.12
5/8/16,922396.0998
5/7/16,15060351.77
5/6/16,32475379.45
5/5/16,1482396.168
5/4/16,18922797.28
5/3/16,23866897.41
5/2/16,538938.63
5/1/16,10517715.54
4/30/16,17046473.34
4/29/16,3942954.25
4/28/16,38051508.65
4/27/16,42654741.36
4/26/16,2590337.625
4/25/16,36817995.51
4/24/16,29353633.46
4/23/16,2462251.506
4/22/16,23844241.72
4/21/16,29501269.42
4/20/16,1653545.272
4/19/16,17920859.94
4/18/16,17694903.86
4/17/16,795354.4586
4/16/16,13788621.11
4/15/16,22879890.52
4/14/16,1661294.885
4/13/16,16364789.57
4/12/16,25818110.24
4/11/16,741403.575
4/10/16,9701992.495
4/9/16,12511808.48
4/8/16,1347766.533
4/7/16,17028964.22
4/6/16,15707133.79
4/5/16,1459218.348
4/4/16,15550675.15
4/3/16,10626132.64
4/2/16,1558131.763
4/1/16,16409420.63
3/31/16,18808489.14
3/30/16,2467410.471
3/29/16,30415319.92
3/28/16,19238321.79
3/27/16,522917.8752
3/26/16,12371345.84
3/25/16,14830264.68
3/24/16,2067894.716
3/23/16,16895793.79
3/22/16,21365652.99
3/21/16,1060913.158
3/20/16,13576322.23
3/19/16,15007027.57
3/18/16,1558879.435
3/17/16,18657007.43
3/16/16,19419077.22
3/15/16,1852141.869
3/14/16,20597238.34
3/13/16,20282050.79
3/12/16,2516555.525
3/11/16,25307656.14
3/10/16,24022113.59
3/9/16,2301767.077
3/8/16,21813407.6
3/7/16,25774187.79
3/6/16,6594012.973
3/5/16,50904367.53
3/4/16,32002741.3
3/3/16,2421748.875
3/2/16,26429723.25
3/1/16,30939871.91
2/29/16,1493821.132
2/28/16,22184549.44
2/27/16,18649773.62
2/26/16,2363228.63
2/25/16,22095111.4
2/24/16,29085738.81
2/23/16,2559334.983
2/22/16,25463328.11
2/21/16,45001750.17
2/20/16,2110655.688
2/19/16,22201850.36
2/18/16,32029699.84
2/17/16,3399915.2
2/16/16,28047318.68
2/15/16,34078398.84
2/14/16,2713128.134
2/13/16,18777635.92
2/12/16,22212756.83
2/11/16,3787559.312
2/10/16,36978851.33
2/9/16,21330382.48
2/8/16,1082358.75
2/7/16,15640570.8
2/6/16,30866009.85
2/5/16,5209435.44
2/4/16,41655064.81
2/3/16,23767287.74
2/2/16,2701707.572
2/1/16,28865406.81
1/31/16,17760429.8
1/30/16,5113886.105
1/29/16,54312432.2
1/28/16,30483418.71
1/27/16,2599020.511
1/26/16,23253230.33
1/25/16,27947836.81
1/24/16,2976583.962
1/23/16,24905687.73
1/22/16,59059297.6
1/21/16,10593189.91
1/20/16,78165567.75
1/19/16,25270093.76
1/18/16,3204406.656
1/17/16,25665045.63
1/16/16,71683286.48
1/15/16,1903928.829
1/14/16,19112138.8
1/13/16,45901744.12
1/12/16,3582603.575
1/11/16,25254134.41
1/10/16,20063783.12
1/9/16,4677703.973
1/8/16,41191540.31
1/7/16,58478075.98
1/6/16,1677504.078
1/5/16,20487753.08
1/4/16,21949458.69
1/3/16,1287045.55
1/2/16,15069490.92
1/1/16,20406959.21
12/31/15,3319566.161
12/30/15,30700004.84
12/29/15,30691408.03
12/28/15,2936051.331
12/27/15,31955095.32
12/26/15,91276222.44
12/25/15,4626576
12/24/15,35843916.06
12/23/15,28293611.22
12/22/15,8309217.945
12/21/15,52315624.45
12/20/15,54181213.77
12/19/15,5971185.99
12/18/15,37926164.81
12/17/15,30852734.19
12/16/15,8341525.236
12/15/15,55276209.29
12/14/15,108826070.4
12/13/15,13096215.8
12/12/15,107032617.8
12/11/15,76154164.29
12/10/15,8971415.34
12/9/15,67053317.64
12/8/15,22999694.48
12/7/15,5678050.38
12/6/15,58053909.74
12/5/15,58053909.74
12/4/15,4409145.995
12/3/15,32249807.7
12/2/15,34787805.36
12/1/15,6823690.035
11/30/15,51791731.6
11/29/15,23486321.7
11/28/15,4787408.7
11/27/15,40156994.3
11/26/15,73195270.68
11/25/15,2763927.08
11/24/15,16374683.09
11/23/15,13615387.41
11/22/15,1657233.86
11/21/15,14198539.91
11/20/15,35862566.28
11/19/15,9056533.38
11/18/15,25422981.21
11/17/15,32793891.71
11/16/15,8867123.583
11/15/15,34851429.84
11/14/15,23982824.1
11/13/15,12835814.56
11/12/15,56103254.63
11/11/15,92221766.36
11/10/15,9695175.477
11/9/15,49017974.28
11/8/15,34651606.97
11/7/15,17548684.19
11/6/15,104939430.6
11/5/15,144544320.1
11/4/15,31163707.43
11/3/15,171565483.3
11/2/15,70310557.42
11/1/15,8919365.481
10/31/15,37428890.45
10/30/15,55263289.91
10/29/15,9523730.459
10/28/15,37507904.68
10/27/15,32420944.14
10/26/15,8441415.976
10/25/15,34299506.03
10/24/15,15134081.82
10/23/15,8290061.385
10/22/15,25322556.83
10/21/15,17489825.3
10/20/15,4389432.475
10/19/15,16059630.12
10/18/15,16433851.55
10/17/15,9118255.68
10/16/15,32045899.66
10/15/15,25643112.13
10/14/15,6466622.629
10/13/15,18384897.43
10/12/15,20041053.45
10/11/15,4258224.398
10/10/15,8756660.462
10/9/15,10246396.13
10/8/15,5776768.107
10/7/15,12400136.01
10/6/15,16009447.91
10/5/15,3564285.024
10/4/15,16040473.22
10/3/15,8661867.053
10/2/15,4844212.798
10/1/15,13003388.16
9/30/15,14408622.84
9/29/15,4200623.236
9/28/15,16626431
9/27/15,16033418.71
9/26/15,5305732.873
9/25/15,15237774.66
9/24/15,16891696.65
9/23/15,4455143.05
9/22/15,19233663.34
9/21/15,13192196.61
9/20/15,2585884.793
9/19/15,9200032.637
9/18/15,13521375.39
9/17/15,4148975.297
9/16/15,13866113.7
9/15/15,13939823.87
9/14/15,4512413.7
9/13/15,12673625.1
9/12/15,12692491.31
9/11/15,4940577.699
9/10/15,15217779.75
9/9/15,16863801.29
9/8/15,5566863.667
9/7/15,13634833.31
9/6/15,17614944.57
9/5/15,4818819.123
9/4/15,14833269.03
9/3/15,14833269.03
9/2/15,5452898.779
9/1/15,14592340.48
8/31/15,12988337.13
8/30/15,3557779.294
8/29/15,10728935.6
8/28/15,21397486.82
8/27/15,5409804.072
8/26/15,22356486.11
8/25/15,44792175.95
8/24/15,2915321.211
8/23/15,13017080.07
8/22/15,17528714.37
8/21/15,3720105.208
8/20/15,22690278.75
8/19/15,60726602.77
8/18/15,2217899.157
8/17/15,13641622.23
8/16/15,19040492.33
8/15/15,2128338.843
8/14/15,1279542.147
8/13/15,2537895.246
8/12/15,2274318.881
8/11/15,2902827.011
8/10/15,1851465.456
8/9/15,2691512.613
8/8/15,2590061.866
8/7/15,2251104.136
8/6/15,1841426.72
8/5/15,1891671.654
8/4/15,1847303.662
8/3/15,1281691.853
8/2/15,1780252.127
8/1/15,1231691.557
7/31/15,2343295.688
7/30/15,2293641.883
7/29/15,2745976.513
7/28/15,4311794.378
7/27/15,3886676.369
7/26/15,2693970.016
7/25/15,4577494.12
7/24/15,2821464.943
7/23/15,3887226.083
7/22/15,2488902.68
7/21/15,2490978.024
7/20/15,2083742.551
7/19/15,2590637.86
7/18/15,1334571.81
7/17/15,2954144.368
7/16/15,2815364.979
7/15/15,6262766.452
7/14/15,2047775.775
7/13/15,6985899.888
7/12/15,8667679.213
7/11/15,6677463.455
7/10/15,3742801.44
7/9/15,7216507.331
7/8/15,3839394.284
7/7/15,5377393.809
7/6/15,4037671.083
7/5/15,6496801.867
7/4/15,2343369.94
7/3/15,1875664.258
7/2/15,2179138.463
7/1/15,5228101.593
6/30/15,3870044.778
6/29/15,5102700.852
6/28/15,1783480.468
6/27/15,1776223.699
6/26/15,1655413.084
6/25/15,1610305.604
6/24/15,1256182.329
6/23/15,1660686.69
6/22/15,473743.718
6/21/15,1174145.21
6/20/15,488875.567
6/19/15,2774658.029
6/18/15,1502419.595
6/17/15,3052713.674
6/16/15,2474934.36
6/15/15,4056676.692
6/14/15,2207160.224
6/13/15,1351595.504
6/12/15,802279.9441
6/11/15,1164648.427
6/10/15,2077600.98
6/9/15,1320103.418
6/8/15,2215932.111
6/7/15,623127.8042
6/6/15,781109.4909
6/5/15,803238.4779
6/4/15,1299861.514
6/3/15,1129310.375
6/2/15,1172704.722
6/1/15,996462.0596
5/31/15,2404867.597
5/30/15,862849.4402
5/29/15,1183233.243
5/28/15,1599476.104
5/27/15,1329201.296
5/26/15,1324211.34
5/25/15,1966702.791
5/24/15,1090396.644
5/23/15,2491546.068
5/22/15,1284918.23
5/21/15,2072782.039
5/20/15,1288756.846
5/19/15,1878977.716
5/18/15,1645994.514
5/17/15,795921.5691
5/16/15,735036.9233
5/15/15,795922.6614
5/14/15,2179359.928
5/13/15,2207220.564
5/12/15,1396294.364
5/11/15,841557.2094
5/10/15,1904904.063
5/9/15,812668.8084
5/8/15,2614622.595
5/7/15,2975459.388
5/6/15,2515896.027
5/5/15,1783949.29
5/4/15,2093073.881
5/3/15,1535336.538
5/2/15,1547771.545
5/1/15,1266259.35
4/30/15,2008394.005
4/29/15,2108340.416
4/28/15,1833578.514
4/27/15,2701221.051
4/26/15,1204729.491
4/25/15,2205193.133
4/24/15,1441666.346
4/23/15,2567616.608
4/22/15,2574137.143
4/21/15,3082931.511
4/20/15,1313111.833
4/19/15,1314495.733
4/18/15,1282638.288
4/17/15,2467237.5
4/16/15,2048217.22
4/15/15,2376336.693
4/14/15,3104225.607
4/13/15,4257460.584
4/12/15,2112299.331
4/11/15,2724945.68
4/10/15,1140185.631
4/9/15,2675116.129
4/8/15,1525083.357
4/7/15,2669120.529
4/6/15,1531937.935
4/5/15,690291.8774
4/4/15,1211778.66
4/3/15,815494.561
4/2/15,1535267.895
4/1/15,2073907.998
3/31/15,1486479.409
3/30/15,1621283.681
3/29/15,2020679.428
3/28/15,1394413.524
3/27/15,2090932.531
3/26/15,1762548.2
3/25/15,1879171.379
3/24/15,2315865.874
3/23/15,4563612.295
3/22/15,2600779.006
3/21/15,1489959.87
3/20/15,1199329.84
3/19/15,2211571.493
3/18/15,1833379.722
3/17/15,3990297.827
3/16/15,1638629.867
3/15/15,1555762.956
3/14/15,696621.6761
3/13/15,1667974.394
3/12/15,1989294.824
3/11/15,2264480.103
3/10/15,2017351.323
3/9/15,1221588.5
3/8/15,2624649.3
3/7/15,1598282.264
3/6/15,3126380.296
3/5/15,2790042.69
3/4/15,3247071.615
3/3/15,4966115.186
3/2/15,6322638.075
3/1/15,4190275.839
2/28/15,5551101.683
2/27/15,1809685.331
2/26/15,5142151.576
2/25/15,1237085.051
2/24/15,1091100.678
2/23/15,1422548.459
2/22/15,731873.9725
2/21/15,1342658.74
2/20/15,948087.4528
2/19/15,3049793.331
2/18/15,1863197.017
2/17/15,3259977.946
2/16/15,6828681.775
2/15/15,4051377.606
2/14/15,7200685.85
2/13/15,1545266.869
2/12/15,4783505.351
2/11/15,1667205.478
2/10/15,4280748.31
2/9/15,2058429.798
2/8/15,3550609.459
2/7/15,2428824.938
2/6/15,1614452.685
2/5/15,2428434.543
2/4/15,3988923.993
2/3/15,4041719.039
2/2/15,4094181.676
2/1/15,4165894.705
1/31/15,4223952.118
1/30/15,3253319.917
1/29/15,6634468.27
1/28/15,7780990.202
1/27/15,3953455.434
1/26/15,7333970.802
1/25/15,15302136.41
1/24/15,6624843.332
1/23/15,5933243.915
1/22/15,3662928.212
1/21/15,7856570.195
1/20/15,2815608.266
1/19/15,3255763.955
1/18/15,2677624.611
1/17/15,7250849.59
1/16/15,4567169.464
1/15/15,10063648.17
1/14/15,13066868.94
1/13/15,20003943.79
1/12/15,10679959.79
1/11/15,8115245.572
1/10/15,2847004.613
1/9/15,10206899.67
1/8/15,9296662.221
1/7/15,10769340.83
1/6/15,10769340.83
1/5/15,11109155.73
1/4/15,10769340.83
1/3/15,11849100.4
1/2/15,991953.7176
1/1/15,1016669.632
12/31/14,1546927.093
12/30/14,2170830.914
12/29/14,2454059.749
12/28/14,1612460.872
12/27/14,2110273.144
12/26/14,2924530.552
12/25/14,1370436.176
12/24/14,2588032.082
12/23/14,2076350.076
12/22/14,2639069.78
12/21/14,3771988.147
12/20/14,2065043.559
12/19/14,4201699.027
12/18/14,7564472.136
12/17/14,7102865.206
12/16/14,7045461.436
12/15/14,2328483.684
12/14/14,2792637.419
12/13/14,1445863.678
12/12/14,5776249.152
12/11/14,2743962.425
12/10/14,5803133.702
12/9/14,3770700.191
12/8/14,7768458.049
12/7/14,3089535.823
12/6/14,3282769.52
12/5/14,1743444.376
12/4/14,2895748.427
12/3/14,2491715.59
12/2/14,3147124.924
12/1/14,2688428.191
11/30/14,2726903.589
11/29/14,1378610.325
11/28/14,3675373.639
11/27/14,4775090.115
11/26/14,3447448.614
11/25/14,4289865.238
11/24/14,2920028.426
11/23/14,6048700.442
11/22/14,1909531.385
11/21/14,5841267.137
11/20/14,5580672.79
11/19/14,5695435.058
11/18/14,9453830.236
11/17/14,6157877.815
11/16/14,8319084.817
11/15/14,8710699.474
11/14/14,5008203.541
11/13/14,14005578.12
11/12/14,2780715.305
11/11/14,13701896.4
11/10/14,3730304.515
11/9/14,1291511.905
11/8/14,3014861.332
11/7/14,1077208.905
11/6/14,5183009.827
11/5/14,4520802.114
11/4/14,4919218.313
11/3/14,2717870.825
11/2/14,3473706.227
11/1/14,3637782.518
10/31/14,4881499.194
10/30/14,4354922.073
10/29/14,3671261.965
10/28/14,3328191.757
10/27/14,2622826.729
10/26/14,2725857.574
10/25/14,5618226.601
10/24/14,3913031.761
10/23/14,6960388.605
10/22/14,3068666.74
10/21/14,3342809.099
10/20/14,3184745.494
10/19/14,2762915.48
10/18/14,1463419.636
10/17/14,3032030.329
10/16/14,7556518.991
10/15/14,6974276.305
10/14/14,8751642.324
10/13/14,5406042.432
10/12/14,8081594.465
10/11/14,3761063.583
10/10/14,17386292.13
10/9/14,11248182.13
10/8/14,15131487.59
10/7/14,22795539.52
10/6/14,8268087.292
10/5/14,28089071.53
10/4/14,7318369.379
10/3/14,9352563.977
10/2/14,5568420.739
10/1/14,5593043.014
9/30/14,7052814.382
9/29/14,5461742.926
9/28/14,2177480.976
9/27/14,3971546.275
9/26/14,2409099.758
9/25/14,6001795.802
9/24/14,6189931.289
9/23/14,12703948.85
9/22/14,5718501.561
9/21/14,4898291.212
9/20/14,5180652.93
9/19/14,9378125.298
9/18/14,13959017.81
9/17/14,6474529.07
9/16/14,2918242.006
9/15/14,2796018.22
9/14/14,2524429.506
9/13/14,2895656.62
9/12/14,2844690.849
9/11/14,3468571.793
9/10/14,4312800.721
9/9/14,6346407.796
9/8/14,3335590.916
9/7/14,1332257.857
9/6/14,1387220.616
9/5/14,1606067.513
9/4/14,2251445.56
9/3/14,5008741.256
9/2/14,2489654.969
9/1/14,5403358.377
8/31/14,4469424.454
8/30/14,4680272.993
8/29/14,3601875.514
8/28/14,3752062.199
8/27/14,4062969.757
8/26/14,2881655.525
8/25/14,3517602.571
8/24/14,2916764.294
8/23/14,7882218.512
8/22/14,4840024.884
8/21/14,8286029.155
8/20/14,8730383.9
8/19/14,8069204.962
8/18/14,8989449.079
8/17/14,6616986.832
8/16/14,6020978.092
8/15/14,6187407.026
8/14/14,14029610.31
8/13/14,12855082.69
8/12/14,13355520.18
8/11/14,1891342.721
8/10/14,2371659.35
8/9/14,1745276.31
8/8/14,2590252.103
8/7/14,2961285.448
8/6/14,3166937.845
8/5/14,3102683.815
8/4/14,4052712.01
8/3/14,2323087.959
8/2/14,7133219.166
8/1/14,2711525.266
7/31/14,7216949.141
7/30/14,2393816.75
7/29/14,4145810.979
7/28/14,2815216.594
7/27/14,2146515.226
7/26/14,2257131.113
7/25/14,2386789.842
7/24/14,2498800.438
7/23/14,6237962.004
7/22/14,1821393.437
7/21/14,918987.63
7/20/14,2279965.493
7/19/14,1011690.671
7/18/14,3076388.994
7/17/14,2412825.535
7/16/14,4091992.926
7/15/14,2372823.413
7/14/14,2130092.223
7/13/14,2119002.357
7/12/14,3827432.64
7/11/14,3241515.398
7/10/14,3164691.204
7/9/14,1672213.48
7/8/14,1504875.442
7/7/14,1898911.716
7/6/14,1153436.45
7/5/14,2033092.691
7/4/14,1483175.518
7/3/14,3432108.833
7/2/14,2873518.205
7/1/14,4473747.89
6/30/14,1005979.233
6/29/14,7341093.031
6/28/14,986521.4977
6/27/14,2689215.08
6/26/14,4008598.564
6/25/14,3089629.111
6/24/14,3115477.885
6/23/14,2312887.338
6/22/14,2906661.944
6/21/14,4253524.573
6/20/14,2181393.924
6/19/14,4531653.298
6/18/14,3965892.8
6/17/14,5370642.476
6/16/14,3078078.833
6/15/14,9358300.265
6/14/14,3812291.511
6/13/14,8696987.115
6/12/14,6450427.865
6/11/14,5290172.339
6/10/14,4917376.856
6/9/14,1707138.925
6/8/14,3773083.543
6/7/14,1650470.76
6/6/14,7112332.182
6/5/14,3423735.09
6/4/14,7171685.024
6/3/14,13311959.4
6/2/14,15062190.49
6/1/14,13128228.49
5/31/14,13980467.75
5/30/14,8690735.142
5/29/14,10417485.63
5/28/14,11364807.7
5/27/14,5211005.778
5/26/14,11110797.86
5/25/14,2968812.746
5/24/14,11020114.34
5/23/14,4227327.361
5/22/14,3521976.462
5/21/14,8273162.576
5/20/14,5867533.835
5/19/14,1116943.459
5/18/14,1830522.701
5/17/14,1040708.526
5/16/14,2454588.806
5/15/14,1673318.644
5/14/14,2812034.169
5/13/14,2031951.625
5/12/14,2631621.402
5/11/14,2146397.567
5/10/14,4082047.58
5/9/14,1987268.042
5/8/14,3479164.128
5/7/14,3441714.012
5/6/14,4859661.748
5/5/14,3589800.169
5/4/14,3269631.2
5/3/14,2183121.321
5/2/14,3330775.195
5/1/14,4861252.668
4/30/14,4875835.144
4/29/14,6613111.097
4/28/14,3607646.856
4/27/14,7435225.807
4/26/14,3004849.99
4/25/14,3993448.305
4/24/14,14864619.05
4/23/14,2950180.155
4/22/14,4176593.849
4/21/14,3319630.72
4/20/14,4077741.383
4/19/14,5372537.418
4/18/14,4766233.25
4/17/14,5910268.099
4/16/14,17021803.81
4/15/14,17293604.99
4/14/14,14255961.11
4/13/14,4624978.554
4/12/14,3924022.199
4/11/14,5630343.872
4/10/14,3539452.724
4/9/14,14696324.82
4/8/14,3635252.102
4/7/14,2459524.12
4/6/14,3185471.989
4/5/14,2858575.746
4/4/14,12067476.32
4/3/14,7827738.076
4/2/14,13651170.15
4/1/14,9510860.258
3/31/14,11933723.04
3/30/14,9899400.515
3/29/14,17766055.78
3/28/14,6383424.665
3/27/14,21660004.82
3/26/14,4709236.105
3/25/14,6384680.233
3/24/14,7230990.789
3/23/14,7669603.725
3/22/14,3768574.276
3/21/14,7773411.463
3/20/14,4331268.8
3/19/14,6173088.604
3/18/14,4424994.834
3/17/14,2090545.828
3/16/14,4399818.749
3/15/14,2073449.098
3/14/14,4313170.397
3/13/14,5350789.635
3/12/14,4786086.216
3/11/14,8456225.397
3/10/14,5391617.991
3/9/14,6763274.884
3/8/14,13570695.99
3/7/14,7378972.862
3/6/14,11533475.21
3/5/14,18874058.24
3/4/14,10069481.67
3/3/14,27726273.46
3/2/14,8103483.88
3/1/14,2667620.875
2/28/14,12629466.55
2/27/14,28862469.42
2/26/14,14560568
2/25/14,29824414.56
2/24/14,12599747.12
2/23/14,25554791.21
2/22/14,11013569.07
2/21/14,19683088.04
2/20/14,21045093.31
2/19/14,17953764.66
2/18/14,12629318.39
2/17/14,10145711.07
2/16/14,18743382.26
2/15/14,46055404.7
2/14/14,14306450.62
2/13/14,51070232.99
2/12/14,27029485.03
2/11/14,23622517.17
2/10/14,17486897.83
2/9/14,9466292.528
2/8/14,12373413.32
2/7/14,8449899.911
2/6/14,6591101.11
2/5/14,15753523.04
2/4/14,4349131.191
2/3/14,3317735.168
2/2/14,4536817.259
2/1/14,3673585.279
1/31/14,10507896
1/30/14,6958858.428
1/29/14,10211352.29
1/28/14,18826062.79
1/27/14,23185647.73
1/26/14,11258300.04
1/25/14,12279425.85
1/24/14,6997182.459
1/23/14,11907988.68
1/22/14,6349164.688
1/21/14,6932278.286
1/20/14,6338548.322
1/19/14,4483770.096
1/18/14,6486746.497
1/17/14,8248056.825
1/16/14,10334044.11
1/15/14,6073510.138
1/14/14,10885454.74
1/13/14,10317975.42
1/12/14,13419687.13
1/11/14,11171979.19
1/10/14,20915435.6
1/9/14,15341573.78
1/8/14,13678077.9
1/7/14,23700401.37
1/6/14,19755518.76
1/5/14,26853239.57
1/4/14,11996329.8
1/3/14,10067025.95
1/2/14,15945573.44
1/1/14,5801531.88
12/31/13,6136683.508
12/30/13,5888482.563
12/29/13,9571647.8
12/28/13,5709053.231
12/27/13,8684724.903
12/26/13,4517004.005
12/25/13,14586203.71
12/24/13,3671203.115
12/23/13,10855499.65
12/22/13,7094014.169
12/21/13,11309057.7
12/20/13,38897908.97
12/19/13,20692457.08
12/18/13,42939133.93
12/17/13,40515364.8
12/16/13,49864735.08
12/15/13,18628897.86
12/14/13,13072901.4
12/13/13,7165449.734
12/12/13,13658135.91
12/11/13,22555749.31
12/10/13,30884927.59
12/9/13,18923485.84
12/8/13,56810719.12
12/7/13,19251155.34
12/6/13,71950734.3
12/5/13,16426079
12/4/13,56082558.28
12/3/13,14221497.14
12/2/13,58711378.97
12/1/13,62569704.16
11/30/13,26557474.57
11/29/13,37478428.35
11/28/13,25685288.72
11/27/13,41250395.88
11/26/13,18763528.08
11/25/13,27112782.87
11/24/13,10870023.15
11/23/13,19979749.2
11/22/13,17943616.95
11/21/13,20545165.63
11/20/13,39187621.53
11/19/13,29401413.76
11/18/13,51468001.29
11/17/13,7864793.286
11/16/13,9467000.461
11/15/13,13206368.47
11/14/13,15231842.91
11/13/13,13310930.63
11/12/13,13932937.4
11/11/13,22181780.64
11/10/13,11509222.61
11/9/13,20053910.84
11/8/13,14459640.09
11/7/13,14089013.93
11/6/13,13309556.21
11/5/13,6524796.758
11/4/13,8262453.13
11/3/13,5415906.619
11/2/13,1007872.67
11/1/13,1425709.179
10/31/13,1585174.846
10/30/13,1933511.04
10/29/13,4753775.279
10/28/13,2939387.244
10/27/13,1734472.389
10/26/13,1077352.425
10/25/13,2772752.643
10/24/13,4910689.602
10/23/13,10689265.33
10/22/13,4871058.714
10/21/13,2079827.719
10/20/13,4684998.815
10/19/13,1268467.971
10/18/13,2455437.914
10/17/13,3425207.879
10/16/13,2913283.143
10/15/13,2871306.822
10/14/13,1768501.459
10/13/13,3557089.219
10/12/13,999339.0609
10/11/13,876363.1469
10/10/13,992198.8937
10/9/13,1648226.716
10/8/13,2490305.309
10/7/13,1596909.125
10/6/13,356647.968
10/5/13,459914.1653
10/4/13,489851.7821
10/3/13,6292503.086
10/2/13,6188639.166
10/1/13,3104396.213
9/30/13,856731.9839
9/29/13,1537778.504
9/28/13,658253.6271
9/27/13,976549.2345
9/26/13,1434695.692
9/25/13,958266.7898
9/24/13,942716.1095
9/23/13,827226.364
9/22/13,915463.099
9/21/13,1291997.515
9/20/13,636144.7299
9/19/13,1354933.853
9/18/13,1146911.871
9/17/13,1290734.813
9/16/13,972721.507
9/15/13,1084304.924
9/14/13,842965.7545
9/13/13,1014870.331
9/12/13,2334960.369
9/11/13,2101228.44
9/10/13,1793640.21
9/9/13,644605.7192
9/8/13,2081076.571
9/7/13,630089.5453
9/6/13,2359078.683
9/5/13,1671586.683
9/4/13,3558189.523
9/3/13,1165618.108
9/2/13,1577335.621
9/1/13,1084020.806
8/31/13,2168732.964
8/30/13,2420599.192
8/29/13,1673618.204
8/28/13,2186360.586
8/27/13,1313735.339
8/26/13,2393060.757
8/25/13,471837.888
8/24/13,927782.8786
8/23/13,483357.3669
8/22/13,2642284.009
8/21/13,1576756.034
8/20/13,2178352.138
8/19/13,274252.698
8/18/13,1879331.073
8/17/13,494040.7063
8/16/13,935028.0256
8/15/13,808676.2738
8/14/13,1071052.506
8/13/13,2036034.864
8/12/13,2483614.525
8/11/13,820406.7421
8/10/13,1128720.356
8/9/13,510114.1874
8/8/13,1338741.043
8/7/13,1302961.334
8/6/13,931663.6252
8/5/13,1133582.422
8/4/13,875589.454
8/3/13,542437
8/2/13,847828.0858
8/1/13,4759776.738
7/31/13,1611370.637
7/30/13,5807821.226
7/29/13,4147378.935
7/28/13,3138902.231
7/27/13,3179627.376
7/26/13,2101653.41
7/25/13,1117117.722
7/24/13,2223482.501
7/23/13,758948.7766
7/22/13,2348345.512
7/21/13,693136.3709
7/20/13,2468011.32
7/19/13,1310049.798
7/18/13,2080220.959
7/17/13,1531533.434
7/16/13,1550144.179
7/15/13,1786082.597
7/14/13,3355722.86
7/13/13,1661401.506
7/12/13,3785155.406
7/11/13,5225816.736
7/10/13,6439647.311
7/9/13,1867056.473
7/8/13,3120555.75
7/7/13,5452234.268
7/6/13,2220238.982
7/5/13,5115546.095
7/4/13,3952252.568
7/3/13,7595580.482
7/2/13,4571517.66
7/1/13,3523000.564
6/30/13,3447066.136
6/29/13,4492672.991
6/28/13,3298354.375
6/27/13,3870268.176
6/26/13,9714068.226
6/25/13,1912907.614
6/24/13,9346237.418
6/23/13,779442.8125
6/22/13,1154882.481
6/21/13,938452.8359
6/20/13,1876004.19
6/19/13,4122616.93
6/18/13,2853373.546
6/17/13,860747.391
6/16/13,1345147.558
6/15/13,1265613.595
6/14/13,3144556.358
6/13/13,5432334.346
6/12/13,1087043.749
6/11/13,6803929.872
6/10/13,1603831.417
6/9/13,8842004.389
6/8/13,7339966.95
6/7/13,2521636.935
6/6/13,7662141.61
6/5/13,2722441.6
6/4/13,1779222.864
6/3/13,2955801.576
6/2/13,818734.065
6/1/13,11628005.84
5/31/13,1577293.262
5/30/13,2538895.212
5/29/13,2792371.232
5/28/13,1618565.514
5/27/13,3113915.535
5/26/13,2246642.665
5/25/13,3067074.383
5/24/13,2797850.216
5/23/13,4850475.801
5/22/13,2969063.307
5/21/13,2103682.149
5/20/13,1779133.885
5/19/13,1983151.43
5/18/13,10297629.42
5/17/13,4669566.863
5/16/13,9881054.599
5/15/13,9642025.12
5/14/13,19896442.95
5/13/13,3016444.632
5/12/13,3248609.05
5/11/13,2987755.491
5/10/13,3080022.315
5/9/13,7109505.829
5/8/13,6429884.361
5/7/13,9983220.032
5/6/13,9750629.967
5/5/13,12440874.37
5/4/13,10847146.7
5/3/13,24112587.64
5/2/13,24562503.67
5/1/13,30499232.36
4/30/13,10137883.83
4/29/13,7055592.914
4/28/13,9777728.436
4/27/13,17667770.71
4/26/13,6037557.542
4/25/13,32935614.49
4/24/13,16598713.5
4/23/13,33655839.34
4/22/13,12551729.74
4/21/13,9465886.875
4/20/13,12799768.49
4/19/13,6680545.512
4/18/13,30731043.62
4/17/13,14647188.45
4/16/13,27350449.77
4/15/13,28526787
4/14/13,25602974.77
4/13/13,25602974.77
4/12/13,15108183.78
4/11/13,31760658.93
4/10/13,29346237.84
4/9/13,21337456.88
4/8/13,25430811.28
4/7/13,18309092.08
4/6/13,9742177.06
4/5/13,4643979.476
4/4/13,9283812.07
4/3/13,9529646.066
4/2/13,17880111.12
4/1/13,8000595.471
3/31/13,3449440.625
3/30/13,1725894.65
3/29/13,4521524.954
3/28/13,6407562.912
3/27/13,5920328.803
3/26/13,6389386.81
3/25/13,3051700.022
3/24/13,5786993.344
3/23/13,3429027.037
3/22/13,6772093.678
3/21/13,4745058.656
3/20/13,7188542.118
3/19/13,3375507.498
3/18/13,8356380.371
3/17/13,902913.047
3/16/13,954491.447
3/15/13,933449.0692
3/14/13,862012.7766
3/13/13,8158211.534
3/12/13,2811125.16
3/11/13,7709790.448
3/10/13,2105337.524
3/9/13,1373787.192
3/8/13,2242168.318
3/7/13,5310771.9
3/6/13,7412289.29
3/5/13,5075535.417
3/4/13,429441.2275
3/3/13,1487782.646
3/2/13,387798.6561
3/1/13,4230277.517
2/28/13,2266380.423
2/27/13,3268705.12
2/26/13,813827.456
2/25/13,1311639.592
2/24/13,867820.9097
2/23/13,2043434.249
2/22/13,2413130.022
2/21/13,1711160.768
2/20/13,2938056.691
2/19/13,1461527.953
2/18/13,2571787.894
2/17/13,517118.5437
2/16/13,1537991.915
2/15/13,764706.2052
2/14/13,2173200.759
2/13/13,3899267.073
2/12/13,2220697.252
2/11/13,1348915.825
2/10/13,751784.8686
2/9/13,1258169.452
2/8/13,1206092.751
2/7/13,1206092.742
2/6/13,1206092.742
2/5/13,0
2/4/13,775701.4557
2/3/13,933639.8578
2/2/13,0
2/1/13,1940971.188
1/31/13,1100175.275
1/30/13,0
1/29/13,985244.2329
1/28/13,1886961.876
1/27/13,0
1/26/13,586354.5083
1/25/13,620998.9562
1/24/13,0
1/23/13,1933937.438
1/22/13,930942.435
1/21/13,0
1/20/13,937247.6551
1/19/13,436124.6306
1/18/13,0
1/17/13,1083797.531
1/16/13,817603.1721
1/15/13,0
1/14/13,729209.7322
1/13/13,321845.7602
1/12/13,0
1/11/13,635707.8366
1/10/13,525216.2705
1/9/13,0
1/8/13,413792.0283
1/7/13,642299.332
1/6/13,0
1/5/13,221086.8729
1/4/13,330088.301
1/3/13,0
1/2/13,289720.3244
1/1/13,185387.3591
12/31/12,0
12/30/12,245873.5891
12/29/12,91013.43537
12/28/12,0
12/27/12,295265.0316
12/26/12,261103.3005
12/25/12,0
12/24/12,205264.9155
12/23/12,217806.8098
12/22/12,0
12/21/12,255538.4505
12/20/12,392136.4522
12/19/12,0
12/18/12,358371.292
12/17/12,382479.8553
12/16/12,0
12/15/12,271442.2484
12/14/12,623933.4358
12/13/12,481296.666
12/12/12,481292.8009
12/11/12,371502.9356
12/10/12,0
12/9/12,332645.709
12/8/12,365629.4044
12/7/12,0
12/6/12,641634.9755
12/5/12,421549.6677
12/4/12,0
12/3/12,453902.3318
12/2/12,318586.5801
12/1/12,0
11/30/12,209191.9912
11/29/12,331048.9715
11/28/12,0
11/27/12,389726.8031
11/26/12,560148.265
11/25/12,0
11/24/12,311167.1739
11/23/12,273890.9239
11/22/12,0
11/21/12,632633.3113
11/20/12,238923.4526
11/19/12,0
11/18/12,251963.0138
11/17/12,185891.6868
11/16/12,0
11/15/12,800300.4831
11/14/12,309778.4123
11/13/12,0
11/12/12,183274.8953
11/11/12,446622.7884
11/10/12,0
11/9/12,155136.1103
11/8/12,201205.421
11/7/12,0
11/6/12,371817.8938
11/5/12,255683.3183
11/4/12,0
11/3/12,124956.2593
11/2/12,173907.5999
11/1/12,0
10/31/12,362027.4448
10/30/12,388650.3829
10/29/12,0
10/28/12,475257.6128
10/27/12,171520.1075
10/26/12,0
10/25/12,1097740.375
10/24/12,767514.0565
10/23/12,0
10/22/12,554136.5743
10/21/12,363254.8376
10/20/12,0
10/19/12,279328.4676
10/18/12,303574.5012
10/17/12,0
10/16/12,509839.9098
10/15/12,273315.2557
10/14/12,0
10/13/12,158414.6511
10/12/12,174942.482
10/11/12,0
10/10/12,281366.8266
10/9/12,335935.7236
10/8/12,0
10/7/12,1197548.758
10/6/12,801645.4796
10/5/12,0
10/4/12,518737.5278
10/3/12,420087.957
10/2/12,0
10/1/12,600613.7532
9/30/12,235193.5658
9/29/12,0
9/28/12,258006.81
9/27/12,323116.9474
9/26/12,0
9/25/12,270621.5745
9/24/12,311960.8654
9/23/12,0
9/22/12,446867.4408
9/21/12,215428.5683
9/20/12,0
9/19/12,382997.5767
9/18/12,583585.7951
9/17/12,0
9/16/12,268742.5366
9/15/12,377179.017
9/14/12,0
9/13/12,472220.1332
9/12/12,332370.4715
9/11/12,0
9/10/12,419908.0042
9/9/12,407288.7047
9/8/12,0
9/7/12,339342.7829
9/6/12,526861.5283
9/5/12,0
9/4/12,282718.7078
9/3/12,356674.5596
9/2/12,0
9/1/12,199716.4177
8/31/12,601947.7815
8/30/12,0
8/29/12,423186.0596
8/28/12,689356.9251
8/27/12,0
8/26/12,1638081.553
8/25/12,339698.6472
8/24/12,0
8/23/12,471155.052
8/22/12,641114.6952
8/21/12,0
8/20/12,730786.4691
8/19/12,2746175.556
8/18/12,0
8/17/12,3208627.497
8/16/12,1444851.129
8/15/12,0
8/14/12,661329.7594
8/13/12,743549.8127
8/12/12,0
8/11/12,289226.2086
8/10/12,367448.1805
8/9/12,0
8/8/12,915898.3725
8/7/12,461723.2775
8/6/12,0
8/5/12,709410.2025
8/4/12,575889.6032
8/3/12,0
8/2/12,1553677.205
8/1/12,528962.9196
7/31/12,0
7/30/12,695638.6957
7/29/12,405296.1211
7/28/12,0
7/27/12,194334.796
7/26/12,237103.6034
7/25/12,0
7/24/12,350256.9335
7/23/12,398218.9395
7/22/12,0
7/21/12,300378.076
7/20/12,1350688.654
7/19/12,0
7/18/12,433033.3044
7/17/12,1061472.884
7/16/12,0
7/15/12,608643.1242
7/14/12,145251.8243
7/13/12,0
7/12/12,748966.0561
7/11/12,251974.9943
7/10/12,0
7/9/12,588869.6411
7/8/12,227316.5827
7/7/12,0
7/6/12,198336.5653
7/5/12,242774.8014
7/4/12,0
7/3/12,250947.4187
7/2/12,477182.2442
7/1/12,0
6/30/12,156167.1319
6/29/12,155703.3111
6/28/12,0
6/27/12,333193.5698
6/26/12,228544.0393
6/25/12,0
6/24/12,359578.5932
6/23/12,210829.487
6/22/12,0
6/21/12,399950.8889
6/20/12,406421.8574
6/19/12,0
6/18/12,307427.0329
6/17/12,419938.0251
6/16/12,0
6/15/12,649100.0952
6/14/12,312361.6534
6/13/12,0
6/12/12,354203.3934
6/11/12,432563.4298
6/10/12,0
6/9/12,195814.1463
6/8/12,164232.1965
6/7/12,0
6/6/12,290691.9252
6/5/12,152083.6535
6/4/12,0
6/3/12,206747.0341
6/2/12,65399.83094
6/1/12,0
5/31/12,248544.5508
5/30/12,199788.7369
5/29/12,0
5/28/12,314474.6789
5/27/12,121688.8806
5/26/12,0
5/25/12,108596.3918
5/24/12,103589.3168
5/23/12,0
5/22/12,311516.2377
5/21/12,222442.3503
5/20/12,0
5/19/12,91465.90034
5/18/12,148239.4809
5/17/12,0
5/16/12,249436.7234
5/15/12,282259.9538
5/14/12,0
5/13/12,216470.6714
5/12/12,93828.23455
5/11/12,0
5/10/12,419431.8836
5/9/12,197645.3574
5/8/12,0
5/7/12,354303.6779
5/6/12,211685.0672
5/5/12,0
5/4/12,164735.2775
5/3/12,170522.1556
5/2/12,0
5/1/12,510833.5832
4/30/12,190453.7852
4/29/12,0
4/28/12,110804.1281
4/27/12,479852.2014
4/26/12,0
4/25/12,312026.8611
4/24/12,200035.853
4/23/12,0
4/22/12,175572.3554
4/21/12,177455.1074
4/20/12,0
4/19/12,251079.2711
4/18/12,208230.2511
4/17/12,0
4/16/12,162666.8532
4/15/12,143852.4783
4/14/12,0
4/13/12,453609.727
4/12/12,393935.3423
4/11/12,0
4/10/12,211884.2384
4/9/12,279791.1635
4/8/12,0
4/7/12,268961.9624
4/6/12,410663.8892
4/5/12,0
4/4/12,181999.0409
4/3/12,305609.3167
4/2/12,0
4/1/12,363920.4357
3/31/12,174322.4634
3/30/12,0
3/29/12,163903.6182
3/28/12,186601.0914
3/27/12,0
3/26/12,282240.2801
3/25/12,330843.538
3/24/12,0
3/23/12,214667.0304
3/22/12,335345.6423
3/21/12,0
3/20/12,246229.4882
3/19/12,763389.5205
3/18/12,0
3/17/12,212994.984
3/16/12,149637.9573
3/15/12,0
3/14/12,260320.8389
3/13/12,373636.8875
3/12/12,0
3/11/12,111077.9077
3/10/12,202433.0228
3/9/12,0
3/8/12,202271.8185
3/7/12,253573.6222
3/6/12,0
3/5/12,208535.2821
3/4/12,387615.2426
3/3/12,0
3/2/12,197621.9374
3/1/12,673421.5188
2/29/12,0
2/28/12,209114.02
2/27/12,269874.5993
2/26/12,0
2/25/12,390657.3027
2/24/12,338506.4553
2/23/12,0
2/22/12,681747.659
2/21/12,382274.6364
2/20/12,0
2/19/12,279579.9735
2/18/12,157343.7457
2/17/12,0
2/16/12,689769.4893
2/15/12,1022854.932
2/14/12,0
2/13/12,1595943.967
2/12/12,1150509.005
2/11/12,0
2/10/12,166725.3473
2/9/12,501592.2748
2/8/12,0
2/7/12,1410604.19
2/6/12,499825.8721
2/5/12,0
2/4/12,703127.2044
2/3/12,151418.2892
2/2/12,0
2/1/12,858000.3099
1/31/12,281803.0635
1/30/12,0
1/29/12,281662.5501
1/28/12,299939.3613
1/27/12,0
1/26/12,825301.8324
1/25/12,996019.801
1/24/12,0
1/23/12,211725.8412
1/22/12,259120.9726
1/21/12,0
1/20/12,446998.4078
1/19/12,601985.1547
1/18/12,0
1/17/12,2327006.607
1/16/12,929941.5205
1/15/12,0
1/14/12,608385.0404
1/13/12,781797.2917
1/12/12,0
1/11/12,909030.2954
1/10/12,841167.1055
1/9/12,0
1/8/12,935777.4587
1/7/12,428239.4351
1/6/12,0
1/5/12,1888020.116
1/4/12,1054656.818
1/3/12,0
1/2/12,557476.6023
1/1/12,594783.3445
12/31/11,0
12/30/11,648541.6974
12/29/11,184602.2164
12/28/11,0
12/27/11,165417.159
12/26/11,153015.1924
12/25/11,0
12/24/11,350822.3377
12/23/11,72107.95879
12/22/11,0
12/21/11,257009.4331
12/20/11,418278.254
12/19/11,0
12/18/11,510063.2773
12/17/11,53711.28428
12/16/11,0
12/15/11,182288.1946
12/14/11,74118.04567
12/13/11,0
12/12/11,118072.7348
12/11/11,189891.3843
12/10/11,0
12/9/11,176107.9626
12/8/11,135255.8988
12/7/11,0
12/6/11,197024.8056
12/5/11,192633.828
12/4/11,0
12/3/11,432545.7434
12/2/11,279870.2732
12/1/11,0
11/30/11,360947.2758
11/29/11,302525.5919
11/28/11,0
11/27/11,128670.557
11/26/11,64291.63827
11/25/11,0
11/24/11,207195.9862
11/23/11,132862.1165
11/22/11,0
11/21/11,112267.6325
11/20/11,110200.9992
11/19/11,0
11/18/11,348626.4775
11/17/11,99253.80016
11/16/11,0
11/15/11,101963.9349
11/14/11,333163.4252
11/13/11,0
11/12/11,39810.35519
11/11/11,149387.0976
11/10/11,0
11/9/11,88246.85011
11/8/11,195261.7689
11/7/11,0
11/6/11,53845.95934
11/5/11,68710.57265
11/4/11,0
11/3/11,149101.0489
11/2/11,97206.22583
11/1/11,0
10/31/11,167162.9552
10/30/11,115362.0627
10/29/11,0
10/28/11,327611.7091
10/27/11,223321.463
10/26/11,0
10/25/11,117365.3706
10/24/11,459931.2838
10/23/11,0
10/22/11,230988.733
10/21/11,335137.9987
10/20/11,0
10/19/11,194787.1084
10/18/11,256867.5562
10/17/11,0
10/16/11,727239.476
10/15/11,113985.412
10/14/11,0
10/13/11,58437.56301
10/12/11,194858.3594
10/11/11,0
10/10/11,198806.0869
10/9/11,93576.43231
10/8/11,0
10/7/11,425654.8027
10/6/11,360869.565
10/5/11,0
10/4/11,115499.1994
10/3/11,87686.97388
10/2/11,0
10/1/11,76098.02244
9/30/11,163317.7511
9/29/11,0
9/28/11,83638.13744
9/27/11,154405.3659
9/26/11,0
9/25/11,322391.3195
9/24/11,48793.09641
9/23/11,0
9/22/11,372082.415
9/21/11,289696.5827
9/20/11,0
9/19/11,913547.3174
9/18/11,365598.1146
9/17/11,0
9/16/11,113053.9557
9/15/11,442696.3234
9/14/11,0
9/13/11,242072.0653
9/12/11,304159.0273
9/11/11,0
9/10/11,773062.6264
9/9/11,490142.6879
9/8/11,0
9/7/11,182464.8717
9/6/11,413541.1551
9/5/11,0
9/4/11,296955.3608
9/3/11,109977.6106
9/2/11,0
9/1/11,127135.5555
8/31/11,211483.5531
8/30/11,0
8/29/11,159144.9525
8/28/11,210157.7512
8/27/11,0
8/26/11,621389.9273
8/25/11,608901.5486
8/24/11,0
8/23/11,118411.1181
8/22/11,217915.1273
8/21/11,0
8/20/11,130225.8231
8/19/11,154262.6194
8/18/11,0
8/17/11,227917.6117
8/16/11,209621.6487
8/15/11,0
8/14/11,465471.5704
8/13/11,555156.5949
8/12/11,0
8/11/11,678838.9159
8/10/11,408626.9637
8/9/11,0
8/8/11,1306372.617
8/7/11,619865.163
8/6/11,0
8/5/11,808869.7757
8/4/11,298068.8428
8/3/11,0
8/2/11,1260186.177
8/1/11,652208.5103
7/31/11,0
7/30/11,701179.9118
7/29/11,86919.73407
7/28/11,0
7/27/11,340784.7776
7/26/11,202130.4026
7/25/11,0
7/24/11,663203.1026
7/23/11,311925.4164
7/22/11,0
7/21/11,291788.1427
7/20/11,493514.4467
7/19/11,0
7/18/11,1463548.752
7/17/11,622348.6531
7/16/11,0
7/15/11,407703.3047
7/14/11,300478.643
7/13/11,0
7/12/11,175243.2102
7/11/11,455700.6471
7/10/11,0
7/9/11,550092.9019
7/8/11,246364.949
7/7/11,0
7/6/11,1312709.668
7/5/11,2035936.1
7/4/11,0
7/3/11,599886.6341
7/2/11,310853.0866
7/1/11,0
6/30/11,736390.2677
6/29/11,375638.6748
6/28/11,0
6/27/11,481289.4082
6/26/11,875474.8608
6/25/11,0
6/24/11,99286.98461
6/23/11,86390.36377
6/22/11,0
6/21/11,42548.57152
6/20/11,71189.92006
6/19/11,0
6/18/11,835714.0241
6/17/11,1024462.407
6/16/11,0
6/15/11,618741.727
6/14/11,600490.1123
6/13/11,0
6/12/11,1460526.193
6/11/11,5850718.501
6/10/11,0
6/9/11,2004325.645
6/8/11,2910528.464
6/7/11,0
6/6/11,515246.4069
6/5/11,1094079.927
6/4/11,0
6/3/11,889343.609
6/2/11,930152.08
6/1/11,0
5/31/11,395779.1685
5/30/11,331557.8397
5/29/11,0
5/28/11,73005.9777
5/27/11,117323.8992
5/26/11,0
5/25/11,658607.9468
5/24/11,246555.9135
5/23/11,0
5/22/11,288515.5913
5/21/11,147282.9492
5/20/11,0
5/19/11,174854.9873
5/18/11,179823.7757
5/17/11,0
5/16/11,285797.8916
5/15/11,359376.634
5/14/11,0
5/13/11,321728.0758
5/12/11,541303.544
5/11/11,0
5/10/11,346483.6308
5/9/11,228989.8988
5/8/11,0
5/7/11,73003.7451
5/6/11,51864.1247
5/5/11,0
5/4/11,50318.7615
5/3/11,68236.02436
5/2/11,0
5/1/11,85422.87474
4/30/11,195812.795
4/29/11,0
4/28/11,104007.1833
4/27/11,265782.0919
4/26/11,0
4/25/11,35059.82189
4/24/11,26232.86112
4/23/11,0
4/22/11,76280.47402
4/21/11,56032.20504
4/20/11,0
4/19/11,27024.70546
4/18/11,16394.59311
4/17/11,0
4/16/11,16441.2871
4/15/11,29328.49862
4/14/11,0
4/13/11,10783.304
4/12/11,51759.955
4/11/11,0
4/10/11,8787.720623
4/9/11,2297.66462
4/8/11,0
4/7/11,16425.09653
4/6/11,8755.861861
4/5/11,0
4/4/11,11855.01058
4/3/11,16756.83852
4/2/11,0
4/1/11,1753.241551
3/31/11,2950.920536
3/30/11,0
3/29/11,3247.31265
3/28/11,2924.272
3/27/11,0
3/26/11,7058.944311
3/25/11,8677.64499
3/24/11,0
3/23/11,12734.6094
3/22/11,11509.47175
3/21/11,0
3/20/11,3606.928926
3/19/11,7317.32523
3/18/11,0
3/17/11,11914.83645
3/16/11,9103.18376
3/15/11,0
3/14/11,2533.623518
3/13/11,4165.4682
3/12/11,0
3/11/11,4060.443311
3/10/11,8949.118456
3/9/11,0
3/8/11,2922.430227
3/7/11,4025.874182
3/6/11,0
3/5/11,17230.29271
3/4/11,2600.968577
3/3/11,0
3/2/11,2784.31854
3/1/11,2016.058777
2/28/11,0
2/27/11,5746.40242
2/26/11,21026.42112
2/25/11,0
2/24/11,11143.499
2/23/11,6298.210311
2/22/11,0
2/21/11,4681.003514
2/20/11,2384.471576
2/19/11,0
2/18/11,33133.5831
2/17/11,8823.617616
2/16/11,0
2/15/11,5520.733309
2/14/11,11014.97534
2/13/11,0
2/12/11,4282.82532
2/11/11,10715.07284
2/10/11,0
2/9/11,72060.0309
2/8/11,8980.208435
2/7/11,0
2/6/11,6098.378769
2/5/11,4343.53712
2/4/11,0
2/3/11,28553.00976
2/2/11,6046.44375
2/1/11,0
1/31/11,70422.8274
1/30/11,5127.3955
1/29/11,0
1/28/11,1534.340796
1/27/11,12566.61135
1/26/11,0
1/25/11,3600.406625
1/24/11,2972.04455
1/23/11,0
1/22/11,1393.725114
1/21/11,3326.660348
1/20/11,0
1/19/11,6592.028678
1/18/11,5956.860343
1/17/11,0
1/16/11,2393.5536
1/15/11,410.5024
1/14/11,0
1/13/11,15553.8252
1/12/11,5852.6631
1/11/11,0
1/10/11,1335.411987
1/9/11,3418.867984
1/8/11,0
1/7/11,1273.388302
1/6/11,13047.28158
1/5/11,0
1/4/11,57.81395428
1/3/11,789.5440973
1/2/11,0
1/1/11,706.3084824
12/31/10,985.6248291
12/30/10,0
12/29/10,363.286489
12/28/10,5364.534574
12/27/10,0
12/26/10,438.29675
12/25/10,4465.505361
12/24/10,0
12/23/10,1157.69375
12/22/10,1402.2805
12/21/10,0
12/20/10,283.3972462
12/19/10,2878.022125
12/18/10,0
12/17/10,79.288323
12/16/10,3277.436205
12/15/10,0
12/14/10,2067.630181
12/13/10,1234.35273
12/12/10,0
12/11/10,364.608024
12/10/10,1424.973095
12/9/10,0
12/8/10,4996.93585
12/7/10,2957.227137
12/6/10,0
12/5/10,1371.816
12/4/10,2472.8862
12/3/10,0
12/2/10,1371.195876
12/1/10,4686.9295
11/30/10,0
11/29/10,9022.0251
11/28/10,9227.324034
11/27/10,0
11/26/10,969.80059
11/25/10,9325.741
11/24/10,0
11/23/10,1361.74788
11/22/10,4704.8618
11/21/10,0
11/20/10,429.78
11/19/10,3988.778
11/18/10,0
11/17/10,7452.684301
11/16/10,6985.16
11/15/10,0
11/14/10,1380.6296
11/13/10,4980.443
11/12/10,0
11/11/10,3416.612
11/10/10,3077.28
11/9/10,0
11/8/10,24843.3784
11/7/10,34757.8
11/6/10,0
11/5/10,8351.71
11/4/10,6805.4832
11/3/10,0
11/2/10,13665.025
11/1/10,3516.0675
10/31/10,0
10/30/10,9809.904
10/29/10,3084.6006
10/28/10,0
10/27/10,5242.94593
10/26/10,10365.07
10/25/10,0
10/24/10,3248.4
10/23/10,2612.88
10/22/10,0
10/21/10,3208.716
10/20/10,4883.963
10/19/10,0
10/18/10,2060.5952
10/17/10,1003.941
10/16/10,0
10/15/10,592.633
10/14/10,2436.406
10/13/10,0
10/12/10,3432.92
10/11/10,2558.556
10/10/10,0
10/9/10,9321.6
10/8/10,20848.1372
10/7/10,0
10/6/10,1900.7296
10/5/10,1241.1231
10/4/10,0
10/3/10,1443.236
10/2/10,423.353
10/1/10,0
9/30/10,358.540217
9/29/10,895.79664
9/28/10,0
9/27/10,537.80096
9/26/10,990.132902
9/25/10,0
9/24/10,129.7296
9/23/10,197.41183
9/22/10,0
9/21/10,415.6104
9/20/10,432.5289
9/19/10,0
9/18/10,730.655528
9/17/10,442.9866
9/16/10,0
9/15/10,51.3151
9/14/10,1035.825
9/13/10,0
9/12/10,92.76696
9/11/10,494.382394
9/10/10,0
9/9/10,315.38286
9/8/10,167.2944
9/7/10,0
9/6/10,134.3382
9/5/10,432
9/4/10,0
9/3/10,96.1797
9/2/10,521.5918
9/1/10,0
8/31/10,1019.7088
8/30/10,333.23113
8/29/10,0
8/28/10,195.4368
8/27/10,397.41
8/26/10,0
8/25/10,366.608987
8/24/10,190.6555
8/23/10,0
8/22/10,264.132
8/21/10,1295.1984
8/20/10,0
8/19/10,227.1802
8/18/10,194.4288
8/17/10,0
8/16/10,825.9829
8/15/10,0
8/14/10,0
8/13/10,0
8/12/10,0
8/11/10,0
8/10/10,0
8/9/10,0
8/8/10,0
8/7/10,0
8/6/10,0
8/5/10,0
8/4/10,0
8/3/10,0
8/2/10,0
8/1/10,0
7/31/10,0
7/30/10,0
7/29/10,0
7/28/10,0
7/27/10,0
7/26/10,0
7/25/10,0
7/24/10,0
7/23/10,0
7/22/10,0
7/21/10,0
7/20/10,0
7/19/10,0
7/18/10,0
7/17/10,0
7/16/10,0
7/15/10,0
7/14/10,0
7/13/10,0
7/12/10,0
7/11/10,0
7/10/10,0
7/9/10,0
7/8/10,0
7/7/10,0
7/6/10,0
7/5/10,0
7/4/10,0
7/3/10,0
7/2/10,0
7/1/10,0
6/30/10,0
6/29/10,0
6/28/10,0
6/27/10,0
6/26/10,0
6/25/10,0
6/24/10,0
6/23/10,0
6/22/10,0
6/21/10,0
6/20/10,0
6/19/10,0
6/18/10,0
6/17/10,0
6/16/10,0
6/15/10,0
6/14/10,0
6/13/10,0
6/12/10,0
6/11/10,0
6/10/10,0
6/9/10,0
6/8/10,0
6/7/10,0
6/6/10,0
6/5/10,0
6/4/10,0
6/3/10,0
6/2/10,0
6/1/10,0
5/31/10,0
5/30/10,0
5/29/10,0
5/28/10,0
5/27/10,0
5/26/10,0
5/25/10,0
5/24/10,0
5/23/10,0
5/22/10,0
5/21/10,0
5/20/10,0
5/19/10,0
5/18/10,0
5/17/10,0
5/16/10,0
5/15/10,0
5/14/10,0
5/13/10,0
5/12/10,0
5/11/10,0
5/10/10,0
5/9/10,0
5/8/10,0
5/7/10,0
5/6/10,0
5/5/10,0
5/4/10,0
5/3/10,0
5/2/10,0
5/1/10,0
4/30/10,0
4/29/10,0
4/28/10,0
4/27/10,0
4/26/10,0
4/25/10,0
4/24/10,0
4/23/10,0
4/22/10,0
4/21/10,0
4/20/10,0
4/19/10,0
4/18/10,0
4/17/10,0
4/16/10,0
4/15/10,0
4/14/10,0
4/13/10,0
4/12/10,0
4/11/10,0
4/10/10,0
4/9/10,0
4/8/10,0
4/7/10,0
4/6/10,0
4/5/10,0
4/4/10,0
4/3/10,0
4/2/10,0
4/1/10,0
3/31/10,0
3/30/10,0
3/29/10,0
3/28/10,0
3/27/10,0
3/26/10,0
3/25/10,0
3/24/10,0
3/23/10,0
3/22/10,0
3/21/10,0
3/20/10,0
3/19/10,0
3/18/10,0
3/17/10,0
3/16/10,0
3/15/10,0
3/14/10,0
3/13/10,0
3/12/10,0
3/11/10,0
3/10/10,0
3/9/10,0
3/8/10,0
3/7/10,0
3/6/10,0
3/5/10,0
3/4/10,0
3/3/10,0
3/2/10,0
3/1/10,0
2/28/10,0
2/27/10,0
2/26/10,0
2/25/10,0
2/24/10,0
2/23/10,0
2/22/10,0
2/21/10,0
2/20/10,0
2/19/10,0
2/18/10,0
2/17/10,0
2/16/10,0
2/15/10,0
2/14/10,0
2/13/10,0
2/12/10,0
2/11/10,0
2/10/10,0
2/9/10,0
2/8/10,0
2/7/10,0
2/6/10,0
2/5/10,0
2/4/10,0
2/3/10,0
2/2/10,0
2/1/10,0
1/31/10,0
1/30/10,0
1/29/10,0
1/28/10,0
1/27/10,0
1/26/10,0
1/25/10,0
1/24/10,0
1/23/10,0
1/22/10,0
1/21/10,0
1/20/10,0
1/19/10,0
1/18/10,0
1/17/10,0
1/16/10,0
1/15/10,0
1/14/10,0
1/13/10,0
1/12/10,0
1/11/10,0
1/10/10,0
1/9/10,0
1/8/10,0
1/7/10,0
1/6/10,0
1/5/10,0
1/4/10,0
1/3/10,0
1/2/10,0
1/1/10,0
12/31/09,0
12/30/09,0
12/29/09,0
12/28/09,0
12/27/09,0
12/26/09,0
12/25/09,0
12/24/09,0
12/23/09,0
12/22/09,0
12/21/09,0
12/20/09,0
12/19/09,0
12/18/09,0
12/17/09,0
12/16/09,0
12/15/09,0
12/14/09,0
12/13/09,0
12/12/09,0
12/11/09,0
12/10/09,0
12/9/09,0
12/8/09,0
12/7/09,0
12/6/09,0
12/5/09,0
12/4/09,0
12/3/09,0
12/2/09,0
12/1/09,0
11/30/09,0
11/29/09,0
11/28/09,0
11/27/09,0
11/26/09,0
11/25/09,0
11/24/09,0
11/23/09,0
11/22/09,0
11/21/09,0
11/20/09,0
11/19/09,0
11/18/09,0
11/17/09,0
11/16/09,0
11/15/09,0
11/14/09,0
11/13/09,0
11/12/09,0
11/11/09,0
11/10/09,0
11/9/09,0
11/8/09,0
11/7/09,0
11/6/09,0
11/5/09,0
11/4/09,0
11/3/09,0
11/2/09,0
11/1/09,0
10/31/09,0
10/30/09,0
10/29/09,0
10/28/09,0
10/27/09,0
10/26/09,0
10/25/09,0
10/24/09,0
10/23/09,0
10/22/09,0
10/21/09,0
10/20/09,0
10/19/09,0
10/18/09,0
10/17/09,0
10/16/09,0
10/15/09,0
10/14/09,0
10/13/09,0
10/12/09,0
10/11/09,0
10/10/09,0
10/9/09,0
10/8/09,0
10/7/09,0
10/6/09,0
10/5/09,0
10/4/09,0
10/3/09,0
10/2/09,0
10/1/09,0
9/30/09,0
9/29/09,0
9/28/09,0
9/27/09,0
9/26/09,0
9/25/09,0
9/24/09,0
9/23/09,0
9/22/09,0
9/21/09,0
9/20/09,0
9/19/09,0
9/18/09,0
9/17/09,0
9/16/09,0
9/15/09,0
9/14/09,0
9/13/09,0
9/12/09,0
9/11/09,0
9/10/09,0
9/9/09,0
9/8/09,0
9/7/09,0
9/6/09,0
9/5/09,0
9/4/09,0
9/3/09,0
9/2/09,0
9/1/09,0
8/31/09,0
8/30/09,0
8/29/09,0
8/28/09,0
8/27/09,0
8/26/09,0
8/25/09,0
8/24/09,0
8/23/09,0
8/22/09,0
8/21/09,0
8/20/09,0
8/19/09,0
8/18/09,0
8/17/09,0
8/16/09,0
8/15/09,0
8/14/09,0
8/13/09,0
8/12/09,0
8/11/09,0
8/10/09,0
8/9/09,0
8/8/09,0
8/7/09,0
8/6/09,0
8/5/09,0
8/4/09,0
8/3/09,0
8/2/09,0
8/1/09,0
7/31/09,0
7/30/09,0
7/29/09,0
7/28/09,0
7/27/09,0
7/26/09,0
7/25/09,0
7/24/09,0
7/23/09,0
7/22/09,0
7/21/09,0
7/20/09,0
7/19/09,0
7/18/09,0
7/17/09,0
7/16/09,0
7/15/09,0
7/14/09,0
7/13/09,0
7/12/09,0
7/11/09,0
7/10/09,0
7/9/09,0
7/8/09,0
7/7/09,0
7/6/09,0
7/5/09,0
7/4/09,0
7/3/09,0
7/2/09,0
7/1/09,0
6/30/09,0
6/29/09,0
6/28/09,0
6/27/09,0
6/26/09,0
6/25/09,0
6/24/09,0
6/23/09,0
6/22/09,0
6/21/09,0
6/20/09,0
6/19/09,0
6/18/09,0
6/17/09,0
6/16/09,0
6/15/09,0
6/14/09,0
6/13/09,0
6/12/09,0
6/11/09,0
6/10/09,0
6/9/09,0
6/8/09,0
6/7/09,0
6/6/09,0
6/5/09,0
6/4/09,0
6/3/09,0
6/2/09,0
6/1/09,0
5/31/09,0
5/30/09,0
5/29/09,0
5/28/09,0
5/27/09,0
5/26/09,0
5/25/09,0
5/24/09,0
5/23/09,0
5/22/09,0
5/21/09,0
5/20/09,0
5/19/09,0
5/18/09,0
5/17/09,0
5/16/09,0
5/15/09,0
5/14/09,0
5/13/09,0
5/12/09,0
5/11/09,0
5/10/09,0
5/9/09,0
5/8/09,0
5/7/09,0
5/6/09,0
5/5/09,0
5/4/09,0
5/3/09,0
5/2/09,0
5/1/09,0
4/30/09,0
4/29/09,0
4/28/09,0
4/27/09,0
4/26/09,0
4/25/09,0
4/24/09,0
4/23/09,0
4/22/09,0
4/21/09,0
4/20/09,0
4/19/09,0
4/18/09,0
4/17/09,0
4/16/09,0
4/15/09,0
4/14/09,0
4/13/09,0
4/12/09,0
4/11/09,0
4/10/09,0
4/9/09,0
4/8/09,0
4/7/09,0
4/6/09,0
4/5/09,0
4/4/09,0
4/3/09,0
4/2/09,0
4/1/09,0
3/31/09,0
3/30/09,0
3/29/09,0
3/28/09,0
3/27/09,0
3/26/09,0
3/25/09,0
3/24/09,0
3/23/09,0
3/22/09,0
3/21/09,0
3/20/09,0
3/19/09,0
3/18/09,0
3/17/09,0
3/16/09,0
3/15/09,0
3/14/09,0
3/13/09,0
3/12/09,0
3/11/09,0
3/10/09,0
3/9/09,0
3/8/09,0
3/7/09,0
3/6/09,0
3/5/09,0
3/4/09,0
3/3/09,0
3/2/09,0
3/1/09,0
2/28/09,0
2/27/09,0
2/26/09,0
2/25/09,0
2/24/09,0
2/23/09,0
2/22/09,0
2/21/09,0
2/20/09,0
2/19/09,0
2/18/09,0
2/17/09,0
2/16/09,0
2/15/09,0
2/14/09,0
2/13/09,0
2/12/09,0
2/11/09,0
2/10/09,0
2/9/09,0
2/8/09,0
2/7/09,0
2/6/09,0
2/5/09,0
2/4/09,0
2/3/09,0
2/2/09,0
2/1/09,0
1/31/09,0
1/30/09,0
1/29/09,0
1/28/09,0
1/27/09,0
1/26/09,0
1/25/09,0
1/24/09,0
1/23/09,0
1/22/09,0
1/21/09,0
1/20/09,0
1/19/09,0
1/18/09,0
1/17/09,0
1/16/09,0
1/15/09,0
1/14/09,0
1/13/09,0
1/12/09,0
1/11/09,0
1/10/09,0
1/9/09,0
1/8/09,0
1/7/09,0
1/6/09,0
1/5/09,0
1/4/09,0
1/3/09,0
1/2/09,0