Date,Cost
11/27/22,64.48326293
11/26/22,50.81653651
11/25/22,50.81546634
11/24/22,54.37631882
11/23/22,54.4864773
11/22/22,51.20463662
11/21/22,49.44656242
11/20/22,69.27095981
11/19/22,60.34793829
11/18/22,54.1177089
11/17/22,60.25401315
11/16/22,60.5046283
11/15/22,59.78419642
11/14/22,53.32737585
11/13/22,60.24893973
11/12/22,74.70762887
11/11/22,51.22714826
11/10/22,54.51511546
11/9/22,57.33466855
11/8/22,68.89903436
11/7/22,71.93285434
11/6/22,82.71922615
11/5/22,79.61934092
11/4/22,60.72670831
11/3/22,70.93847204
11/2/22,61.84662538
11/1/22,67.94404851
10/31/22,79.15946796
10/30/22,79.97504423
10/29/22,74.76065778
10/28/22,72.98688347
10/27/22,66.34845602
10/26/22,66.62480518
10/25/22,61.41038349
10/24/22,63.15696012
10/23/22,86.3672381
10/22/22,70.72871115
10/21/22,69.52642424
10/20/22,67.44737812
10/19/22,70.29034212
10/18/22,68.32113659
10/17/22,70.78870863
10/16/22,81.84992322
10/15/22,76.86351281
10/14/22,67.97755437
10/13/22,61.68723668
10/12/22,63.33652623
10/11/22,73.06486292
10/10/22,79.20038366
10/9/22,92.88340412
10/8/22,91.78702036
10/7/22,78.9431766
10/6/22,72.74853345
10/5/22,83.21639576
10/4/22,73.53422343
10/3/22,68.74111669
10/2/22,89.16383518
10/1/22,92.18706334
9/30/22,73.12059389
9/29/22,65.93007404
9/28/22,68.90723595
9/27/22,60.32825757
9/26/22,71.33735863
9/25/22,83.39122623
9/24/22,77.35993062
9/23/22,58.23414926
9/22/22,62.67732087
9/21/22,65.32312765
9/20/22,68.75145873
9/19/22,61.91988994
9/18/22,92.17059159
9/17/22,87.5049807
9/16/22,61.81417262
9/15/22,67.58042008
9/14/22,60.6347638
9/13/22,72.58668759
9/12/22,79.77799164
9/11/22,114.1659728
9/10/22,87.85220608
9/9/22,66.72493049
9/8/22,59.27385043
9/7/22,66.06315314
9/6/22,66.05618115
9/5/22,76.81642995
9/4/22,102.6773216
9/3/22,76.27399271
9/2/22,61.24811511
9/1/22,65.36523992
8/31/22,72.09137727
8/30/22,78.71303792
8/29/22,78.55985682
8/28/22,99.92384138
8/27/22,81.70239348
8/26/22,89.85718281
8/25/22,83.35804293
8/24/22,77.12139539
8/23/22,90.45986072
8/22/22,78.20838998
8/21/22,95.69309732
8/20/22,89.37620926
8/19/22,88.04986522
8/18/22,73.39893946
8/17/22,77.371592
8/16/22,81.96974442
8/15/22,91.95384519
8/14/22,100.13114
8/13/22,92.57282771
8/12/22,85.82712022
8/11/22,75.86055461
8/10/22,83.33896658
8/9/22,83.91101634
8/8/22,84.45005753
8/7/22,118.9025151
8/6/22,99.46568929
8/5/22,82.09903248
8/4/22,68.81315477
8/3/22,75.64497105
8/2/22,85.50462421
8/1/22,80.35372868
7/31/22,109.0563875
7/30/22,84.52931476
7/29/22,78.7072368
7/28/22,72.22348749
7/27/22,87.67869077
7/26/22,80.5954883
7/25/22,78.70329525
7/24/22,112.2837733
7/23/22,97.9625837
7/22/22,74.41346044
7/21/22,75.71706482
7/20/22,73.56587645
7/19/22,71.34181499
7/18/22,73.8368916
7/17/22,83.00139438
7/16/22,86.67807561
7/15/22,70.43964004
7/14/22,56.84636845
7/13/22,62.55502921
7/12/22,68.86188893
7/11/22,70.06535713
7/10/22,104.1629827
7/9/22,83.80977085
7/8/22,76.8084382
7/7/22,74.15255126
7/6/22,62.07633215
7/5/22,61.6063162
7/4/22,73.6753397
7/3/22,90.94047961
7/2/22,71.6676401
7/1/22,61.54401125
6/30/22,77.38179305
6/29/22,72.78671769
6/28/22,77.83715974
6/27/22,70.28930102
6/26/22,90.56643131
6/25/22,93.24874885
6/24/22,68.5051449
6/23/22,77.64695866
6/22/22,65.37517812
6/21/22,78.6287541
6/20/22,72.0174995
6/19/22,81.30452461
6/18/22,77.30531749
6/17/22,57.24478932
6/16/22,65.38636621
6/15/22,76.14638415
6/14/22,73.42097327
6/13/22,76.70349433
6/12/22,103.2940045
6/11/22,122.3989304
6/10/22,105.7870678
6/9/22,106.547713
6/8/22,131.0682774
6/7/22,116.5785418
6/6/22,109.8337602
6/5/22,138.0867027
6/4/22,121.2577734
6/3/22,102.3302598
6/2/22,90.89531988
6/1/22,99.33889745
5/31/22,106.3156188
5/30/22,109.6347269
5/29/22,131.8881056
5/28/22,119.3417751
5/27/22,94.01022993
5/26/22,100.9363848
5/25/22,94.72717514
5/24/22,95.11206879
5/23/22,115.5233047
5/22/22,110.0676624
5/21/22,112.755347
5/20/22,91.35924758
5/19/22,88.12242331
5/18/22,96.25796665
5/17/22,101.9687066
5/16/22,116.0035283
5/15/22,101.9929803
5/14/22,91.94945305
5/13/22,110.0463539
5/12/22,90.84577922
5/11/22,107.9009254
5/10/22,108.9385536
5/9/22,115.4913822
5/8/22,145.2572835
5/7/22,140.7585269
5/6/22,113.2103229
5/5/22,122.375072
5/4/22,153.9384387
5/3/22,130.4847843
5/2/22,143.6742415
5/1/22,174.372874
4/30/22,141.1092914
4/29/22,129.9899786
4/28/22,120.1506854
4/27/22,147.7170002
4/26/22,128.941199
4/25/22,145.2323382
4/24/22,192.0634337
4/23/22,173.402484
4/22/22,131.6900492
4/21/22,157.5669224
4/20/22,146.4246604
4/19/22,117.9126167
4/18/22,136.1684933
4/17/22,201.6790359
4/16/22,151.1714868
4/15/22,157.2997178
4/14/22,134.0891306
4/13/22,129.7415058
4/12/22,138.4621406
4/11/22,129.4221874
4/10/22,174.2175743
4/9/22,175.8678609
4/8/22,138.1357984
4/7/22,142.3866603
4/6/22,156.3571168
4/5/22,157.0463386
4/4/22,167.2314976
4/3/22,180.5217295
4/2/22,158.2758277
4/1/22,144.162997
3/31/22,147.0963762
3/30/22,147.9826406
3/29/22,157.9793023
3/28/22,162.0941585
3/27/22,171.2277543
3/26/22,193.6713997
3/25/22,150.5111495
3/24/22,149.0106995
3/23/22,146.8047786
3/22/22,150.7695098
3/21/22,152.7805824
3/20/22,191.6363946
3/19/22,168.6703165
3/18/22,141.4340833
3/17/22,147.4778726
3/16/22,142.93025
3/15/22,130.4349192
3/14/22,143.9937322
3/13/22,179.9350124
3/12/22,170.7065846
3/11/22,135.6351544
3/10/22,139.6216987
3/9/22,133.0046752
3/8/22,141.5728851
3/7/22,140.2939557
3/6/22,156.1815583
3/5/22,137.2567496
3/4/22,138.6256674
3/3/22,152.3003965
3/2/22,134.4307752
3/1/22,160.4317772
2/28/22,141.0592165
2/27/22,157.2105472
2/26/22,141.445699
2/25/22,126.7742832
2/24/22,117.4983509
2/23/22,143.9171093
2/22/22,140.9117257
2/21/22,126.4798782
2/20/22,175.4011548
2/19/22,170.4311211
2/18/22,131.1515462
2/17/22,166.3503556
2/16/22,161.7873159
2/15/22,177.3718949
2/14/22,164.9488795
2/13/22,202.0222048
2/12/22,219.2226225
2/11/22,152.7601413
2/10/22,159.6086263
2/9/22,149.1479237
2/8/22,153.8362129
2/7/22,142.3111621
2/6/22,186.9635865
2/5/22,121.7373948
2/4/22,128.435413
2/3/22,128.6140041
2/2/22,132.122906
2/1/22,138.0049856
1/31/22,129.5309489
1/30/22,171.4389475
1/29/22,154.4513238
1/28/22,136.5515365
1/27/22,118.1106388
1/26/22,118.689025
1/25/22,132.3406865
1/24/22,124.4817277
1/23/22,154.3492011
1/22/22,120.3003316
1/21/22,121.091282
1/20/22,170.2637074
1/19/22,169.6173636
1/18/22,136.2948272
1/17/22,169.5337363
1/16/22,219.5975034
1/15/22,192.1542109
1/14/22,157.603366
1/13/22,180.6848215
1/12/22,138.3212067
1/11/22,150.5806491
1/10/22,141.0881907
1/9/22,176.3944227
1/8/22,168.7112195
1/7/22,150.1572296
1/6/22,152.1229948
1/5/22,160.654777
1/4/22,157.6633058
1/3/22,178.7121681
1/2/22,243.6465661
1/1/22,268.4148001
12/31/21,166.0027052
12/30/21,144.2158063
12/29/21,159.0816475
12/28/21,163.3632491
12/27/21,190.9833979
12/26/21,214.8352347
12/25/21,226.7007948
12/24/21,187.4596047
12/23/21,161.8347441
12/22/21,158.7391614
12/21/21,157.3469468
12/20/21,159.3342927
12/19/21,214.6210952
12/18/21,156.1422543
12/17/21,170.7860385
12/16/21,139.1368911
12/15/21,153.7108267
12/14/21,160.4568627
12/13/21,156.973177
12/12/21,203.2450262
12/11/21,204.084729
12/10/21,175.1729715
12/9/21,178.7508358
12/8/21,199.7314472
12/7/21,172.3121099
12/6/21,186.6153774
12/5/21,241.8248779
12/4/21,190.4733642
12/3/21,205.7030764
12/2/21,178.8456616
12/1/21,174.4876393
11/30/21,166.0377314
11/29/21,173.0240645
11/28/21,223.5515253
11/27/21,204.5677055
11/26/21,159.2016591
11/25/21,167.4140163
11/24/21,190.64313
11/23/21,169.2754155
11/22/21,183.8551524
11/21/21,223.9720435
11/20/21,216.0448472
11/19/21,174.4426351
11/18/21,183.1743858
11/17/21,194.6741228
11/16/21,192.2525687
11/15/21,216.9353226
11/14/21,287.7066116
11/13/21,261.1662414
11/12/21,205.3686303
11/11/21,221.9649916
11/10/21,211.1057637
11/9/21,196.297734
11/8/21,196.1251104
11/7/21,265.4693357
11/6/21,251.3588054
11/5/21,212.102012
11/4/21,194.6380539
11/3/21,222.4826976
11/2/21,211.3677451
11/1/21,196.5293205
10/31/21,246.8003648
10/30/21,239.5711711
10/29/21,221.3970065
10/28/21,197.2873871
10/27/21,202.2510791
10/26/21,201.8988702
10/25/21,261.1680714
10/24/21,277.4205125
10/23/21,250.086444
10/22/21,217.249234
10/21/21,189.5821644
10/20/21,211.5823908
10/19/21,198.0806712
10/18/21,203.8557295
10/17/21,285.1349877
10/16/21,192.2482437
10/15/21,181.0983889
10/14/21,179.1997974
10/13/21,208.3522735
10/12/21,177.3689419
10/11/21,188.797931
10/10/21,262.9989322
10/9/21,211.7659824
10/8/21,149.8649949
10/7/21,151.608402
10/6/21,164.1197341
10/5/21,166.625989
10/4/21,177.1276713
10/3/21,208.3155468
10/2/21,218.2599247
10/1/21,147.5768141
9/30/21,159.6501431
9/29/21,142.5834028
9/28/21,154.0230868
9/27/21,167.7911933
9/26/21,194.7286366
9/25/21,181.9555416
9/24/21,146.1740188
9/23/21,171.2841541
9/22/21,131.1160112
9/21/21,136.2759398
9/20/21,172.048382
9/19/21,240.0406549
9/18/21,209.9366015
9/17/21,164.5858748
9/16/21,152.8183733
9/15/21,159.9767747
9/14/21,183.5759514
9/13/21,177.148666
9/12/21,216.1356529
9/11/21,194.3528166
9/10/21,152.1254999
9/9/21,147.1252556
9/8/21,154.4290527
9/7/21,176.6402369
9/6/21,210.6518785
9/5/21,254.2345611
9/4/21,215.8218402
9/3/21,165.9092325
9/2/21,163.1844681
9/1/21,148.3469241
8/31/21,159.2759733
8/30/21,164.2032735
8/29/21,250.2760499
8/28/21,200.0010123
8/27/21,171.5070954
8/26/21,169.2172761
8/25/21,185.6982926
8/24/21,181.7912569
8/23/21,229.7428793
8/22/21,266.0802463
8/21/21,240.2200591
8/20/21,178.2301386
8/19/21,173.8603455
8/18/21,156.6064046
8/17/21,196.949585
8/16/21,181.9991054
8/15/21,285.7161683
8/14/21,233.2472117
8/13/21,161.2224449
8/12/21,171.0599527
8/11/21,163.6172134
8/10/21,182.742302
8/9/21,171.0933595
8/8/21,230.5535078
8/7/21,216.0414872
8/6/21,159.4000493
8/5/21,162.2227772
8/4/21,139.9040267
8/3/21,168.7864524
8/2/21,150.1936631
8/1/21,218.150775
7/31/21,200.7347026
7/30/21,164.5043276
7/29/21,152.6893708
7/28/21,158.1220124
7/27/21,159.1790822
7/26/21,139.3134029
7/25/21,190.2019268
7/24/21,166.7012002
7/23/21,121.0247906
7/22/21,138.7703739
7/21/21,121.3500107
7/20/21,100.8009738
7/19/21,148.4361021
7/18/21,179.8968748
7/17/21,157.0111842
7/16/21,135.6478001
7/15/21,116.5207943
7/14/21,150.0842544
7/13/21,125.8115144
7/12/21,125.8593906
7/11/21,164.1558078
7/10/21,184.5684323
7/9/21,123.257311
7/8/21,129.1950565
7/7/21,125.9858627
7/6/21,139.8394369
7/5/21,133.0955239
7/4/21,156.246533
7/3/21,123.3300142
7/2/21,110.2400755
7/1/21,97.64126244
6/30/21,98.73662078
6/29/21,106.3166059
6/28/21,94.45366896
6/27/21,104.8179552
6/26/21,101.6335724
6/25/21,111.6401116
6/24/21,101.879013
6/23/21,99.10229462
6/22/21,100.7721546
6/21/21,112.7856634
6/20/21,141.9622963
6/19/21,127.5480373
6/18/21,133.9426799
6/17/21,137.0736571
6/16/21,125.6444957
6/15/21,142.4994147
6/14/21,148.2131357
6/13/21,166.9554153
6/12/21,139.8883153
6/11/21,118.9540721
6/10/21,114.5965089
6/9/21,134.1700294
6/8/21,128.3114614
6/7/21,132.7642067
6/6/21,186.4579871
6/5/21,159.3388249
6/4/21,135.9805948
6/3/21,145.6732635
6/2/21,163.4974329
6/1/21,145.9675983
5/31/21,149.4747443
5/30/21,184.8501076
5/29/21,137.3314298
5/28/21,136.9262036
5/27/21,144.2402288
5/26/21,142.9087212
5/25/21,139.4340447
5/24/21,139.1612414
5/23/21,148.9510034
5/22/21,138.8567689
5/21/21,141.3040782
5/20/21,145.3064451
5/19/21,136.7444049
5/18/21,138.5799674
5/17/21,146.966607
5/16/21,190.0748872
5/15/21,174.2867617
5/14/21,171.5920874
5/13/21,194.0530777
5/12/21,214.9626213
5/11/21,206.9983769
5/10/21,234.331571
5/9/21,288.322739
5/8/21,246.3818797
5/7/21,218.461023
5/6/21,214.0770964
5/5/21,196.172775
5/4/21,226.1594032
5/3/21,247.4321761
5/2/21,300.3105491
5/1/21,213.2471632
4/30/21,202.6975065
4/29/21,188.2650747
4/28/21,202.1800234
4/27/21,191.8160447
4/26/21,193.6877736
4/25/21,205.1655647
4/24/21,185.3442945
4/23/21,187.8984107
4/22/21,234.1282288
4/21/21,217.7919035
4/20/21,219.5758039
4/19/21,223.8831831
4/18/21,205.5984325
4/17/21,231.4116949
4/16/21,220.0998094
4/15/21,215.9039056
4/14/21,208.9713735
4/13/21,198.0631342
4/12/21,204.7651026
4/11/21,229.706618
4/10/21,214.2953613
4/9/21,191.3938507
4/8/21,190.3721145
4/7/21,192.0207937
4/6/21,190.1563603
4/5/21,215.2360884
4/4/21,229.6745986
4/3/21,188.1483151
4/2/21,187.1999976
4/1/21,188.2505639
3/31/21,191.4317729
3/30/21,183.6830545
3/29/21,193.5637828
3/28/21,236.4072177
3/27/21,203.6272281
3/26/21,168.7750453
3/25/21,171.3728762
3/24/21,186.5172938
3/23/21,190.3569446
3/22/21,196.8349315
3/21/21,250.6740395
3/20/21,214.4029005
3/19/21,193.8704832
3/18/21,191.5500041
3/17/21,181.4938705
3/16/21,180.4646719
3/15/21,204.1992899
3/14/21,210.2138453
3/13/21,214.4243313
3/12/21,187.0654299
3/11/21,181.074053
3/10/21,167.2610142
3/9/21,176.481592
3/8/21,184.2874115
3/7/21,189.6577133
3/6/21,172.633008
3/5/21,156.7624898
3/4/21,155.973386
3/3/21,164.4998578
3/2/21,147.4644453
3/1/21,158.7027616
2/28/21,158.8419473
2/27/21,159.4481197
2/26/21,154.6758126
2/25/21,173.9974241
2/24/21,164.3514198
2/23/21,165.1770481
2/22/21,185.3841115
2/21/21,209.4333688
2/20/21,186.2586994
2/19/21,173.4383916
2/18/21,163.7315902
2/17/21,161.4448151
2/16/21,144.5163332
2/15/21,165.5073343
2/14/21,168.7808418
2/13/21,157.6243575
2/12/21,152.7207184
2/11/21,152.2329116
2/10/21,142.6292162
2/9/21,140.8474536
2/8/21,140.7569099
2/7/21,143.4734446
2/6/21,133.3268101
2/5/21,125.0578307
2/4/21,119.3066664
2/3/21,113.6137053
2/2/21,104.7702588
2/1/21,105.7919248
1/31/21,114.9161153
1/30/21,107.7507072
1/29/21,115.6926941
1/28/21,96.86122307
1/27/21,93.17970688
1/26/21,103.4068562
1/25/21,105.3408883
1/24/21,117.8363293
1/23/21,110.5853514
1/22/21,97.46828007
1/21/21,104.1687293
1/20/21,108.9457606
1/19/21,116.7026816
1/18/21,114.0294295
1/17/21,117.4699071
1/16/21,121.5564912
1/15/21,121.3185321
1/14/21,120.781596
1/13/21,117.4736748
1/12/21,112.7418222
1/11/21,112.8814764
1/10/21,130.0870769
1/9/21,122.9570336
1/8/21,118.1451143
1/7/21,111.9484718
1/6/21,108.2191661
1/5/21,99.73361786
1/4/21,103.5806643
1/3/21,100.0299603
1/2/21,107.0417383
1/1/21,111.9310541
12/31/20,96.49870141
12/30/20,99.0330683
12/29/20,83.91357134
12/28/20,96.08344815
12/27/20,89.10412418
12/26/20,86.22820587
12/25/20,78.28909081
12/24/20,76.98192047
12/23/20,76.93044803
12/22/20,73.25442704
12/21/20,85.6454104
12/20/20,85.18971437
12/19/20,75.34691069
12/18/20,71.43132286
12/17/20,71.48210696
12/16/20,62.12741454
12/15/20,57.15446924
12/14/20,58.90395619
12/13/20,70.73462122
12/12/20,54.58253975
12/11/20,54.58588669
12/10/20,51.40656665
12/9/20,53.53016529
12/8/20,55.88274461
12/7/20,64.28462051
12/6/20,66.57493719
12/5/20,65.5182895
12/4/20,60.51072664
12/3/20,62.72995521
12/2/20,55.10588207
12/1/20,55.92530268
11/30/20,57.23788696
11/29/20,67.0272604
11/28/20,59.97862389
11/27/20,55.47527451
11/26/20,55.95337576
11/25/20,56.25435222
11/24/20,53.05736673
11/23/20,60.47303381
11/22/20,76.56571754
11/21/20,66.37726888
11/20/20,59.31056556
11/19/20,54.61316933
11/18/20,57.31778108
11/17/20,52.69153353
11/16/20,56.86267312
11/15/20,61.97775138
11/14/20,56.18042087
11/13/20,52.68569565
11/12/20,54.34302063
11/11/20,49.71029591
11/10/20,54.27390474
11/9/20,61.11864765
11/8/20,60.35626611
11/7/20,59.55296791
11/6/20,55.0650609
11/5/20,57.64315987
11/4/20,51.89053258
11/3/20,47.71635428
11/2/20,48.54024664
11/1/20,47.73157157
10/31/20,48.37628844
10/30/20,47.80407224
10/29/20,45.12799068
10/28/20,43.79930076
10/27/20,43.14985966
10/26/20,41.33161375
10/25/20,42.91851083
10/24/20,44.21064863
10/23/20,38.51898235
10/22/20,38.85446322
10/21/20,37.1421146
10/20/20,34.85233333
10/19/20,31.93256565
10/18/20,38.79004192
10/17/20,42.04987795
10/16/20,36.16938425
10/15/20,34.33767135
10/14/20,36.26839851
10/13/20,38.31666069
10/12/20,36.65173153
10/11/20,41.48204268
10/10/20,37.05297899
10/9/20,32.31297938
10/8/20,36.54324437
10/7/20,30.20859655
10/6/20,31.16505981
10/5/20,35.21749907
10/4/20,41.25049425
10/3/20,34.51617708
10/2/20,32.43966058
10/1/20,30.89820166
9/30/20,32.68015303
9/29/20,29.73099852
9/28/20,31.90702997
9/27/20,40.66223031
9/26/20,38.34044739
9/25/20,34.47817874
9/24/20,30.81819571
9/23/20,29.29786121
9/22/20,29.41960713
9/21/20,34.78405779
9/20/20,38.75676797
9/19/20,36.3674761
9/18/20,36.98855244
9/17/20,36.95518574
9/16/20,33.26534392
9/15/20,34.02654478
9/14/20,34.76789261
9/13/20,43.27048582
9/12/20,38.67897429
9/11/20,31.84140295
9/10/20,32.78260585
9/9/20,32.98333609
9/8/20,32.09256335
9/7/20,36.76991796
9/6/20,39.31969877
9/5/20,31.62068871
9/4/20,34.66539378
9/3/20,33.40811948
9/2/20,37.53555478
9/1/20,34.37834535
8/31/20,39.65175165
8/30/20,37.01011231
8/29/20,38.45091762
8/28/20,36.56616647
8/27/20,32.16322126
8/26/20,34.99693933
8/25/20,33.61883501
8/24/20,35.98997715
8/23/20,42.04207712
8/22/20,34.99414137
8/21/20,41.32502318
8/20/20,36.88905456
8/19/20,35.70293318
8/18/20,36.2736928
8/17/20,35.46875928
8/16/20,42.29770808
8/15/20,39.6858492
8/14/20,37.03713447
8/13/20,36.51267358
8/12/20,36.61846858
8/11/20,37.05315143
8/10/20,38.18301954
8/9/20,45.10164367
8/8/20,39.81358401
8/7/20,39.27648382
8/6/20,38.61695747
8/5/20,37.03358095
8/4/20,34.76464017
8/3/20,38.5730243
8/2/20,38.92699404
8/1/20,38.556257
7/31/20,35.41537666
7/30/20,34.47908471
7/29/20,35.17652537
7/28/20,33.93266405
7/27/20,33.55191289
7/26/20,34.97120132
7/25/20,32.2417857
7/24/20,29.2636129
7/23/20,27.96202644
7/22/20,26.76860887
7/21/20,26.25791056
7/20/20,28.44211937
7/19/20,28.57163275
7/18/20,26.31259454
7/17/20,25.31145024
7/16/20,24.50856109
7/15/20,27.05857899
7/14/20,24.61351871
7/13/20,28.7234843
7/12/20,31.91679737
7/11/20,30.34312565
7/10/20,28.07757039
7/9/20,27.84411321
7/8/20,26.67714095
7/7/20,27.98478738
7/6/20,27.42811864
7/5/20,34.48886985
7/4/20,31.88647069
7/3/20,29.40485371
7/2/20,29.18474943
7/1/20,25.85226177
6/30/20,29.36383535
6/29/20,27.14674471
6/28/20,32.71650496
6/27/20,29.2570377
6/26/20,29.45720207
6/25/20,27.2404857
6/24/20,27.51841042
6/23/20,28.04918677
6/22/20,29.5956606
6/21/20,33.75274117
6/20/20,28.99453407
6/19/20,25.38515926
6/18/20,27.17330917
6/17/20,25.78874885
6/16/20,27.6651725
6/15/20,28.11989961
6/14/20,37.34282136
6/13/20,33.96811195
6/12/20,30.99949912
6/11/20,34.5081631
6/10/20,31.98760741
6/9/20,30.941604
6/8/20,32.1651729
6/7/20,38.9154836
6/6/20,43.21815713
6/5/20,35.30940954
6/4/20,30.67789623
6/3/20,28.92111582
6/2/20,29.4010299
6/1/20,28.59925087
5/31/20,36.92500187
5/30/20,34.65595032
5/29/20,29.86254895
5/28/20,28.19888429
5/27/20,29.35882148
5/26/20,25.58139373
5/25/20,28.92208667
5/24/20,33.96646781
5/23/20,29.13144386
5/22/20,27.87243502
5/21/20,31.66145208
5/20/20,31.46277443
5/19/20,31.65018288
5/18/20,34.0792486
5/17/20,30.03442554
5/16/20,28.42395619
5/15/20,28.87562685
5/14/20,30.67957154
5/13/20,25.90829501
5/12/20,25.92737956
5/11/20,55.67948894
5/10/20,66.5166166
5/9/20,55.62067741
5/8/20,56.07217027
5/7/20,53.35534408
5/6/20,56.96703312
5/5/20,55.55794504
5/4/20,54.88725362
5/3/20,69.54080055
5/2/20,59.34732189
5/1/20,49.23066586
4/30/20,49.62861421
4/29/20,46.07876111
4/28/20,46.63233336
4/27/20,44.45340441
4/26/20,52.51847585
4/25/20,46.40204386
4/24/20,43.0990266
4/23/20,40.12774519
4/22/20,41.6028773
4/21/20,42.24226052
4/20/20,46.42508486
4/19/20,54.49320677
4/18/20,49.32651912
4/17/20,39.93608186
4/16/20,41.79483571
4/15/20,46.92580487
4/14/20,48.7254431
4/13/20,50.198112
4/12/20,58.41562652
4/11/20,55.2823718
4/10/20,49.79011589
4/9/20,49.67113568
4/8/20,46.42072222
4/7/20,49.79938401
4/6/20,40.95034291
4/5/20,62.25629374
4/4/20,53.34481213
4/3/20,41.02593081
4/2/20,43.51591508
4/1/20,43.62423905
3/31/20,45.22100306
3/30/20,42.04005151
3/29/20,50.61114161
3/28/20,44.87756833
3/27/20,48.41393606
3/26/20,46.75481242
3/25/20,36.91659869
3/24/20,40.59352646
3/23/20,34.30387423
3/22/20,47.79344984
3/21/20,40.15504981
3/20/20,32.57792029
3/19/20,30.04029614
3/18/20,30.01571743
3/17/20,30.45894589
3/16/20,28.65315551
3/15/20,36.2993355
3/14/20,32.11444611
3/13/20,30.19727135
3/12/20,37.70128589
3/11/20,41.41484407
3/10/20,40.36753189
3/9/20,43.08800997
3/8/20,56.93514127
3/7/20,57.50021193
3/6/20,52.96396744
3/5/20,53.10749316
3/4/20,51.49391951
3/3/20,49.76874899
3/2/20,48.28533104
3/1/20,48.28533104
2/29/20,48.28533104
2/28/20,47.23970009
2/27/20,48.41391735
2/26/20,47.36538406
2/25/20,51.42716826
2/24/20,52.83783399
2/23/20,61.92439158
2/22/20,59.26356125
2/21/20,55.79862769
2/20/20,48.53765918
2/19/20,54.18808225
2/18/20,57.21398736
2/17/20,56.72599186
2/16/20,60.91484651
2/15/20,56.68973182
2/14/20,54.84362044
2/13/20,54.32293613
2/12/20,54.44736441
2/11/20,51.2150334
2/10/20,51.59764102
2/9/20,61.93746944
2/8/20,53.96427829
2/7/20,51.64153848
2/6/20,52.33653867
2/5/20,52.33653867
2/4/20,49.85612848
2/3/20,52.76887169
2/2/20,58.25182153
2/1/20,58.79734008
1/31/20,50.95367655
1/30/20,55.89459404
1/29/20,55.45996407
1/28/20,47.76489775
1/27/20,50.94833787
1/26/20,58.09923834
1/25/20,60.03921531
1/24/20,51.7239596
1/23/20,51.58870075
1/22/20,51.99985458
1/21/20,53.00702465
1/20/20,50.05692275
1/19/20,58.85192142
1/18/20,51.64489629
1/17/20,54.88761457
1/16/20,53.62273203
1/15/20,50.48040352
1/14/20,45.38966769
1/13/20,50.18340409
1/12/20,54.7886893
1/11/20,54.52835339
1/10/20,45.09008677
1/9/20,48.84303
1/8/20,46.82260093
1/7/20,51.28540046
1/6/20,42.74411662
1/5/20,53.42367666
1/4/20,53.91072844
1/3/20,49.5736806
1/2/20,42.54917235
1/1/20,63.13659534
12/31/19,44.82221396
12/30/19,47.12614193
12/29/19,51.1481969
12/28/19,45.92456506
12/27/19,40.89198552
12/26/19,52.3447784
12/25/19,47.55425881
12/24/19,39.68458424
12/23/19,45.11746901
12/22/19,54.56944168
12/21/19,50.92853939
12/20/19,42.4593033
12/19/19,44.52461705
12/18/19,36.70516368
12/17/19,37.96924691
12/16/19,43.09954868
12/15/19,42.23354707
12/14/19,46.1470631
12/13/19,43.14916378
12/12/19,38.73121828
12/11/19,41.41494133
12/10/19,42.63698543
12/9/19,44.54588691
12/8/19,50.09632459
12/7/19,53.41405363
12/6/19,43.13432349
12/5/19,43.18674605
12/4/19,45.77172577
12/3/19,43.49836593
12/2/19,42.72246578
12/1/19,47.06750894
11/30/19,44.26608917
11/29/19,43.46395366
11/28/19,50.78226554
11/27/19,40.45689188
11/26/19,34.75506697
11/25/19,39.30165448
11/24/19,44.25665217
11/23/19,51.6732027
11/22/19,39.7198347
11/21/19,42.33860655
11/20/19,45.40200798
11/19/19,46.6587908
11/18/19,49.11324517
11/17/19,62.72450467
11/16/19,55.96532661
11/15/19,52.98585816
11/14/19,52.8362277
11/13/19,47.24206346
11/12/19,49.73482956
11/11/19,51.6711387
11/10/19,62.51771344
11/9/19,52.62310147
11/8/19,47.40033598
11/7/19,49.21909178
11/6/19,50.10966073
11/5/19,52.31948883
11/4/19,51.14102232
11/3/19,55.61791897
11/2/19,56.23138785
11/1/19,48.37293914
10/31/19,52.62566011
10/30/19,49.8983568
10/29/19,51.65591955
10/28/19,52.49962928
10/27/19,54.16334619
10/26/19,54.85067452
10/25/19,42.32855729
10/24/19,41.44968762
10/23/19,48.54854547
10/22/19,51.2399502
10/21/19,46.86867393
10/20/19,51.46507478
10/19/19,46.96922401
10/18/19,48.02138917
10/17/19,46.24025483
10/16/19,43.23397499
10/15/19,47.41810918
10/14/19,47.34022495
10/13/19,53.55971122
10/12/19,46.47485995
10/11/19,48.48832784
10/10/19,51.33844002
10/9/19,47.02278411
10/8/19,50.02011085
10/7/19,47.88242812
10/6/19,53.2545313
10/5/19,49.6996124
10/4/19,45.07054463
10/3/19,47.30779387
10/2/19,48.09473114
10/1/19,45.50943924
9/30/19,43.14977559
9/29/19,48.81527778
9/28/19,52.15458801
9/27/19,44.42668763
9/26/19,50.30944994
9/25/19,48.79851645
9/24/19,53.08727693
9/23/19,50.53454018
9/22/19,66.33008284
9/21/19,62.73551356
9/20/19,57.31346875
9/19/19,54.16536068
9/18/19,62.04407816
9/17/19,56.03244933
9/16/19,61.21482182
9/15/19,70.37627452
9/14/19,67.61384371
9/13/19,63.60000082
9/12/19,60.98032519
9/11/19,70.64898622
9/10/19,69.62378205
9/9/19,60.4710385
9/8/19,81.9251102
9/7/19,62.74133807
9/6/19,58.72193492
9/5/19,63.65776478
9/4/19,56.58569087
9/3/19,59.43113035
9/2/19,57.76129776
9/1/19,60.90544012
8/31/19,58.94227618
8/30/19,55.42372067
8/29/19,57.33722462
8/28/19,56.52152238
8/27/19,53.81323639
8/26/19,56.72696839
8/25/19,69.16593569
8/24/19,68.03759277
8/23/19,58.75419351
8/22/19,56.58122809
8/21/19,57.85859439
8/20/19,63.40932318
8/19/19,66.26561156
8/18/19,59.69396776
8/17/19,58.34659948
8/16/19,59.71381836
8/15/19,56.46580666
8/14/19,56.9411943
8/13/19,61.42032748
8/12/19,66.067637
8/11/19,80.988848
8/10/19,73.27579706
8/9/19,66.05667873
8/8/19,65.35236658
8/7/19,62.84626922
8/6/19,65.80684749
8/5/19,63.10677821
8/4/19,76.63824055
8/3/19,72.5873514
8/2/19,64.70353497
8/1/19,54.4208452
7/31/19,59.98834649
7/30/19,53.47974524
7/29/19,62.04516056
7/28/19,76.90970132
7/27/19,66.34341983
7/26/19,64.90979062
7/25/19,57.43088116
7/24/19,58.68201118
7/23/19,57.87161477
7/22/19,66.34592194
7/21/19,70.80517917
7/20/19,74.50692876
7/19/19,54.0467695
7/18/19,50.46231134
7/17/19,50.78949757
7/16/19,60.21851188
7/15/19,56.25234175
7/14/19,66.54722467
7/13/19,67.67410409
7/12/19,67.68427269
7/11/19,60.47019233
7/10/19,68.13882063
7/9/19,69.16730558
7/8/19,71.50600141
7/7/19,70.78484797
7/6/19,74.60011891
7/5/19,71.69286406
7/4/19,69.08036716
7/3/19,64.33555678
7/2/19,57.93822908
7/1/19,60.8858358
6/30/19,70.05708314
6/29/19,76.38901807
6/28/19,63.71338017
6/27/19,64.60049429
6/26/19,71.57313407
6/25/19,60.91204696
6/24/19,65.48349289
6/23/19,66.5162485
6/22/19,57.12399556
6/21/19,51.92821693
6/20/19,54.24620321
6/19/19,52.91269996
6/18/19,50.04323263
6/17/19,51.3471327
6/16/19,52.43256551
6/15/19,50.18578141
6/14/19,51.35155613
6/13/19,44.76506515
6/12/19,42.74792181
6/11/19,44.0144173
6/10/19,45.55737242
6/9/19,49.06641441
6/8/19,43.76232797
6/7/19,47.08676549
6/6/19,44.836014
6/5/19,44.9772261
6/4/19,44.8260165
6/3/19,48.9059108
6/2/19,51.16521445
6/1/19,52.69734406
5/31/19,46.58376296
5/30/19,50.2153455
5/29/19,50.47080346
5/28/19,50.22214968
5/27/19,50.18132154
5/26/19,46.86434093
5/25/19,44.66694583
5/24/19,45.02245175
5/23/19,42.3005449
5/22/19,45.33949139
5/21/19,44.18119151
5/20/19,45.62897172
5/19/19,49.38304062
5/18/19,41.65830753
5/17/19,42.57806707
5/16/19,43.66021754
5/15/19,44.93644544
5/14/19,44.12894799
5/13/19,41.84660561
5/12/19,44.10984671
5/11/19,34.43309827
5/10/19,32.91537565
5/9/19,33.09912129
5/8/19,29.84551207
5/7/19,29.96568628
5/6/19,29.33055221
5/5/19,28.99940921
5/4/19,27.29762303
5/3/19,29.03843342
5/2/19,27.97085145
5/1/19,26.4969092
4/30/19,27.49444344
4/29/19,30.48578968
4/28/19,28.10324518
4/27/19,25.38116429
4/26/19,26.71375006
4/25/19,26.62237308
4/24/19,29.46833019
4/23/19,27.38712988
4/22/19,27.08514213
4/21/19,28.21050464
4/20/19,28.32888706
4/19/19,28.88971422
4/18/19,26.54272524
4/17/19,26.82869009
4/16/19,26.85149813
4/15/19,25.43941783
4/14/19,23.81340109
4/13/19,24.28052415
4/12/19,26.62877772
4/11/19,26.49734874
4/10/19,26.05871041
4/9/19,26.62665753
4/8/19,27.8061463
4/7/19,26.99622862
4/6/19,25.45071928
4/5/19,27.05371868
4/4/19,26.95361118
4/3/19,26.78721731
4/2/19,24.08684122
4/1/19,19.68015171
3/31/19,19.07522963
3/30/19,19.38004026
3/29/19,20.81274068
3/28/19,19.11790858
3/27/19,19.94203513
3/26/19,18.21399883
3/25/19,23.27131774
3/24/19,33.15982105
3/23/19,28.85259313
3/22/19,27.17924546
3/21/19,24.32423884
3/20/19,27.22646252
3/19/19,28.65814862
3/18/19,28.12760165
3/17/19,32.10809688
3/16/19,31.62498132
3/15/19,25.81974783
3/14/19,25.34132609
3/13/19,23.21144156
3/12/19,24.70006832
3/11/19,23.67315669
3/10/19,31.43058859
3/9/19,29.33534346
3/8/19,25.21725166
3/7/19,25.17082702
3/6/19,22.79496668
3/5/19,24.90020983
3/4/19,21.35952689
3/3/19,19.83886876
3/2/19,19.00503973
3/1/19,22.09444707
2/28/19,19.75403481
2/27/19,19.74085456
2/26/19,21.21063682
2/25/19,20.53854146
2/24/19,22.20459524
2/23/19,21.90552549
2/22/19,23.11226151
2/21/19,20.05919364
2/20/19,20.79186631
2/19/19,22.24960211
2/18/19,21.65439351
2/17/19,21.94154891
2/16/19,20.62543268
2/15/19,19.4194818
2/14/19,18.08315324
2/13/19,19.78189166
2/12/19,21.54027999
2/11/19,20.97709559
2/10/19,21.35042156
2/9/19,22.01762782
2/8/19,21.25050806
2/7/19,20.8896915
2/6/19,19.98262444
2/5/19,17.99977075
2/4/19,19.04603663
2/3/19,19.88781141
2/2/19,19.56121923
2/1/19,20.20968693
1/31/19,19.01828624
1/30/19,18.27609555
1/29/19,19.22598949
1/28/19,20.51017922
1/27/19,22.78674374
1/26/19,23.60803256
1/25/19,20.84803305
1/24/19,23.83123409
1/23/19,22.43743612
1/22/19,19.74173403
1/21/19,21.33229788
1/20/19,24.33279196
1/19/19,22.14279494
1/18/19,20.72741566
1/17/19,19.65559706
1/16/19,19.86805619
1/15/19,20.2171908
1/14/19,20.76841754
1/13/19,22.55023776
1/12/19,22.56602793
1/11/19,22.22533409
1/10/19,23.07642278
1/9/19,26.22576553
1/8/19,27.03181574
1/7/19,25.165486
1/6/19,26.97977419
1/5/19,29.90102939
1/4/19,25.25215855
1/3/19,25.99197858
1/2/19,27.12218198
1/1/19,29.83505716
12/31/18,28.52096236
12/30/18,31.70594624
12/29/18,25.45769952
12/28/18,25.57095713
12/27/18,27.38134417
12/26/18,26.58429016
12/25/18,28.86161933
12/24/18,29.51006379
12/23/18,35.50857673
12/22/18,34.3476865
12/21/18,25.48802975
12/20/18,23.39915802
12/19/18,23.8692704
12/18/18,21.79484858
12/17/18,22.55811335
12/16/18,20.9799778
12/15/18,23.07669576
12/14/18,21.69072453
12/13/18,21.06318805
12/12/18,20.16067281
12/11/18,21.22573691
12/10/18,21.45550215
12/9/18,23.91546159
12/8/18,23.57368168
12/7/18,19.53319156
12/6/18,22.96695136
12/5/18,24.52995844
12/4/18,25.75368873
12/3/18,24.00652256
12/2/18,26.8028698
12/1/18,26.9141572
11/30/18,21.39614719
11/29/18,23.24541588
11/28/18,24.41110311
11/27/18,23.39975343
11/26/18,21.29277316
11/25/18,25.88114693
11/24/18,31.23436544
11/23/18,24.94216097
11/22/18,26.73619707
11/21/18,24.22870369
11/20/18,26.97655834
11/19/18,31.96504582
11/18/18,36.36489845
11/17/18,38.19102015
11/16/18,31.86114717
11/15/18,31.32195038
11/14/18,35.22122431
11/13/18,34.65129028
11/12/18,37.75300188
11/11/18,47.2112092
11/10/18,41.92078339
11/9/18,36.35735171
11/8/18,35.67365297
11/7/18,36.62675192
11/6/18,36.56043902
11/5/18,39.55191539
11/4/18,43.79969656
11/3/18,51.66464267
11/2/18,39.34016419
11/1/18,43.69574823
10/31/18,44.96374982
10/30/18,43.29303568
10/29/18,43.64530892
10/28/18,51.80966722
10/27/18,46.60375824
10/26/18,46.19652025
10/25/18,44.01958161
10/24/18,36.15109012
10/23/18,49.64917408
10/22/18,49.73812819
10/21/18,52.84810394
10/20/18,51.31980478
10/19/18,45.81789742
10/18/18,44.40059799
10/17/18,44.1804745
10/16/18,43.64603349
10/15/18,48.95422762
10/14/18,47.34349132
10/13/18,54.20634865
10/12/18,42.52428845
10/11/18,47.75551262
10/10/18,48.64774612
10/9/18,45.87149122
10/8/18,45.47634639
10/7/18,53.37026919
10/6/18,48.46869516
10/5/18,44.18963673
10/4/18,51.11760353
10/3/18,49.31892017
10/2/18,46.60391163
10/1/18,54.20064017
9/30/18,64.936614
9/29/18,57.57587925
9/28/18,51.31778132
9/27/18,47.49629284
9/26/18,46.61019931
9/25/18,54.24791385
9/24/18,51.58639116
9/23/18,63.29521426
9/22/18,58.1920559
9/21/18,44.55488064
9/20/18,49.16920329
9/19/18,49.64671557
9/18/18,45.88117873
9/17/18,45.44102704
9/16/18,63.20833864
9/15/18,54.48507329
9/14/18,48.65109198
9/13/18,51.50851401
9/12/18,57.17951912
9/11/18,47.32821124
9/10/18,48.2508306
9/9/18,67.78598081
9/8/18,58.97556955
9/7/18,53.83716545
9/6/18,48.56391417
9/5/18,48.53578311
9/4/18,50.44418115
9/3/18,59.31811511
9/2/18,70.34357894
9/1/18,63.46690471
8/31/18,57.85281368
8/30/18,58.39665122
8/29/18,52.30822313
8/28/18,57.43341786
8/27/18,70.45519019
8/26/18,84.6121349
8/25/18,58.35858082
8/24/18,54.89014028
8/23/18,55.71245805
8/22/18,58.28292977
8/21/18,55.10568515
8/20/18,56.98993001
8/19/18,70.64910418
8/18/18,67.97783053
8/17/18,53.32593134
8/16/18,54.48814795
8/15/18,52.61151558
8/14/18,42.18803228
8/13/18,53.61964493
8/12/18,74.57674276
8/11/18,68.91111723
8/10/18,63.0410484
8/9/18,54.18494975
8/8/18,54.36505624
8/7/18,57.09258513
8/6/18,53.25904562
8/5/18,81.96015649
8/4/18,83.93434837
8/3/18,68.95540358
8/2/18,65.41608789
8/1/18,59.59478104
7/31/18,62.57714279
7/30/18,60.71469786
7/29/18,105.5576316
7/28/18,79.14850324
7/27/18,72.94164601
7/26/18,74.42372929
7/25/18,75.48921382
7/24/18,59.9496459
7/23/18,70.49641956
7/22/18,101.6215338
7/21/18,68.63507931
7/20/18,64.14605394
7/19/18,70.53032776
7/18/18,68.03565085
7/17/18,58.68946629
7/16/18,46.64062406
7/15/18,65.28198175
7/14/18,59.2424498
7/13/18,53.56109038
7/12/18,55.95043171
7/11/18,53.6080436
7/10/18,58.49685388
7/9/18,55.97333196
7/8/18,86.96101456
7/7/18,76.5419297
7/6/18,65.49257767
7/5/18,57.1480075
7/4/18,54.31817269
7/3/18,45.22424088
7/2/18,58.25239817
7/1/18,75.3937329
6/30/18,58.73561376
6/29/18,57.55145736
6/28/18,65.1275547
6/27/18,50.28921213
6/26/18,58.96934159
6/25/18,61.44671555
6/24/18,84.71232626
6/23/18,77.26455604
6/22/18,64.44384662
6/21/18,74.71825659
6/20/18,70.96133892
6/19/18,70.99687913
6/18/18,70.70777748
6/17/18,90.85635612
6/16/18,85.57476861
6/15/18,60.49921533
6/14/18,59.81850937
6/13/18,54.40997604
6/12/18,55.86335425
6/11/18,56.22623308
6/10/18,60.46132687
6/9/18,79.75721842
6/8/18,69.58605154
6/7/18,66.85066803
6/6/18,68.87103391
6/5/18,77.52458576
6/4/18,82.47209149
6/3/18,96.70884032
6/2/18,83.30421457
6/1/18,76.83900792
5/31/18,76.75189633
5/30/18,80.48885382
5/29/18,64.34158989
5/28/18,74.64298258
5/27/18,105.8403944
5/26/18,94.68714037
5/25/18,84.64473147
5/24/18,66.71129723
5/23/18,69.5946312
5/22/18,75.45116512
5/21/18,84.89373855
5/20/18,97.85472937
5/19/18,92.84853974
5/18/18,74.29486193
5/17/18,71.68919885
5/16/18,90.81812964
5/15/18,74.97561826
5/14/18,69.5332531
5/13/18,102.9626222
5/12/18,98.66365239
5/11/18,64.46466067
5/10/18,85.00855292
5/9/18,89.22123143
5/8/18,75.07090642
5/7/18,87.08875006
5/6/18,98.0362374
5/5/18,98.88659051
5/4/18,78.21007804
5/3/18,79.05190227
5/2/18,77.70324273
5/1/18,91.0766818
4/30/18,85.33023381
4/29/18,103.7668795
4/28/18,75.18169588
4/27/18,79.87722047
4/26/18,78.17805679
4/25/18,68.75640291
4/24/18,74.99493096
4/23/18,76.63378659
4/22/18,103.969525
4/21/18,92.4201547
4/20/18,74.20076462
4/19/18,87.08647289
4/18/18,81.20984492
4/17/18,80.24270344
4/16/18,73.34898223
4/15/18,98.08840039
4/14/18,86.2160725
4/13/18,76.26670998
4/12/18,68.04559597
4/11/18,76.92694432
4/10/18,75.47975089
4/9/18,72.89493852
4/8/18,103.0102612
4/7/18,102.0149688
4/6/18,66.9350285
4/5/18,74.12716669
4/4/18,68.06837261
4/3/18,76.73672813
4/2/18,82.47463115
4/1/18,102.7334705
3/31/18,76.86849263
3/30/18,75.90864138
3/29/18,71.83802812
3/28/18,76.44063941
3/27/18,81.15599839
3/26/18,83.00034347
3/25/18,109.0836262
3/24/18,108.7306672
3/23/18,81.58218416
3/22/18,86.23872578
3/21/18,88.6768927
3/20/18,74.54491846
3/19/18,85.85011763
3/18/18,95.07577061
3/17/18,97.47958697
3/16/18,87.88967921
3/15/18,74.45177074
3/14/18,78.38429623
3/13/18,95.82831818
3/12/18,99.72611703
3/11/18,126.2912157
3/10/18,105.8689166
3/9/18,85.29951266
3/8/18,98.91925509
3/7/18,98.7948563
3/6/18,103.8223177
3/5/18,109.7760038
3/4/18,132.2694401
3/3/18,146.3962386
3/2/18,112.8979188
3/1/18,95.63405899
2/28/18,108.994016
2/27/18,100.4982862
2/26/18,96.08366455
2/25/18,145.8441828
2/24/18,119.7768335
2/23/18,104.437936
2/22/18,102.9827894
2/21/18,110.521018
2/20/18,105.354393
2/19/18,123.10248
2/18/18,136.2892293
2/17/18,117.0985784
2/16/18,109.0058176
2/15/18,85.66287851
2/14/18,105.6562059
2/13/18,99.54422387
2/12/18,101.1142028
2/11/18,109.5455436
2/10/18,85.87463218
2/9/18,85.22387785
2/8/18,81.33182273
2/7/18,71.48027201
2/6/18,72.07311859
2/5/18,88.33321163
2/4/18,112.9996774
2/3/18,98.82475748
2/2/18,86.25779277
2/1/18,78.04964662
1/31/18,80.52914833
1/30/18,101.6444336
1/29/18,96.38235165
1/28/18,117.4302623
1/27/18,123.6651628
1/26/18,106.8142298
1/25/18,104.0885881
1/24/18,108.7892144
1/23/18,103.1137992
1/22/18,103.1482879
1/21/18,147.8570565
1/20/18,142.872218
1/19/18,119.7476283
1/18/18,104.6636228
1/17/18,97.25921641
1/16/18,95.48833801
1/15/18,120.7457228
1/14/18,143.1483801
1/13/18,130.462565
1/12/18,129.1994837
1/11/18,122.3587554
1/10/18,121.7157802
1/9/18,115.4039631
1/8/18,122.3105476
1/7/18,122.6117109
1/6/18,129.7594517
1/5/18,124.7243621
1/4/18,102.9338557
1/3/18,102.4621441
1/2/18,122.6356244
1/1/18,138.227164
12/31/17,118.8783095
12/30/17,100.383794
12/29/17,117.8536173
12/28/17,123.9347385
12/27/17,138.5829758
12/26/17,161.6860707
12/25/17,144.9783238
12/24/17,138.7876797
12/23/17,139.6984177
12/22/17,125.7104915
12/21/17,132.9198159
12/20/17,113.0345086
12/19/17,116.8150508
12/18/17,137.6606911
12/17/17,140.1753585
12/16/17,135.0229272
12/15/17,118.5098793
12/14/17,100.523565
12/13/17,116.0154018
12/12/17,115.2422281
12/11/17,119.1971521
12/10/17,107.8226037
12/9/17,102.9328041
12/8/17,107.7200935
12/7/17,91.37089501
12/6/17,79.58672415
12/5/17,71.57584742
12/4/17,70.25458063
12/3/17,76.63657035
12/2/17,74.72855934
12/1/17,62.62036137
11/30/17,62.2520954
11/29/17,60.88564184
11/28/17,59.24881902
11/27/17,60.51264508
11/26/17,59.24361809
11/25/17,53.87595121
11/24/17,56.56647633
11/23/17,51.5585427
11/22/17,55.41500409
11/21/17,53.70716522
11/20/17,61.79390914
11/19/17,66.41975331
11/18/17,57.42898405
11/17/17,63.20248955
11/16/17,57.92070564
11/15/17,56.80510939
11/14/17,54.03781489
11/13/17,51.63665152
11/12/17,48.6776885
11/11/17,43.05642072
11/10/17,46.7830926
11/9/17,47.69137156
11/8/17,51.83312988
11/7/17,47.42207523
11/6/17,49.06880974
11/5/17,57.4433436
11/4/17,47.39323019
11/3/17,45.61546085
11/2/17,44.55552986
11/1/17,41.51501654
10/31/17,45.04623842
10/30/17,40.58820228
10/29/17,39.06240127
10/28/17,34.52466176
10/27/17,34.31949646
10/26/17,51.94342374
10/25/17,44.11948987
10/24/17,36.26930455
10/23/17,43.24106196
10/22/17,50.29251259
10/21/17,40.10793146
10/20/17,44.45217806
10/19/17,38.77164965
10/18/17,34.9973671
10/17/17,37.83035796
10/16/17,42.97888989
10/15/17,51.80098697
10/14/17,38.62334369
10/13/17,35.58489028
10/12/17,37.90742559
10/11/17,30.92313458
10/10/17,34.19465984
10/9/17,34.78479811
10/8/17,44.68416283
10/7/17,39.42701337
10/6/17,32.72649413
10/5/17,26.83644075
10/4/17,32.87815054
10/3/17,37.13090282
10/2/17,30.65075082
10/1/17,37.34457211
9/30/17,37.23138467
9/29/17,36.32797009
9/28/17,35.73450203
9/27/17,32.2733117
9/26/17,27.93474707
9/25/17,29.74920225
9/24/17,37.89792486
9/23/17,39.58632886
9/22/17,29.63928406
9/21/17,33.48963022
9/20/17,26.96737855
9/19/17,29.60105036
9/18/17,32.9374281
9/17/17,42.59469181
9/16/17,36.80932363
9/15/17,29.24031187
9/14/17,31.76561855
9/13/17,37.74026262
9/12/17,41.14656429
9/11/17,38.88261992
9/10/17,41.86187274
9/9/17,45.33099777
9/8/17,39.28324391
9/7/17,44.61473841
9/6/17,38.61000887
9/5/17,43.10314092
9/4/17,40.53881446
9/3/17,51.50954206
9/2/17,46.57117906
9/1/17,44.28724844
8/31/17,41.45217104
8/30/17,41.96150714
8/29/17,38.09870984
8/28/17,39.06855626
8/27/17,38.10154818
8/26/17,33.45809771
8/25/17,35.38574
8/24/17,33.847392
8/23/17,33.44718536
8/22/17,30.08731757
8/21/17,29.54474925
8/20/17,36.16574742
8/19/17,34.07811145
8/18/17,29.86722715
8/17/17,32.43956727
8/16/17,31.29502626
8/15/17,30.47374665
8/14/17,31.43433002
8/13/17,31.95824644
8/12/17,27.55040382
8/11/17,26.027902
8/10/17,24.79958132
8/9/17,24.52061362
8/8/17,27.71508959
8/7/17,27.83677164
8/6/17,29.74451123
8/5/17,31.21958226
8/4/17,28.65381876
8/3/17,23.83559739
8/2/17,26.12955137
8/1/17,39.84069042
7/31/17,23.93374216
7/30/17,29.46023902
7/29/17,27.32347138
7/28/17,23.08543479
7/27/17,24.56815375
7/26/17,21.03239897
7/25/17,22.10300926
7/24/17,27.4178394
7/23/17,34.25740878
7/22/17,26.96215023
7/21/17,21.72929349
7/20/17,28.38112053
7/19/17,18.77662366
7/18/17,20.36328288
7/17/17,19.35525048
7/16/17,21.08147031
7/15/17,18.2450928
7/14/17,18.77400931
7/13/17,20.91748689
7/12/17,22.59076711
7/11/17,21.13476407
7/10/17,26.21013872
7/9/17,25.37570975
7/8/17,26.16151762
7/7/17,21.85918035
7/6/17,23.38033525
7/5/17,23.07813981
7/4/17,22.40003229
7/3/17,24.35583469
7/2/17,24.35583469
7/1/17,25.59560941
6/30/17,21.1490258
6/29/17,20.27788388
6/28/17,21.13276007
6/27/17,19.44038486
6/26/17,20.00147999
6/25/17,25.28144661
6/24/17,24.30640245
6/23/17,24.38868186
6/22/17,21.94233591
6/21/17,21.09266247
6/20/17,21.60609954
6/19/17,21.64545121
6/18/17,25.03683236
6/17/17,23.93600562
6/16/17,20.05189107
6/15/17,19.56296739
6/14/17,18.75615448
6/13/17,20.84242232
6/12/17,22.19549847
6/11/17,28.98312431
6/10/17,24.28588306
6/9/17,23.47752597
6/8/17,23.20244107
6/7/17,22.72310696
6/6/17,23.25565152
6/5/17,23.50368831
6/4/17,23.38374217
6/3/17,24.36791957
6/2/17,20.67573528
6/1/17,20.1850442
5/31/17,18.62398445
5/30/17,18.18520836
5/29/17,16.67685935
5/28/17,17.67793355
5/27/17,15.9517178
5/26/17,17.31387883
5/25/17,17.29396973
5/24/17,16.84718405
5/23/17,15.38920235
5/22/17,14.23012173
5/21/17,13.74759876
5/20/17,13.84997255
5/19/17,15.30413481
5/18/17,14.24470856
5/17/17,13.71814648
5/16/17,14.81599473
5/15/17,12.83492853
5/14/17,11.58930372
5/13/17,12.24916757
5/12/17,12.16879616
5/11/17,12.2260379
5/10/17,12.19033687
5/9/17,11.58520894
5/8/17,11.53690093
5/7/17,11.49205505
5/6/17,10.30140883
5/5/17,11.08833045
5/4/17,10.23463428
5/3/17,9.691347142
5/2/17,9.763804489
5/1/17,10.10888755
4/30/17,10.03044569
4/29/17,9.531669862
4/28/17,8.5026213
4/27/17,9.457037685
4/26/17,8.405304287
4/25/17,8.342193256
4/24/17,9.857036836
4/23/17,11.60701771
4/22/17,9.994905943
4/21/17,9.356384251
4/20/17,9.008134759
4/19/17,8.162534869
4/18/17,8.553550691
4/17/17,9.385162822
4/16/17,11.36674565
4/15/17,9.206351772
4/14/17,8.06230794
4/13/17,9.381428808
4/12/17,8.798438695
4/11/17,9.217683956
4/10/17,9.032715181
4/9/17,11.02086775
4/8/17,9.921638827
4/7/17,9.093102252
4/6/17,8.513648876
4/5/17,8.176809835
4/4/17,7.852275705
4/3/17,9.592874472
4/2/17,9.662167658
4/1/17,7.844659186
3/31/17,7.937702897
3/30/17,8.196196962
3/29/17,7.09224807
3/28/17,7.714896109
3/27/17,7.937829247
3/26/17,9.555105035
3/25/17,7.27084078
3/24/17,8.308425859
3/23/17,7.486146964
3/22/17,7.258529606
3/21/17,7.660182752
3/20/17,7.301247534
3/19/17,8.646338325
3/18/17,8.685396764
3/17/17,8.086693175
3/16/17,7.839233664
3/15/17,8.601918964
3/14/17,8.859680324
3/13/17,9.191656141
3/12/17,11.62289184
3/11/17,8.691791389
3/10/17,7.830872005
3/9/17,8.073767027
3/8/17,7.837963208
3/7/17,8.233883327
3/6/17,9.1303419
3/5/17,9.321257542
3/4/17,8.940378975
3/3/17,8.127873249
3/2/17,8.464188956
3/1/17,7.895846253
2/28/17,7.832758262
2/27/17,8.371293955
2/26/17,10.63598312
2/25/17,8.422135269
2/24/17,7.759859252
2/23/17,7.574145673
2/22/17,7.562831953
2/21/17,7.655678424
2/20/17,7.785779366
2/19/17,7.577225749
2/18/17,7.55219851
2/17/17,6.798953851
2/16/17,7.425734198
2/15/17,6.437087987
2/14/17,7.243579505
2/13/17,7.499876742
2/12/17,7.804461051
2/11/17,7.074184272
2/10/17,6.38121454
2/9/17,6.453375623
2/8/17,6.736885784
2/7/17,6.631318054
2/6/17,7.634201121
2/5/17,7.361964003
2/4/17,6.936476559
2/3/17,6.339554222
2/2/17,8.16914874
2/1/17,7.0791516
1/31/17,6.134596708
1/30/17,7.186363262
1/29/17,8.344249086
1/28/17,7.540334482
1/27/17,7.802710073
1/26/17,5.943705467
1/25/17,5.86501738
1/24/17,6.410079393
1/23/17,7.149514269
1/22/17,8.766332525
1/21/17,8.264417972
1/20/17,7.518142923
1/19/17,6.84769147
1/18/17,5.85
1/17/17,6.317903347
1/16/17,6.87
1/15/17,7.54
1/14/17,7.754601029
1/13/17,5.97
1/12/17,6.12
1/11/17,5.612592289
1/10/17,5.96
1/9/17,6
1/8/17,7.654566827
1/7/17,5.84
1/6/17,5.47
1/5/17,6.913397894
1/4/17,7.3
1/3/17,7.41
1/2/17,7.350605502
1/1/17,11.21
12/31/16,7.43
12/30/16,6.888006338
12/29/16,6.29
12/28/16,6.89
12/27/16,6.457479207
12/26/16,6.87
12/25/16,9.63
12/24/16,6.732515009
12/23/16,5.92
12/22/16,5.72
12/21/16,5.309126288
12/20/16,4.89
12/19/16,5.56
12/18/16,6.480446816
12/17/16,6.26
12/16/16,4.93
12/15/16,4.641172303
12/14/16,4.95
12/13/16,6.2
12/12/16,5.89086973
12/11/16,5.9
12/10/16,5.36
12/9/16,5.112500847
12/8/16,5.59
12/7/16,5.64
12/6/16,4.709102487
12/5/16,5.45
12/4/16,6.05
12/3/16,5.995391038
12/2/16,4.67
12/1/16,6.05
11/30/16,4.782099955
11/29/16,4.94
11/28/16,5.29
11/27/16,5.784899422
11/26/16,5.31
11/25/16,4.78
11/24/16,4.835504836
11/23/16,5.2
11/22/16,4.65
11/21/16,4.701000949
11/20/16,4.99
11/19/16,5.57
11/18/16,5.246899408
11/17/16,5.51
11/16/16,5.66
11/15/16,5.159714068
11/14/16,5.82
11/13/16,5.88
11/12/16,6.769118707
11/11/16,5.93
11/10/16,5.74
11/9/16,5.205846618
11/8/16,5.29
11/7/16,4.92
11/6/16,6.193953269
11/5/16,5.67
11/4/16,4.37
11/3/16,5.388725266
11/2/16,4.8
11/1/16,5.59
10/31/16,5.505720295
10/30/16,7.31
10/29/16,6.03
10/28/16,5.444807456
10/27/16,4.48
10/26/16,5.55
10/25/16,5.0569612
10/24/16,5.39
10/23/16,6.42
10/22/16,5.695069107
10/21/16,5.09
10/20/16,4.12
10/19/16,5.151524484
10/18/16,5.11
10/17/16,4.4
10/16/16,5.377308524
10/15/16,5.58
10/14/16,4.72
10/13/16,4.630293198
10/12/16,5.08
10/11/16,4.42
10/10/16,4.461339772
10/9/16,6.01
10/8/16,5.39
10/7/16,4.280612743
10/6/16,4.67
10/5/16,4.96
10/4/16,4.703233756
10/3/16,4.64
10/2/16,5.74
10/1/16,5.841597034
9/30/16,4.48
9/29/16,4.63
9/28/16,4.951318246
9/27/16,5.4
9/26/16,5.2
9/25/16,7.293403139
9/24/16,6.15
9/23/16,4.76
9/22/16,4.832746053
9/21/16,5.34
9/20/16,4.87
9/19/16,4.698900267
9/18/16,5.97
9/17/16,5.91
9/16/16,5.177048052
9/15/16,5.2
9/14/16,5.32
9/13/16,5.379328247
9/12/16,6.13
9/11/16,7.09
9/10/16,6.449258071
9/9/16,5.22
9/8/16,5.16
9/7/16,4.860677003
9/6/16,4.65
9/5/16,4.87
9/4/16,7.532826528
9/3/16,5.43
9/2/16,5.05
9/1/16,4.359867669
8/31/16,4.44
8/30/16,4.84
8/29/16,5.047015298
8/28/16,6.41
8/27/16,5.51
8/26/16,4.461863687
8/25/16,4.16
8/24/16,4.82
8/23/16,4.551673793
8/22/16,5.25
8/21/16,6.55
8/20/16,5.540975669
8/19/16,4.67
8/18/16,4.78
8/17/16,3.869736283
8/16/16,4
8/15/16,5.27
8/14/16,6.038868994
8/13/16,5.67
8/12/16,4.85
8/11/16,4.549926098
8/10/16,4.73
8/9/16,4.23
8/8/16,4.884788831
8/7/16,5.9
8/6/16,6.43
8/5/16,5.444855698
8/4/16,4.92
8/3/16,4.99
8/2/16,4.750374248
8/1/16,5.33
7/31/16,6.48
7/30/16,5.194711688
7/29/16,5.43
7/28/16,4.94
7/27/16,4.739052878
7/26/16,4.63
7/25/16,4.67
7/24/16,5.737009397
7/23/16,5.67
7/22/16,4.91
7/21/16,5.288770148
7/20/16,5.68
7/19/16,5.05
7/18/16,5.877122662
7/17/16,7.59
7/16/16,7.32
7/15/16,5.413246404
7/14/16,5.49
7/13/16,5.06
7/12/16,5.515279065
7/11/16,5.49
7/10/16,7.94
7/9/16,11.5096841
7/8/16,11.56
7/7/16,10.28
7/6/16,11.16328151
7/5/16,11.43
7/4/16,12.12
7/3/16,15.1511056
7/2/16,13.38
7/1/16,12.77
6/30/16,10.7518871
6/29/16,10.6
6/28/16,11.52
6/27/16,11.02080744
6/26/16,12.68
6/25/16,13.27
6/24/16,9.111915288
6/23/16,9.27
6/22/16,8.27
6/21/16,10.28168733
6/20/16,12.46
6/19/16,15.75
6/18/16,12.84928336
6/17/16,11.17
6/16/16,10.91
6/15/16,10.27501871
6/14/16,9.38
6/13/16,11.37151935
6/12/16,11.45698612
6/11/16,11.09345186
6/10/16,9.268670933
6/9/16,10.17540293
6/8/16,9.187107351
6/7/16,8.727854104
6/6/16,11.51805012
6/5/16,13.01331768
6/4/16,8.814599018
6/3/16,8.651504177
6/2/16,8.198105233
6/1/16,8.415964206
5/31/16,8.118371402
5/30/16,9.150647553
5/29/16,10.66768995
5/28/16,8.797408525
5/27/16,7.745604157
5/26/16,7.157531951
5/25/16,6.411994439
5/24/16,6.74653752
5/23/16,9.091051787
5/22/16,11.20747224
5/21/16,8.304234429
5/20/16,7.958216361
5/19/16,6.376599915
5/18/16,7.529982603
5/17/16,6.80103818
5/16/16,6.823905815
5/15/16,8.03913685
5/14/16,7.867344993
5/13/16,7.693770793
5/12/16,7.010848135
5/11/16,6.507173153
5/10/16,7.41584264
5/9/16,8.90033923
5/8/16,10.13820345
5/7/16,8.614623603
5/6/16,8.091535496
5/5/16,7.705952731
5/4/16,8.236363359
5/3/16,7.311298808
5/2/16,7.875154353
5/1/16,9.513916856
4/30/16,7.651175947
4/29/16,6.967219528
4/28/16,6.199835721
4/27/16,6.1110568
4/26/16,7.675905918
4/25/16,6.825763756
4/24/16,8.360697878
4/23/16,8.852392349
4/22/16,8.122898259
4/21/16,8.091531109
4/20/16,8.505250737
4/19/16,7.327723816
4/18/16,7.190560973
4/17/16,8.577430201
4/16/16,8.253331536
4/15/16,7.261979709
4/14/16,7.67541812
4/13/16,7.878865974
4/12/16,6.826296836
4/11/16,7.394752413
4/10/16,9.787419938
4/9/16,8.227603479
4/8/16,6.99221411
4/7/16,6.881086364
4/6/16,7.54970245
4/5/16,7.345996843
4/4/16,8.715449159
4/3/16,8.798012302
4/2/16,8.091361956
4/1/16,7.562762604
3/31/16,6.322653606
3/30/16,7.988926727
3/29/16,8.379208316
3/28/16,8.379880419
3/27/16,10.19651487
3/26/16,10.19009422
3/25/16,8.774530813
3/24/16,8.144216786
3/23/16,8.580950295
3/22/16,7.435287522
3/21/16,6.915689644
3/20/16,8.598161209
3/19/16,7.329538713
3/18/16,7.013400466
3/17/16,7.264439428
3/16/16,8.278465456
3/15/16,8.061558806
3/14/16,8.317347279
3/13/16,8.432356391
3/12/16,9.656607047
3/11/16,8.948277414
3/10/16,8.786040257
3/9/16,9.196733343
3/8/16,8.024932739
3/7/16,8.796343159
3/6/16,8.382910325
3/5/16,6.5763179
3/4/16,7.563652548
3/3/16,6.470446946
3/2/16,6.410271078
3/1/16,5.393838707
2/29/16,5.627599466
2/28/16,6.552574145
2/27/16,7.845589646
2/26/16,7.668770821
2/25/16,7.760128281
2/24/16,5.862188155
2/23/16,5.78880111
2/22/16,5.941713796
2/21/16,6.625687131
2/20/16,7.790337523
2/19/16,7.098776174
2/18/16,8.943960426
2/17/16,6.515014138
2/16/16,6.529519523
2/15/16,7.260826338
2/14/16,9.656591805
2/13/16,9.066555485
2/12/16,7.546255113
2/11/16,8.023181792
2/10/16,6.731750038
2/9/16,6.888794449
2/8/16,6.926160347
2/7/16,8.161271329
2/6/16,7.720379116
2/5/16,8.128623454
2/4/16,8.264146525
2/3/16,8.097153938
2/2/16,6.692110966
2/1/16,6.940895729
1/31/16,10.07045907
1/30/16,8.048119476
1/29/16,7.45400658
1/28/16,6.19626362
1/27/16,6.790077302
1/26/16,7.137961115
1/25/16,8.030676426
1/24/16,8.754821203
1/23/16,9.380019155
1/22/16,7.121869831
1/21/16,6.58652968
1/20/16,7.483610835
1/19/16,6.929569106
1/18/16,7.947500818
1/17/16,7.287064528
1/16/16,6.831829575
1/15/16,6.579715297
1/14/16,7.874763148
1/13/16,8.650670205
1/12/16,10.07083659
1/11/16,10.50388268
1/10/16,11.59177543
1/9/16,10.10461502
1/8/16,11.04584048
1/7/16,9.269434597
1/6/16,8.324820541
1/5/16,9.746706497
1/4/16,11.20564592
1/3/16,11.37520019
1/2/16,11.0204705
1/1/16,11.86937722
12/31/15,9.487584261
12/30/15,10.37117258
12/29/15,8.832817365
12/28/15,10.30490179
12/27/15,14.23928518
12/26/15,11.44126071
12/25/15,8.352156156
12/24/15,7.904840108
12/23/15,8.305833548
12/22/15,6.961846188
12/21/15,7.24819179
12/20/15,9.672483219
12/19/15,8.311525555
12/18/15,9.437265267
12/17/15,8.283245355
12/16/15,8.656451326
12/15/15,9.591720455
12/14/15,8.93014596
12/13/15,8.858253891
12/12/15,8.894416515
12/11/15,9.28558064
12/10/15,9.700468191
12/9/15,8.265536685
12/8/15,8.2391965
12/7/15,8.105868302
12/6/15,9.00028906
12/5/15,9.394267342
12/4/15,7.984052184
12/3/15,8.439668708
12/2/15,7.546336411
12/1/15,9.415382747
11/30/15,8.853200597
11/29/15,10.9841469
11/28/15,7.584822088
11/27/15,7.672885735
11/26/15,8.617082499
11/25/15,8.260200836
11/24/15,8.458445344
11/23/15,9.15270186
11/22/15,11.13449923
11/21/15,9.461054638
11/20/15,8.267237378
11/19/15,7.503348193
11/18/15,8.431775187
11/17/15,8.599678049
11/16/15,9.654310927
11/15/15,9.726027369
11/14/15,8.134543299
11/13/15,8.88967437
11/12/15,8.938367689
11/11/15,8.066210366
11/10/15,8.268487697
11/9/15,9.630178095
11/8/15,9.974709649
11/7/15,9.833427767
11/6/15,8.276017529
11/5/15,7.943969661
11/4/15,8.11701844
11/3/15,9.221020747
11/2/15,7.79940591
11/1/15,7.958116286
10/31/15,8.25265637
10/30/15,8.249060859
10/29/15,6.995289756
10/28/15,6.828410636
10/27/15,8.283551187
10/26/15,8.647454003
10/25/15,9.724540022
10/24/15,6.962370142
10/23/15,7.357808948
10/22/15,7.216281287
10/21/15,6.107895374
10/20/15,6.260422943
10/19/15,8.315222262
10/18/15,7.812963312
10/17/15,7.812963312
10/16/15,6.922985129
10/15/15,7.113553324
10/14/15,6.64901875
10/13/15,6.377275971
10/12/15,6.297483496
10/11/15,6.845489849
10/10/15,8.06233971
10/9/15,7.166279214
10/8/15,6.85851067
10/7/15,6.324675175
10/6/15,5.978491714
10/5/15,6.494872775
10/4/15,9.280871266
10/3/15,9.005827103
10/2/15,6.88279711
10/1/15,6.828836906
9/30/15,6.821970195
9/29/15,6.569198166
9/28/15,6.943964167
9/27/15,6.389502235
9/26/15,7.858926307
9/25/15,8.12308737
9/24/15,6.83774575
9/23/15,6.435206055
9/22/15,6.856798869
9/21/15,6.04441079
9/20/15,6.562676409
9/19/15,6.503734666
9/18/15,4.485858546
9/17/15,3.44291598
9/16/15,5.071006274
9/15/15,5.686504853
9/14/15,5.654428824
9/13/15,6.178353904
9/12/15,5.263464484
9/11/15,6.318760527
9/10/15,9.514170964
9/9/15,6.628290377
9/8/15,6.717968616
9/7/15,7.471127371
9/6/15,9.046467046
9/5/15,6.500823637
9/4/15,8.935631292
9/3/15,6.305731851
9/2/15,6.521332627
9/1/15,7.155002766
8/31/15,7.829469848
8/30/15,8.871125539
8/29/15,9.756751786
8/28/15,7.214141686
8/27/15,7.354307081
8/26/15,7.980910274
8/25/15,6.169194787
8/24/15,7.195706595
8/23/15,8.23347428
8/22/15,8.066940767
8/21/15,7.778233099
8/20/15,7.417964764
8/19/15,7.260881625
8/18/15,7.714673981
8/17/15,9.136632875
8/16/15,10.98179446
8/15/15,10.98179446
8/14/15,8.904782802
8/13/15,8.342355442
8/12/15,8.428436824
8/11/15,10.49653314
8/10/15,9.665577773
8/9/15,10.49972056
8/8/15,12.08243489
8/7/15,10.20423022
8/6/15,8.021441143
8/5/15,7.688289648
8/4/15,6.910653379
8/3/15,7.803630226
8/2/15,11.74524358
8/1/15,11.19629122
7/31/15,7.113695113
7/30/15,8.205867624
7/29/15,7.439733427
7/28/15,8.029761739
7/27/15,9.930040655
7/26/15,10.20224142
7/25/15,11.31168734
7/24/15,10.97071462
7/23/15,11.04456815
7/22/15,9.299677726
7/21/15,7.137171533
7/20/15,7.977872202
7/19/15,8.993212736
7/18/15,8.108264313
7/17/15,9.323358399
7/16/15,8.53411968
7/15/15,9.752120319
7/14/15,9.222691679
7/13/15,8.570289206
7/12/15,4.630629832
7/11/15,5.280167929
7/10/15,6.259778505
7/9/15,4.828591548
7/8/15,5.049169133
7/7/15,5.247739747
7/6/15,7.31037353
7/5/15,7.70886069
7/4/15,9.703301021
7/3/15,8.50199516
7/2/15,7.488833738
7/1/15,6.624519684
6/30/15,6.112053928
6/29/15,6.346402824
6/28/15,7.458905899
6/27/15,7.791192362
6/26/15,7.342522686
6/25/15,7.754621411
6/24/15,9.008072972
6/23/15,7.969409195
6/22/15,6.812222835
6/21/15,8.161126008
6/20/15,8.143214697
6/19/15,7.170630168
6/18/15,8.128235807
6/17/15,7.872716207
6/16/15,6.679454792
6/15/15,6.809417974
6/14/15,7.286461944
6/13/15,8.403593601
6/12/15,6.780549499
6/11/15,6.287466526
6/10/15,7.123598648
6/9/15,7.274264634
6/8/15,8.090999974
6/7/15,8.583004562
6/6/15,12.21993462
6/5/15,8.891128866
6/4/15,7.286407475
6/3/15,6.341961718
6/2/15,6.436864967
6/1/15,6.179544906
5/31/15,9.041354074
5/30/15,8.907312807
5/29/15,5.422078295
5/28/15,7.188589512
5/27/15,7.142692875
5/26/15,7.881823541
5/25/15,8.242121717
5/24/15,8.073188241
5/23/15,9.665291831
5/22/15,8.224533714
5/21/15,8.523451402
5/20/15,9.063484124
5/19/15,7.304456793
5/18/15,7.440321869
5/17/15,8.304667824
5/16/15,8.96633895
5/15/15,8.172987799
5/14/15,9.117962218
5/13/15,9.692963676
5/12/15,9.083982875
5/11/15,8.37087202
5/10/15,9.767748812
5/9/15,8.61143314
5/8/15,7.726907422
5/7/15,7.553248172
5/6/15,8.336744754
5/5/15,7.460367678
5/4/15,7.86616705
5/3/15,8.313123778
5/2/15,9.677762126
5/1/15,9.697285095
4/30/15,8.18500038
4/29/15,6.886730341
4/28/15,7.935935816
4/27/15,7.80262554
4/26/15,7.051199923
4/25/15,10.46624057
4/24/15,8.956656414
4/23/15,6.299154186
4/22/15,8.455819175
4/21/15,7.498772095
4/20/15,7.868562261
4/19/15,10.23712339
4/18/15,8.922834799
4/17/15,7.385296764
4/16/15,8.313401662
4/15/15,7.645688669
4/14/15,6.415512844
4/13/15,8.431909379
4/12/15,7.598683536
4/11/15,9.093859862
4/10/15,8.903260711
4/9/15,7.394151072
4/8/15,7.466544279
4/7/15,9.558633902
4/6/15,9.121184048
4/5/15,8.174702077
4/4/15,11.92662171
4/3/15,10.4174213
4/2/15,9.289550019
4/1/15,7.060396687
3/31/15,6.840616162
3/30/15,8.626112409
3/29/15,11.52657398
3/28/15,10.56779809
3/27/15,10.50734834
3/26/15,10.48596073
3/25/15,9.575603663
3/24/15,10.89382732
3/23/15,9.905560135
3/22/15,9.551294931
3/21/15,10.30805398
3/20/15,8.807551788
3/19/15,8.922129009
3/18/15,9.138266448
3/17/15,10.49437025
3/16/15,9.882334465
3/15/15,9.782852936
3/14/15,11.03540099
3/13/15,10.7569012
3/12/15,10.43786118
3/11/15,11.63339356
3/10/15,11.87634022
3/9/15,9.922663356
3/8/15,12.4502854
3/7/15,12.38533285
3/6/15,10.35203713
3/5/15,8.715453444
3/4/15,7.874510356
3/3/15,10.58410431
3/2/15,10.2029402
3/1/15,9.651804148
2/28/15,10.79491759
2/27/15,9.144859654
2/26/15,9.737956381
2/25/15,8.469086711
2/24/15,7.628651995
2/23/15,7.961731905
2/22/15,8.408799827
2/21/15,10.18698421
2/20/15,9.195559158
2/19/15,10.48444592
2/18/15,9.999054999
2/17/15,9.075365119
2/16/15,9.597265898
2/15/15,11.93619742
2/14/15,9.613243161
2/13/15,9.264118257
2/12/15,7.683834479
2/11/15,8.065643137
2/10/15,8.465672688
2/9/15,9.000347867
2/8/15,8.938830795
2/7/15,8.676175105
2/6/15,11.91961691
2/5/15,11.58894319
2/4/15,8.902154774
2/3/15,9.248312384
2/2/15,8.570101071
2/1/15,9.87866154
1/31/15,11.41615961
1/30/15,10.65929538
1/29/15,9.288599583
1/28/15,16.13671691
1/27/15,11.06015993
1/26/15,9.772475791
1/25/15,8.98664656
1/24/15,9.487382161
1/23/15,8.289319201
1/22/15,8.619694454
1/21/15,9.266950589
1/20/15,7.380052069
1/19/15,8.211526386
1/18/15,8.780363671
1/17/15,9.066132779
1/16/15,7.455666494
1/15/15,6.824926686
1/14/15,6.576057848
1/13/15,8.565344769
1/12/15,6.149144313
1/11/15,11.36263177
1/10/15,10.99939219
1/9/15,9.293356627
1/8/15,10.03952819
1/7/15,11.47419243
1/6/15,11.06163251
1/5/15,12.50300138
1/4/15,16.28993853
1/3/15,13.2029695
1/2/15,15.00481251
1/1/15,22.13829364
12/31/14,22.26278514
12/30/14,14.72798443
12/29/14,17.00031747
12/28/14,16.70329161
12/27/14,17.7787771
12/26/14,16.46751817
12/25/14,16.54635202
12/24/14,19.1267973
12/23/14,13.09712937
12/22/14,13.72562333
12/21/14,12.03900108
12/20/14,13.26416484
12/19/14,12.59113703
12/18/14,10.74501173
12/17/14,11.8313621
12/16/14,10.82580893
12/15/14,11.38112633
12/14/14,17.24158851
12/13/14,15.81793686
12/12/14,15.79461402
12/11/14,16.04069383
12/10/14,15.08972142
12/9/14,15.91254909
12/8/14,17.5306791
12/7/14,16.33993254
12/6/14,14.86269892
12/5/14,17.12430037
12/4/14,15.14840409
12/3/14,13.69033096
12/2/14,14.29546418
12/1/14,13.50582938
11/30/14,14.387661
11/29/14,21.46656999
11/28/14,17.53369985
11/27/14,16.99794527
11/26/14,16.21956788
11/25/14,14.80494918
11/24/14,14.77869851
11/23/14,16.66509609
11/22/14,17.10441812
11/21/14,18.31082074
11/20/14,15.32243554
11/19/14,14.54042715
11/18/14,14.75543409
11/17/14,16.72835485
11/16/14,16.94255607
11/15/14,19.02085413
11/14/14,19.55030165
11/13/14,16.38929133
11/12/14,14.88301088
11/11/14,14.87994529
11/10/14,14.78750968
11/9/14,17.55735083
11/8/14,19.41111036
11/7/14,17.80882475
11/6/14,13.81393804
11/5/14,13.74137837
11/4/14,15.37726888
11/3/14,14.96925984
11/2/14,17.18740101
11/1/14,17.70079154
10/31/14,17.62376013
10/30/14,16.40026963
10/29/14,15.66610598
10/28/14,13.74987692
10/27/14,17.40057124
10/26/14,16.62495164
10/25/14,16.42686533
10/24/14,18.76267898
10/23/14,17.94868488
10/22/14,16.49087606
10/21/14,20.19403476
10/20/14,16.69279424
10/19/14,16.9893668
10/18/14,24.82612055
10/17/14,23.75974436
10/16/14,17.91400927
10/15/14,20.82665481
10/14/14,18.83390595
10/13/14,17.75618866
10/12/14,21.42538385
10/11/14,21.17230366
10/10/14,19.63611694
10/9/14,16.12775813
10/8/14,17.10279717
10/7/14,14.17388178
10/6/14,17.79328922
10/5/14,17.68727737
10/4/14,19.64906139
10/3/14,19.06024914
10/2/14,17.69264629
10/1/14,18.68925834
9/30/14,19.11584781
9/29/14,18.56136964
9/28/14,18.03821268
9/27/14,21.89491852
9/26/14,19.22225419
9/25/14,21.13110456
9/24/14,24.07588568
9/23/14,21.77017262
9/22/14,22.51163902
9/21/14,29.91056791
9/20/14,28.20571646
9/19/14,28.90214298
9/18/14,29.13896653
9/17/14,24.89551659
9/16/14,26.59901735
9/15/14,25.29610828
9/14/14,23.79000162
9/13/14,30.67538049
9/12/14,27.78746684
9/11/14,28.62894665
9/10/14,28.13736645
9/9/14,21.70004236
9/8/14,19.35003055
9/7/14,25.47977757
9/6/14,36.36054183
9/5/14,29.99287565
9/4/14,27.0682772
9/3/14,29.64721863
9/2/14,26.15943917
9/1/14,24.24368386
8/31/14,46.31139658
8/30/14,39.0697113
8/29/14,34.01351819
8/28/14,36.8406583
8/27/14,33.37885288
8/26/14,27.9595016
8/25/14,26.5988965
8/24/14,25.51910918
8/23/14,38.13243553
8/22/14,32.80808513
8/21/14,30.64658015
8/20/14,29.33694952
8/19/14,33.08550394
8/18/14,33.34934666
8/17/14,30.20025228
8/16/14,29.58581727
8/15/14,28.97703713
8/14/14,29.19715917
8/13/14,29.89844838
8/12/14,28.87444748
8/11/14,32.773616
8/10/14,48.38972798
8/9/14,45.15663851
8/8/14,40.51835673
8/7/14,34.1749287
8/6/14,32.67794831
8/5/14,28.31260086
8/4/14,30.16278889
8/3/14,31.88617173
8/2/14,42.73873111
8/1/14,36.98229
7/31/14,33.31899456
7/30/14,33.40981379
7/29/14,37.96766737
7/28/14,33.57037421
7/27/14,33.59491345
7/26/14,38.46628039
7/25/14,36.34652552
7/24/14,37.55748238
7/23/14,35.01857421
7/22/14,33.05000813
7/21/14,33.27824719
7/20/14,50.02863278
7/19/14,48.53013098
7/18/14,46.49111301
7/17/14,41.51791788
7/16/14,39.0987791
7/15/14,37.81765107
7/14/14,34.82112892
7/13/14,37.81920938
7/12/14,45.83030138
7/11/14,42.24703072
7/10/14,39.54354385
7/9/14,37.30506314
7/8/14,36.15884999
7/7/14,36.17071757
7/6/14,36.13510319
7/5/14,50.24581125
7/4/14,49.66765413
7/3/14,41.16758857
7/2/14,33.28811794
7/1/14,33.68306656
6/30/14,31.88709854
6/29/14,49.6067656
6/28/14,49.70944097
6/27/14,49.16623104
6/26/14,41.8801946
6/25/14,39.11110755
6/24/14,41.44898055
6/23/14,52.56574694
6/22/14,41.33859095
6/21/14,57.13876381
6/20/14,50.78634981
6/19/14,45.93343598
6/18/14,36.72271887
6/17/14,42.88982256
6/16/14,39.63307046
6/15/14,46.30924143
6/14/14,52.45431767
6/13/14,41.72027747
6/12/14,37.66087478
6/11/14,38.9100659
6/10/14,38.01859084
6/9/14,44.05074748
6/8/14,48.54373422
6/7/14,51.33492562
6/6/14,47.13969859
6/5/14,37.90045945
6/4/14,35.92120309
6/3/14,44.51050531
6/2/14,49.20001595
6/1/14,46.29419654
5/31/14,57.14446731
5/30/14,38.31399301
5/29/14,37.18690685
5/28/14,28.31815562
5/27/14,30.5938907
5/26/14,28.09536381
5/25/14,37.59896649
5/24/14,38.93757063
5/23/14,37.77804561
5/22/14,28.01651817
5/21/14,33.82738348
5/20/14,31.05462331
5/19/14,31.28939312
5/18/14,41.94747549
5/17/14,34.05116599
5/16/14,37.04019145
5/15/14,27.47078875
5/14/14,25.68266489
5/13/14,24.03874541
5/12/14,24.6574428
5/11/14,24.80853934
5/10/14,35.0165486
5/9/14,30.2132034
5/8/14,27.81178704
5/7/14,25.25974149
5/6/14,28.79964155
5/5/14,26.16098637
5/4/14,21.15779973
5/3/14,31.37040627
5/2/14,27.96156794
5/1/14,31.56967782
4/30/14,25.8212881
4/29/14,25.71251192
4/28/14,27.62607504
4/27/14,42.99664019
4/26/14,36.55855294
4/25/14,35.40402142
4/24/14,28.43052132
4/23/14,26.80371274
4/22/14,29.6444717
4/21/14,38.86248032
4/20/14,37.99924087
4/19/14,43.13903308
4/18/14,40.41647337
4/17/14,33.1745894
4/16/14,32.14716122
4/15/14,31.46149613
4/14/14,31.99900924
4/13/14,32.14827937
4/12/14,39.06537374
4/11/14,32.82302618
4/10/14,23.92939872
4/9/14,29.06453377
4/8/14,25.07853076
4/7/14,25.35889716
4/6/14,34.89981625
4/5/14,34.47331275
4/4/14,34.01117396
4/3/14,37.14569946
4/2/14,34.57489791
4/1/14,30.91722092
3/31/14,35.40165463
3/30/14,30.49998415
3/29/14,30.30903258
3/28/14,32.63865435
3/27/14,33.36361796
3/26/14,30.71042571
3/25/14,32.09952735
3/24/14,30.31973649
3/23/14,42.33421389
3/22/14,38.72596725
3/21/14,35.56021927
3/20/14,35.59230884
3/19/14,35.53829762
3/18/14,35.07749551
3/17/14,39.37639294
3/16/14,58.75284828
3/15/14,42.81223225
3/14/14,42.34981244
3/13/14,41.47133333
3/12/14,36.14873122
3/11/14,35.61919652
3/10/14,37.19442851
3/9/14,38.54724957
3/8/14,42.80400855
3/7/14,45.67336846
3/6/14,37.40715651
3/5/14,37.282415
3/4/14,33.87385615
3/3/14,27.54890509
3/2/14,32.72585245
3/1/14,34.90633477
2/28/14,33.50831965
2/27/14,38.02964847
2/26/14,40.68028052
2/25/14,37.14736841
2/24/14,26.82615114
2/23/14,43.50167395
2/22/14,48.75661704
2/21/14,41.60703892
2/20/14,39.67896072
2/19/14,34.87288672
2/18/14,45.02384048
2/17/14,40.45345566
2/16/14,46.77960048
2/15/14,53.09933961
2/14/14,41.18797039
2/13/14,42.01282546
2/12/14,42.78541532
2/11/14,44.54335
2/10/14,44.60841074
2/9/14,37.74319009
2/8/14,55.80412605
2/7/14,48.41044811
2/6/14,42.78710449
2/5/14,52.09760566
2/4/14,50.48269367
2/3/14,52.09922051
2/2/14,75.78309754
2/1/14,72.50917917
1/31/14,70.87513424
1/30/14,59.72321932
1/29/14,52.65798536
1/28/14,51.54350176
1/27/14,64.65420652
1/26/14,51.63712837
1/25/14,64.2296043
1/24/14,60.41988364
1/23/14,57.13719529
1/22/14,57.15597022
1/21/14,49.91805255
1/20/14,49.6381337
1/19/14,64.87582856
1/18/14,68.46312509
1/17/14,61.47219197
1/16/14,52.13156498
1/15/14,64.37882165
1/14/14,60.27327792
1/13/14,57.03118984
1/12/14,95.78659086
1/11/14,82.16944512
1/10/14,81.92876789
1/9/14,74.77744857
1/8/14,62.90078455
1/7/14,64.81946616
1/6/14,65.88179288
1/5/14,61.55556223
1/4/14,72.51749431
1/3/14,52.73354982
1/2/14,51.65372981
1/1/14,57.32348877
12/31/13,70.30534216
12/30/13,59.11412317
12/29/13,63.62688094
12/28/13,59.31514249
12/27/13,60.37044415
12/26/13,56.90878883
12/25/13,47.96611631
12/24/13,49.71525904
12/23/13,47.36843684
12/22/13,50.53637851
12/21/13,51.42418951
12/20/13,42.34887555
12/19/13,43.38895571
12/18/13,51.38481995
12/17/13,37.17070246
12/16/13,82.7845941
12/15/13,54.38026629
12/14/13,72.9244747
12/13/13,67.06493601
12/12/13,60.83099604
12/11/13,59.01273522
12/10/13,66.05120747
12/9/13,69.63089136
12/8/13,74.30007506
12/7/13,60.98443166
12/6/13,46.66273278
12/5/13,66.38806347
12/4/13,59.08532012
12/3/13,64.17700469
12/2/13,64.66919005
12/1/13,82.93035229
11/30/13,70.63997023
11/29/13,55.70162635
11/28/13,45.59203987
11/27/13,45.32141947
11/26/13,44.03972842
11/25/13,51.65601822
11/24/13,51.13454829
11/23/13,59.92788363
11/22/13,41.82233727
11/21/13,41.43272969
11/20/13,36.45786917
11/19/13,29.24173096
11/18/13,23.44442822
11/17/13,32.86339791
11/16/13,46.04208701
11/15/13,41.29857447
11/14/13,28.22522254
11/13/13,23.52710208
11/12/13,29.29656474
11/11/13,28.70437105
11/10/13,25.29816501
11/9/13,22.08297014
11/8/13,22.62970313
11/7/13,16.72076623
11/6/13,19.77850352
11/5/13,19.55669374
11/4/13,24.41933074
11/3/13,27.09606357
11/2/13,28.43862627
11/1/13,23.84124821
10/31/13,20.13214508
10/30/13,18.75948279
10/29/13,16.65524749
10/28/13,15.58361321
10/27/13,18.23085227
10/26/13,17.89325645
10/25/13,18.30855024
10/24/13,17.45625549
10/23/13,19.84169797
10/22/13,19.45932804
10/21/13,18.51436662
10/20/13,19.30146714
10/19/13,18.0352192
10/18/13,16.64425593
10/17/13,12.62192144
10/16/13,14.316191
10/15/13,15.04658845
10/14/13,14.88450181
10/13/13,15.75340387
10/12/13,14.57195286
10/11/13,11.65513466
10/10/13,10.37334974
10/9/13,10.73261992
10/8/13,13.40686997
10/7/13,11.31359944
10/6/13,11.02637215
10/5/13,14.74617041
10/4/13,13.44867961
10/3/13,9.981130009
10/2/13,11.35626972
10/1/13,7.523524165
9/30/13,11.34155748
9/29/13,13.39026772
9/28/13,12.94779473
9/27/13,12.18546798
9/26/13,8.931085553
9/25/13,9.821358409
9/24/13,11.48905245
9/23/13,9.960324618
9/22/13,11.34781243
9/21/13,12.06453441
9/20/13,10.4041392
9/19/13,10.21432107
9/18/13,10.48679073
9/17/13,8.801017283
9/16/13,8.687957641
9/15/13,10.63858784
9/14/13,15.85681978
9/13/13,14.29441364
9/12/13,13.99565857
9/11/13,12.69651863
9/10/13,12.65262563
9/9/13,10.77885418
9/8/13,10.35423834
9/7/13,9.555777276
9/6/13,9.088073242
9/5/13,9.054138926
9/4/13,8.495426754
9/3/13,10.84090973
9/2/13,13.93935976
9/1/13,15.37634038
8/31/13,16.00161262
8/30/13,10.30298064
8/29/13,10.05661555
8/28/13,9.698222186
8/27/13,7.666669542
8/26/13,8.380253048
8/25/13,8.567545957
8/24/13,9.930287805
8/23/13,9.962212391
8/22/13,9.696122997
8/21/13,9.638934818
8/20/13,8.971615996
8/19/13,7.183400712
8/18/13,8.719398447
8/17/13,9.260179546
8/16/13,7.811023239
8/15/13,7.611835192
8/14/13,7.057699097
8/13/13,7.713667499
8/12/13,11.41449873
8/11/13,13.17622711
8/10/13,13.6151539
8/9/13,10.27681302
8/8/13,10.07801319
8/7/13,9.109827127
8/6/13,9.405509752
8/5/13,9.745526439
8/4/13,10.7215164
8/3/13,9.801136869
8/2/13,9.526372058
8/1/13,9.50559484
7/31/13,10.64885803
7/30/13,10.14805487
7/29/13,11.87703652
7/28/13,10.88904615
7/27/13,13.28730768
7/26/13,10.99216813
7/25/13,8.374525613
7/24/13,7.865823563
7/23/13,9.094388589
7/22/13,9.632101791
7/21/13,11.1381364
7/20/13,11.81799401
7/19/13,10.48748082
7/18/13,10.46142219
7/17/13,9.481078199
7/16/13,10.05488802
7/15/13,10.34032952
7/14/13,11.50896722
7/13/13,10.09688864
7/12/13,9.048718776
7/11/13,8.123780597
7/10/13,9.619153946
7/9/13,8.592049974
7/8/13,9.24478121
7/7/13,10.82052892
7/6/13,11.53160797
7/5/13,8.87195491
7/4/13,9.76198053
7/3/13,9.861857639
7/2/13,10.3151594
7/1/13,9.822964851
6/30/13,10.30418136
6/29/13,12.04714494
6/28/13,8.75181411
6/27/13,8.492855725
6/26/13,9.18799521
6/25/13,9.13479543
6/24/13,8.512016417
6/23/13,8.99136607
6/22/13,11.04320262
6/21/13,11.13424749
6/20/13,9.174246141
6/19/13,7.848935953
6/18/13,7.267476174
6/17/13,8.41763962
6/16/13,10.81854905
6/15/13,11.73769837
6/14/13,10.89405026
6/13/13,11.77061586
6/12/13,12.24116669
6/11/13,11.75131991
6/10/13,10.4795532
6/9/13,11.22311051
6/8/13,8.968122174
6/7/13,9.264837414
6/6/13,8.252180443
6/5/13,9.697415504
6/4/13,11.57595467
6/3/13,10.65722532
6/2/13,12.15954706
6/1/13,13.24031508
5/31/13,12.30341775
5/30/13,10.38334321
5/29/13,10.0852343
5/28/13,10.06108496
5/27/13,9.551115093
5/26/13,13.39530283
5/25/13,13.63024714
5/24/13,10.3493257
5/23/13,9.094797584
5/22/13,9.347772144
5/21/13,9.553383598
5/20/13,8.166954465
5/19/13,8.56711287
5/18/13,10.00533111
5/17/13,8.228186097
5/16/13,8.408226649
5/15/13,6.999360185
5/14/13,6.978180119
5/13/13,7.011724367
5/12/13,8.615751548
5/11/13,7.425734584
5/10/13,7.273756569
5/9/13,7.335837614
5/8/13,9.603723915
5/7/13,9.922714611
5/6/13,8.017739593
5/5/13,9.351367102
5/4/13,9.274901533
5/3/13,9.014959207
5/2/13,7.220791273
5/1/13,6.700218402
4/30/13,8.77346567
4/29/13,11.86102461
4/28/13,12.90247938
4/27/13,13.95866608
4/26/13,11.09255052
4/25/13,10.43398281
4/24/13,9.936583792
4/23/13,8.908069191
4/22/13,9.539252702
4/21/13,10.82213075
4/20/13,9.592537267
4/19/13,9.472132622
4/18/13,6.567802222
4/17/13,5.356594343
4/16/13,6.44545185
4/15/13,6.392419107
4/14/13,7.146364786
4/13/13,7.02725724
4/12/13,7.949286679
4/11/13,9.527151261
4/10/13,7.58353457
4/9/13,13.43304272
4/8/13,10.48835382
4/7/13,12.38745864
4/6/13,11.15961867
4/5/13,9.283939524
4/4/13,9.3672761
4/3/13,7.79782007
4/2/13,7.909067282
4/1/13,7.995808057
3/31/13,10.75135004
3/30/13,6.728029296
3/29/13,6.385083012
3/28/13,6.222268711
3/27/13,5.038960773
3/26/13,5.485184544
3/25/13,6.509492666
3/24/13,6.182722418
3/23/13,7.684639001
3/22/13,5.769732078
3/21/13,6.54649123
3/20/13,7.704862556
3/19/13,7.01275596
3/18/13,5.387948297
3/17/13,5.456808662
3/16/13,7.090456077
3/15/13,3.347687023
3/14/13,3.392085369
3/13/13,3.760728264
3/12/13,3.48653205
3/11/13,3.04105224
3/10/13,3.32292602
3/9/13,3.388148393
3/8/13,4.139659199
3/7/13,2.456890487
3/6/13,2.67453217
3/5/13,2.938498126
3/4/13,2.715823623
3/3/13,2.602751949
3/2/13,2.639043519
3/1/13,2.143519728
2/28/13,2.142108891
2/27/13,2.381519902
2/26/13,2.557457744
2/25/13,2.355012469
2/24/13,2.292750589
2/23/13,2.173450202
2/22/13,2.187425736
2/21/13,2.140308571
2/20/13,2.511461737
2/19/13,2.017112759
2/18/13,2.17486165
2/17/13,2.352839104
2/16/13,2.637111534
2/15/13,2.525301457
2/14/13,2.09071312
2/13/13,1.870934824
2/12/13,1.807964742
2/11/13,1.586457347
2/10/13,1.853696248
2/9/13,1.705545473
2/8/13,1.603862505
2/7/13,1.441521959
2/6/13,1.424920553
2/5/13,1.849798667
2/4/13,1.584473478
2/3/13,1.62855515
2/2/13,1.544046823
2/1/13,1.35231824
1/31/13,1.453876242
1/30/13,2.227411071
1/29/13,1.549812373
1/28/13,1.514072029
1/27/13,1.319544733
1/26/13,1.430136912
1/25/13,1.252675954
1/24/13,1.43781783
1/23/13,1.224858951
1/22/13,1.237166501
1/21/13,1.412923456
1/20/13,1.289598962
1/19/13,1.272009079
1/18/13,1.006905102
1/17/13,0.864420279
1/16/13,0.997028175
1/15/13,0.876606606
1/14/13,1.387265531
1/13/13,1.26841937
1/12/13,0.942869057
1/11/13,0.814991815
1/10/13,0.802873464
1/9/13,1.059378515
1/8/13,1.312292195
1/7/13,1.418170952
1/6/13,1.394244126
1/5/13,1.258582303
1/4/13,1.306741157
1/3/13,0.963793026
1/2/13,1.340367223
1/1/13,1.350448879
12/31/12,1.953598987
12/30/12,1.377044278
12/29/12,1.251511264
12/28/12,1.177247248
12/27/12,1.227459348
12/26/12,1.268308634
12/25/12,1.36050946
12/24/12,1.319751289
12/23/12,1.161951805
12/22/12,1.197012505
12/21/12,1.004087535
12/20/12,1.027137341
12/19/12,1.036603659
12/18/12,0.850551769
12/17/12,0.916561773
12/16/12,1.051989713
12/15/12,1.275547604
12/14/12,1.222515874
12/13/12,0.883830521
12/12/12,1.234196401
12/11/12,1.255796599
12/10/12,1.371843467
12/9/12,1.273611028
12/8/12,1.348962178
12/7/12,1.446149983
12/6/12,1.311718817
12/5/12,1.326894782
12/4/12,1.231341934
12/3/12,2.08198959
12/2/12,2.132124322
12/1/12,2.337981027
11/30/12,1.428964384
11/29/12,1.447727673
11/28/12,1.340559411
11/27/12,3.741295006
11/26/12,3.258527269
11/25/12,2.899196079
11/24/12,3.354138096
11/23/12,3.455741287
11/22/12,2.871589797
11/21/12,2.198433514
11/20/12,2.209089296
11/19/12,2.514829744
11/18/12,2.682762823
11/17/12,2.846976828
11/16/12,2.436571062
11/15/12,2.13719515
11/14/12,2.010902843
11/13/12,2.731018788
11/12/12,3.257741775
11/11/12,3.205429174
11/10/12,3.050546317
11/9/12,3.671174849
11/8/12,2.997240326
11/7/12,2.578037253
11/6/12,2.556711573
11/5/12,2.647684356
11/4/12,2.597897646
11/3/12,3.305762203
11/2/12,3.008587512
11/1/12,2.965767592
10/31/12,3.155059163
10/30/12,2.715866723
10/29/12,2.709056131
10/28/12,4.906947942
10/27/12,5.165515218
10/26/12,5.524158954
10/25/12,3.172713068
10/24/12,2.880245325
10/23/12,2.754290991
10/22/12,2.148317095
10/21/12,2.757444666
10/20/12,2.349571906
10/19/12,3.334105418
10/18/12,3.348826449
10/17/12,3.267625374
10/16/12,2.722884667
10/15/12,2.732003048
10/14/12,3.188415965
10/13/12,2.891605147
10/12/12,2.38455357
10/11/12,3.799636364
10/10/12,3.064647426
10/9/12,2.814596187
10/8/12,2.502127956
10/7/12,2.696703388
10/6/12,2.763629047
10/5/12,2.576597745
10/4/12,2.826585965
10/3/12,3.02835311
10/2/12,2.774771095
10/1/12,3.504561306
9/30/12,3.888023148
9/29/12,4.491303215
9/28/12,3.370689737
9/27/12,3.43668834
9/26/12,2.957568391
9/25/12,3.471272684
9/24/12,3.840782967
9/23/12,3.077570695
9/22/12,4.703140081
9/21/12,4.495283663
9/20/12,3.431922816
9/19/12,2.604877626
9/18/12,2.815745198
9/17/12,3.231284451
9/16/12,3.788779849
9/15/12,3.293951227
9/14/12,2.786804021
9/13/12,2.59407852
9/12/12,2.970383526
9/11/12,2.646943357
9/10/12,2.497845271
9/9/12,2.506916051
9/8/12,2.841664104
9/7/12,3.109182496
9/6/12,2.995880777
9/5/12,2.356365281
9/4/12,2.009849965
9/3/12,1.843951326
9/2/12,2.310378415
9/1/12,2.261272245
8/31/12,2.031825465
8/30/12,1.875489428
8/29/12,2.940842562
8/28/12,2.760382107
8/27/12,2.776347561
8/26/12,3.369708368
8/25/12,3.069024238
8/24/12,1.897741681
8/23/12,2.705822071
8/22/12,2.668904455
8/21/12,1.887169366
8/20/12,3.026294584
8/19/12,2.7455032
8/18/12,2.713037519
8/17/12,2.453018683
8/16/12,2.703670196
8/15/12,2.176753403
8/14/12,2.838212439
8/13/12,2.646284983
8/12/12,1.833853481
8/11/12,3.101123991
8/10/12,3.062824509
8/9/12,3.495431621
8/8/12,2.436463839
8/7/12,2.45411696
8/6/12,2.879899427
8/5/12,2.413193952
8/4/12,2.54268383
8/3/12,3.018575588
8/2/12,2.483852434
8/1/12,2.329367206
7/31/12,1.974293827
7/30/12,3.044784741
7/29/12,2.220438959
7/28/12,1.970122087
7/27/12,2.917334576
7/26/12,2.849574347
7/25/12,2.589397103
7/24/12,2.83895816
7/23/12,2.413769244
7/22/12,1.927846021
7/21/12,1.956729831
7/20/12,1.942167137
7/19/12,1.821501258
7/18/12,2.397634593
7/17/12,2.316641696
7/16/12,2.42631943
7/15/12,2.580468714
7/14/12,2.206046389
7/13/12,2.258543576
7/12/12,2.459502469
7/11/12,2.090481259
7/10/12,1.652041074
7/9/12,2.396534407
7/8/12,2.253407662
7/7/12,2.441878601
7/6/12,2.333768797
7/5/12,2.349497422
7/4/12,2.107621229
7/3/12,2.397139086
7/2/12,2.142476031
7/1/12,2.15357906
6/30/12,2.000667091
6/29/12,2.016858777
6/28/12,2.090840324
6/27/12,1.773165784
6/26/12,1.736891218
6/25/12,1.470579058
6/24/12,2.001969576
6/23/12,2.113618099
6/22/12,2.491794695
6/21/12,1.90742752
6/20/12,1.5718954
6/19/12,1.355028582
6/18/12,1.738924055
6/17/12,1.305025028
6/16/12,1.324798666
6/15/12,0.832095534
6/14/12,0.857517811
6/13/12,0.765711353
6/12/12,2.538922061
6/11/12,1.921927294
6/10/12,1.213632147
6/9/12,1.514251129
6/8/12,1.513825343
6/7/12,1.556111811
6/6/12,2.619901079
6/5/12,2.533111354
6/4/12,0.828798711
6/3/12,1.204805468
6/2/12,1.563359492
6/1/12,2.219909047
5/31/12,1.86847731
5/30/12,1.811582741
5/29/12,1.208785301
5/28/12,1.205574086
5/27/12,1.097804833
5/26/12,1.90062559
5/25/12,1.090414604
5/24/12,1.033124763
5/23/12,1.361389239
5/22/12,1.295668993
5/21/12,1.185628875
5/20/12,1.169332201
5/19/12,1.061162983
5/18/12,0.989010779
5/17/12,1.701119129
5/16/12,1.744459767
5/15/12,1.45195191
5/14/12,1.606197339
5/13/12,2.531415899
5/12/12,2.346108833
5/11/12,1.555656314
5/10/12,2.929320383
5/9/12,2.903884697
5/8/12,2.21888594
5/7/12,2.495846661
5/6/12,2.678292207
5/5/12,3.535131443
5/4/12,3.044234178
5/3/12,2.779910963
5/2/12,3.506364243
5/1/12,4.283744887
4/30/12,4.446871897
4/29/12,4.663503972
4/28/12,5.739247801
4/27/12,5.56850244
4/26/12,4.584656553
4/25/12,4.443805486
4/24/12,4.599767622
4/23/12,4.3280595
4/22/12,6.032276197
4/21/12,5.869600842
4/20/12,5.188015444
4/19/12,5.445132469
4/18/12,5.048977938
4/17/12,3.88126593
4/16/12,4.468249901
4/15/12,4.223415753
4/14/12,3.98956544
4/13/12,4.54185697
4/12/12,4.129157578
4/11/12,4.039924821
4/10/12,4.553325894
4/9/12,4.155850622
4/8/12,5.997419355
4/7/12,5.431898849
4/6/12,5.345081274
4/5/12,4.360548571
4/4/12,5.121127557
4/3/12,4.686911352
4/2/12,4.255742141
4/1/12,6.479700121
3/31/12,6.582526428
3/30/12,6.420983137
3/29/12,4.862132381
3/28/12,4.491474579
3/27/12,5.402922299
3/26/12,5.783516008
3/25/12,5.571407252
3/24/12,6.267151099
3/23/12,5.119741005
3/22/12,4.991179088
3/21/12,5.636269982
3/20/12,7.375226652
3/19/12,5.583270745
3/18/12,6.283792424
3/17/12,7.180916073
3/16/12,6.217031875
3/15/12,5.763167313
3/14/12,5.784927723
3/13/12,5.297855412
3/12/12,6.049977957
3/11/12,6.292131107
3/10/12,6.41640317
3/9/12,7.062388503
3/8/12,6.078885765
3/7/12,5.880934439
3/6/12,5.748673563
3/5/12,5.12488864
3/4/12,4.94637539
3/3/12,5.295778627
3/2/12,4.557327458
3/1/12,4.313410541
2/29/12,5.795731157
2/28/12,6.149778932
2/27/12,5.662441527
2/26/12,6.225544402
2/25/12,7.833602641
2/24/12,6.429080146
2/23/12,5.234582274
2/22/12,5.149409742
2/21/12,5.004578888
2/20/12,4.473828954
2/19/12,5.980695685
2/18/12,5.735891295
2/17/12,5.895753857
2/16/12,3.454813526
2/15/12,3.292573672
2/14/12,3.650636106
2/13/12,5.143805298
2/12/12,5.598200692
2/11/12,6.322424038
2/10/12,4.903069886
2/9/12,5.044210165
2/8/12,5.756853561
2/7/12,5.79623226
2/6/12,6.008968738
2/5/12,6.595255385
2/4/12,6.726035699
2/3/12,6.482558905
2/2/12,7.090167939
2/1/12,6.156108906
1/31/12,5.521154493
1/30/12,6.923411656
1/29/12,8.587772233
1/28/12,7.459306931
1/27/12,7.314626973
1/26/12,6.880180156
1/25/12,5.98922209
1/24/12,6.240819509
1/23/12,10.13585993
1/22/12,9.227070003
1/21/12,7.901534512
1/20/12,6.928415213
1/19/12,6.800378089
1/18/12,6.634297649
1/17/12,9.806979799
1/16/12,8.449585943
1/15/12,8.527721526
1/14/12,8.079496684
1/13/12,8.030034155
1/12/12,6.240290657
1/11/12,8.136271038
1/10/12,7.573171038
1/9/12,7.637662771
1/8/12,9.041824162
1/7/12,9.218060413
1/6/12,10.2268363
1/5/12,5.705525152
1/4/12,6.804199075
1/3/12,7.673349574
1/2/12,8.429764458
1/1/12,7.200333878
12/31/11,8.56856069
12/30/11,6.174937694
12/29/11,5.480274682
12/28/11,6.037690623
12/27/11,6.716281568
12/26/11,5.795210914
12/25/11,6.894854445
12/24/11,6.072283062
12/23/11,5.576826305
12/22/11,5.232029617
12/21/11,5.933251973
12/20/11,5.622874537
12/19/11,4.547800718
12/18/11,5.239322914
12/17/11,5.178169014
12/16/11,4.89426437
12/15/11,3.912965692
12/14/11,3.591004638
12/13/11,4.60570361
12/12/11,4.524286152
12/11/11,4.754935388
12/10/11,4.734580153
12/9/11,4.088814374
12/8/11,4.036322195
12/7/11,4.126369449
12/6/11,3.302921587
12/5/11,3.454871101
12/4/11,3.694468253
12/3/11,4.817040183
12/2/11,4.24497469
12/1/11,3.902129829
11/30/11,3.81876268
11/29/11,3.412756949
11/28/11,3.175045796
11/27/11,2.926319164
11/26/11,2.96934564
11/25/11,3.213635342
11/24/11,2.726539666
11/23/11,2.745693227
11/22/11,2.775113879
11/21/11,3.266905843
11/20/11,3.065440127
11/19/11,3.336863219
11/18/11,3.282271264
11/17/11,3.250630747
11/16/11,3.369808456
11/15/11,3.949763724
11/14/11,3.613252096
11/13/11,3.667270463
11/12/11,3.451818238
11/11/11,3.927931163
11/10/11,3.365692223
11/9/11,4.277912249
11/8/11,3.972029878
11/7/11,3.77124739
11/6/11,4.584424802
11/5/11,4.496335391
11/4/11,3.663061597
11/3/11,3.409950389
11/2/11,3.64692795
11/1/11,4.518664348
10/31/11,4.58035054
10/30/11,4.684135593
10/29/11,3.624122705
10/28/11,3.181796733
10/27/11,3.249905107
10/26/11,3.701841064
10/25/11,4.000593481
10/24/11,3.742733813
10/23/11,3.326507856
10/22/11,2.741894409
10/21/11,3.219211618
10/20/11,3.504494687
10/19/11,3.737205695
10/18/11,3.637813715
10/17/11,3.312423589
10/16/11,4.800637906
10/15/11,4.919708241
10/14/11,4.698133224
10/13/11,3.844248732
10/12/11,4.276281916
10/11/11,3.853991764
10/10/11,4.626620714
10/9/11,4.546665662
10/8/11,4.802688423
10/7/11,7.704077952
10/6/11,5.638818297
10/5/11,5.465369754
10/4/11,4.951605969
10/3/11,6.153139579
10/2/11,5.266406686
10/1/11,7.401788147
9/30/11,6.457002149
9/29/11,5.713042346
9/28/11,6.233560418
9/27/11,5.728525626
9/26/11,5.764780301
9/25/11,6.812350372
9/24/11,6.888820314
9/23/11,5.638199326
9/22/11,7.741243913
9/21/11,6.426027474
9/20/11,5.76288304
9/19/11,4.963888816
9/18/11,5.451785714
9/17/11,7.232900433
9/16/11,5.466341224
9/15/11,5.459385965
9/14/11,6.974018212
9/13/11,7.666766047
9/12/11,6.478519196
9/11/11,7.172517129
9/10/11,7.538430948
9/9/11,6.884367364
9/8/11,6.692620424
9/7/11,7.286732975
9/6/11,7.789721271
9/5/11,7.459366357
9/4/11,8.136727455
9/3/11,8.20017332
9/2/11,9.78976487
9/1/11,8.124933646
8/31/11,7.43499802
8/30/11,9.346153846
8/29/11,8.087813032
8/28/11,7.596295696
8/27/11,9.916361636
8/26/11,10.78787195
8/25/11,10.61124482
8/24/11,9.91884344
8/23/11,13.74466299
8/22/11,13.16127273
8/21/11,12.78259806
8/20/11,14.60470841
8/19/11,12.01491761
8/18/11,10.24787081
8/17/11,10.18986484
8/16/11,8.976882382
8/15/11,8.307313965
8/14/11,9.766354229
8/13/11,9.083737042
8/12/11,8.716531275
8/11/11,10.5386144
8/10/11,8.739686077
8/9/11,10.60681222
8/8/11,9.035870713
8/7/11,8.074770745
8/6/11,9.431315985
8/5/11,10.94746476
8/4/11,10.91465517
8/3/11,9.269761523
8/2/11,12.15267744
8/1/11,11.22791898
7/31/11,14.77318547
7/30/11,17.12822076
7/29/11,15.31409396
7/28/11,14.90252011
7/27/11,15.6204479
7/26/11,15.28360788
7/25/11,14.49770265
7/24/11,14.08457714
7/23/11,15.65240925
7/22/11,12.57720687
7/21/11,13.06850477
7/20/11,12.56411769
7/19/11,11.76599649
7/18/11,13.18069241
7/17/11,12.8119934
7/16/11,12.96701647
7/15/11,14.18274439
7/14/11,13.36047509
7/13/11,12.91927782
7/12/11,13.06446541
7/11/11,12.00486806
7/10/11,11.49659002
7/9/11,14.72441954
7/8/11,14.1354055
7/7/11,14.02723686
7/6/11,11.48752058
7/5/11,11.67076812
7/4/11,13.38344535
7/3/11,16.10384628
7/2/11,15.77679669
7/1/11,15.29171039
6/30/11,17.22702317
6/29/11,16.05361659
6/28/11,15.10641859
6/27/11,12.71731514
6/26/11,12.63367722
6/25/11,13.21497356
6/24/11,16.02356414
6/23/11,18.07548514
6/22/11,18.1369863
6/21/11,22.20169362
6/20/11,19.59178322
6/19/11,17.87766891
6/18/11,16.12073983
6/17/11,14.48948025
6/16/11,15.16192362
6/15/11,23.17446892
6/14/11,19.957663
6/13/11,18.79306221
6/12/11,27.24451623
6/11/11,25.57469918
6/10/11,31.27396524
6/9/11,29.33005433
6/8/11,27.56735432
6/7/11,25.7346034
6/6/11,22.93009597
6/5/11,24.5590314
6/4/11,24.26371205
6/3/11,13.83951152
6/2/11,17.37721519
6/1/11,14.06724186
5/31/11,11.19422245
5/30/11,11.51676544
5/29/11,14.26783868
5/28/11,13.5841056
5/27/11,13.41705679
5/26/11,16.10830814
5/25/11,17.91827877
5/24/11,17.79062054
5/23/11,19.1184466
5/22/11,15.87453496
5/21/11,15.43708647
5/20/11,14.61091008
5/19/11,14.24164027
5/18/11,12.97195868
5/17/11,22.32201001
5/16/11,24.28008033
5/15/11,22.91526442
5/14/11,24.45857143
5/13/11,16.6968513
5/12/11,19.30414396
5/11/11,18.52032849
5/10/11,12.43858067
5/9/11,16.53523991
5/8/11,13.7806059
5/7/11,10.00513841
5/6/11,10.42355361
5/5/11,11.03429
5/4/11,12.35565603
5/3/11,11.22746882
5/2/11,11.17015765
5/1/11,9.243669684
4/30/11,8.633173408
4/29/11,9.553575246
4/28/11,5.732473364
4/27/11,5.827363184
4/26/11,4.074857143
4/25/11,7.052063056
4/24/11,6.359819952
4/23/11,6.17734375
4/22/11,5.164762375
4/21/11,5.09598939
4/20/11,5.170642626
4/19/11,2.569978193
4/18/11,2.353644519
4/17/11,3.453198008
4/16/11,4.38085958
4/15/11,4.619462121
4/14/11,3.677967256
4/13/11,3.765388339
4/12/11,4.053629032
4/11/11,3.711509658
4/10/11,3.826348508
4/9/11,3.858769567
4/8/11,3.490846427
4/7/11,3.295860938
4/6/11,3.377129805
4/5/11,2.941886324
4/4/11,3.053225395
4/3/11,3.057133648
4/2/11,4.167641547
4/1/11,4.112777778
3/31/11,4.45145417
3/30/11,3.668677208
3/29/11,2.519820781
3/28/11,2.114030875
3/27/11,2.044460526
3/26/11,1.868529252
3/25/11,2.137217944
3/24/11,3.456799233
3/23/11,1.416693694
3/22/11,1.443131868
3/21/11,2.193205522
3/20/11,1.395049639
3/19/11,1.846780105
3/18/11,1.442396917
3/17/11,1.863895622
3/16/11,1.808306148
3/15/11,2.00738029
3/14/11,1.964159987
3/13/11,1.766789668
3/12/11,2.211127111
3/11/11,3.073703919
3/10/11,2.991301566
3/9/11,3.472997988
3/8/11,3.498647391
3/7/11,3.461703083
3/6/11,5.040233491
3/5/11,6.344046105
3/4/11,6.257120838
3/3/11,4.410561208
3/2/11,4.101498928
3/1/11,2.698658373
2/28/11,3.798192771
2/27/11,5.240646141
2/26/11,5.753206546
2/25/11,6.316963264
2/24/11,4.687866843
2/23/11,5.193628002
2/22/11,4.821428571
2/21/11,4.66213836
2/20/11,4.154535297
2/19/11,5.286232273
2/18/11,5.401709856
2/17/11,5.437225312
2/16/11,5.588594235
2/15/11,5.454902046
2/14/11,5.073224526
2/13/11,5.078948433
2/12/11,5.27968835
2/11/11,5.440909091
2/10/11,3.950709001
2/9/11,7.078636424
2/8/11,8.281945789
2/7/11,9.19239905
2/6/11,8.957218301
2/5/11,9.393232205
2/4/11,9.456375423
2/3/11,7.975718145
2/2/11,7.191119691
2/1/11,6.777691135
1/31/11,2.983117714
1/30/11,2.066942149
1/29/11,1.786654562
1/28/11,3.195436514
1/27/11,3.540057915
1/26/11,3.710222222
1/25/11,3.811465774
1/24/11,3.435233161
1/23/11,2.988755622
1/22/11,2.541494507
1/21/11,2.463438155
1/20/11,3.740210124
1/19/11,3.52887618
1/18/11,3.112600827
1/17/11,3.467772414
1/16/11,3.621765102
1/15/11,3.369036027
1/14/11,3.690987124
1/13/11,2.666673594
1/12/11,2.947482297
1/11/11,2.370235199
1/10/11,1.97794351
1/9/11,2.022938144
1/8/11,2.057656999
1/7/11,2.482975713
1/6/11,2.634545455
1/5/11,2.585470588
1/4/11,2.160377311
1/3/11,1.71439847
1/2/11,2.883919812
1/1/11,4.160459889
12/31/10,4.494919529
12/30/10,4.248690501
12/29/10,4.760036748
12/28/10,4.038377535
12/27/10,4.051369863
12/26/10,3.125044917
12/25/10,3.053065615
12/24/10,3.648648649
12/23/10,3.646976336
12/22/10,3.238224638
12/21/10,3.326971609
12/20/10,2.25553882
12/19/10,2.340738758
12/18/10,4.203071298
12/17/10,4.45872316
12/16/10,4.385188867
12/15/10,4.372600382
12/14/10,3.032984698
12/13/10,2.744509517
12/12/10,2.391214385
12/11/10,3.387744424
12/10/10,3.881944444
12/9/10,4.005235602
12/8/10,5.225343017
12/7/10,5.327625698
12/6/10,4.804562044
12/5/10,6.978716368
12/4/10,6.413990826
12/3/10,7.052126866
12/2/10,4.7294671
12/1/10,5.111228814
11/30/10,3.943069307
11/29/10,6.495780508
11/28/10,6.79862069
11/27/10,5.169065646
11/26/10,2.087161328
11/25/10,1.902302205
11/24/10,0.365582866
11/23/10,5.826986127
11/22/10,6.132781065
11/21/10,5.711392405
11/20/10,0.169743456
11/19/10,0.134860412
11/18/10,0.303828741
11/17/10,7.995623632
11/16/10,7.559395248
11/15/10,0.211668321
11/14/10,9.413092551
11/13/10,8.91754386
11/12/10,9.864864865
11/11/10,7.207594937
11/10/10,6.48951049
11/9/10,6.918427419
11/8/10,12.51901942
11/7/10,9.695783133
11/6/10,13.9325564
11/5/10,5.986813187
11/4/10,6.314675481
11/3/10,6.648659292
11/2/10,6.137931034
11/1/10,5.802826855
10/31/10,5.100274725
10/30/10,5.618510158
10/29/10,5.186486486
10/28/10,4.815987124
10/27/10,3.593264249
10/26/10,3.539543058
10/25/10,4.730452675
10/24/10,2.428700361
10/23/10,3.795983087
10/22/10,1.52229053
10/21/10,1.684784016
10/20/10,2.109385382
10/19/10,1.738961039
10/18/10,2.182277592
10/17/10,2.599903288
10/16/10,3.038041237
10/15/10,3.004477612
10/14/10,3.305555556
10/13/10,2.680851064
10/12/10,2.694214876
10/11/10,2.193905817
10/10/10,3.084267241
10/9/10,1.970074813
10/8/10,2.403341623
10/7/10,1.988338192
10/6/10,1.262773723
10/5/10,1.179117647
10/4/10,1.097766289
10/3/10,0.978948595
10/2/10,0.926359102
10/1/10,0.67444022
9/30/10,1.2
9/29/10,1.219374302
9/28/10,0.551546784
9/27/10,1.139305473
9/26/10,1.158452895
9/25/10,1.351207379
9/24/10,1.369047619
9/23/10,1.384521505
9/22/10,0.956733524
9/21/10,0.640490798
9/20/10,0.880825472
9/19/10,1.585
9/18/10,1.781981955
9/17/10,1.674396752
9/16/10,1.735408971
9/15/10,1.768604651
9/14/10,3.655555556
9/13/10,1.430148741
9/12/10,1.401079156
9/11/10,1.699259571
9/10/10,1.696621622
9/9/10,1.260756442
9/8/10,1.373527697
9/7/10,1.613958904
9/6/10,1.711267606
9/5/10,1.814765101
9/4/10,1.681485149
9/3/10,1.54601227
9/2/10,1.615286624
9/1/10,1.541866883
8/31/10,1.460349206
8/30/10,1.222553763
8/29/10,1.784895833
8/28/10,1.755162242
8/27/10,1.671695402
8/26/10,1.987972509
8/25/10,2.075471698
8/24/10,1.905997475
8/23/10,2.034457715
8/22/10,2.027322404
8/21/10,1.887657143
8/20/10,1.768594253
8/19/10,1.461890244
8/18/10,1.308695652
8/17/10,1.305501326
8/16/10,0
8/15/10,0
8/14/10,0
8/13/10,0
8/12/10,0
8/11/10,0
8/10/10,0
8/9/10,0
8/8/10,0
8/7/10,0
8/6/10,0
8/5/10,0
8/4/10,0
8/3/10,0
8/2/10,0
8/1/10,0
7/31/10,0
7/30/10,0
7/29/10,0
7/28/10,0
7/27/10,0
7/26/10,0
7/25/10,0
7/24/10,0
7/23/10,0
7/22/10,0
7/21/10,0
7/20/10,0
7/19/10,0
7/18/10,0
7/17/10,0
7/16/10,0
7/15/10,0
7/14/10,0
7/13/10,0
7/12/10,0
7/11/10,0
7/10/10,0
7/9/10,0
7/8/10,0
7/7/10,0
7/6/10,0
7/5/10,0
7/4/10,0
7/3/10,0
7/2/10,0
7/1/10,0
6/30/10,0
6/29/10,0
6/28/10,0
6/27/10,0
6/26/10,0
6/25/10,0
6/24/10,0
6/23/10,0
6/22/10,0
6/21/10,0
6/20/10,0
6/19/10,0
6/18/10,0
6/17/10,0
6/16/10,0
6/15/10,0
6/14/10,0
6/13/10,0
6/12/10,0
6/11/10,0
6/10/10,0
6/9/10,0
6/8/10,0
6/7/10,0
6/6/10,0
6/5/10,0
6/4/10,0
6/3/10,0
6/2/10,0
6/1/10,0
5/31/10,0
5/30/10,0
5/29/10,0
5/28/10,0
5/27/10,0
5/26/10,0
5/25/10,0
5/24/10,0
5/23/10,0
5/22/10,0
5/21/10,0
5/20/10,0
5/19/10,0
5/18/10,0
5/17/10,0
5/16/10,0
5/15/10,0
5/14/10,0
5/13/10,0
5/12/10,0
5/11/10,0
5/10/10,0
5/9/10,0
5/8/10,0
5/7/10,0
5/6/10,0
5/5/10,0
5/4/10,0
5/3/10,0
5/2/10,0
5/1/10,0
4/30/10,0
4/29/10,0
4/28/10,0
4/27/10,0
4/26/10,0
4/25/10,0
4/24/10,0
4/23/10,0
4/22/10,0
4/21/10,0
4/20/10,0
4/19/10,0
4/18/10,0
4/17/10,0
4/16/10,0
4/15/10,0
4/14/10,0
4/13/10,0
4/12/10,0
4/11/10,0
4/10/10,0
4/9/10,0
4/8/10,0
4/7/10,0
4/6/10,0
4/5/10,0
4/4/10,0
4/3/10,0
4/2/10,0
4/1/10,0
3/31/10,0
3/30/10,0
3/29/10,0
3/28/10,0
3/27/10,0
3/26/10,0
3/25/10,0
3/24/10,0
3/23/10,0
3/22/10,0
3/21/10,0
3/20/10,0
3/19/10,0
3/18/10,0
3/17/10,0
3/16/10,0
3/15/10,0
3/14/10,0
3/13/10,0
3/12/10,0
3/11/10,0
3/10/10,0
3/9/10,0
3/8/10,0
3/7/10,0
3/6/10,0
3/5/10,0
3/4/10,0
3/3/10,0
3/2/10,0
3/1/10,0
2/28/10,0
2/27/10,0
2/26/10,0
2/25/10,0
2/24/10,0
2/23/10,0
2/22/10,0
2/21/10,0
2/20/10,0
2/19/10,0
2/18/10,0
2/17/10,0
2/16/10,0
2/15/10,0
2/14/10,0
2/13/10,0
2/12/10,0
2/11/10,0
2/10/10,0
2/9/10,0
2/8/10,0
2/7/10,0
2/6/10,0
2/5/10,0
2/4/10,0
2/3/10,0
2/2/10,0
2/1/10,0
1/31/10,0
1/30/10,0
1/29/10,0
1/28/10,0
1/27/10,0
1/26/10,0
1/25/10,0
1/24/10,0
1/23/10,0
1/22/10,0
1/21/10,0
1/20/10,0
1/19/10,0
1/18/10,0
1/17/10,0
1/16/10,0
1/15/10,0
1/14/10,0
1/13/10,0
1/12/10,0
1/11/10,0
1/10/10,0
1/9/10,0
1/8/10,0
1/7/10,0
1/6/10,0
1/5/10,0
1/4/10,0
1/3/10,0
1/2/10,0
1/1/10,0
12/31/09,0
12/30/09,0
12/29/09,0
12/28/09,0
12/27/09,0
12/26/09,0
12/25/09,0
12/24/09,0
12/23/09,0
12/22/09,0
12/21/09,0
12/20/09,0
12/19/09,0
12/18/09,0
12/17/09,0
12/16/09,0
12/15/09,0
12/14/09,0
12/13/09,0
12/12/09,0
12/11/09,0
12/10/09,0
12/9/09,0
12/8/09,0
12/7/09,0
12/6/09,0
12/5/09,0
12/4/09,0
12/3/09,0
12/2/09,0
12/1/09,0
11/30/09,0
11/29/09,0
11/28/09,0
11/27/09,0
11/26/09,0
11/25/09,0
11/24/09,0
11/23/09,0
11/22/09,0
11/21/09,0
11/20/09,0
11/19/09,0
11/18/09,0
11/17/09,0
11/16/09,0
11/15/09,0
11/14/09,0
11/13/09,0
11/12/09,0
11/11/09,0
11/10/09,0
11/9/09,0
11/8/09,0
11/7/09,0
11/6/09,0
11/5/09,0
11/4/09,0
11/3/09,0
11/2/09,0
11/1/09,0
10/31/09,0
10/30/09,0
10/29/09,0
10/28/09,0
10/27/09,0
10/26/09,0
10/25/09,0
10/24/09,0
10/23/09,0
10/22/09,0
10/21/09,0
10/20/09,0
10/19/09,0
10/18/09,0
10/17/09,0
10/16/09,0
10/15/09,0
10/14/09,0
10/13/09,0
10/12/09,0
10/11/09,0
10/10/09,0
10/9/09,0
10/8/09,0
10/7/09,0
10/6/09,0
10/5/09,0
10/4/09,0
10/3/09,0
10/2/09,0
10/1/09,0
9/30/09,0
9/29/09,0
9/28/09,0
9/27/09,0
9/26/09,0
9/25/09,0
9/24/09,0
9/23/09,0
9/22/09,0
9/21/09,0
9/20/09,0
9/19/09,0
9/18/09,0
9/17/09,0
9/16/09,0
9/15/09,0
9/14/09,0
9/13/09,0
9/12/09,0
9/11/09,0
9/10/09,0
9/9/09,0
9/8/09,0
9/7/09,0
9/6/09,0
9/5/09,0
9/4/09,0
9/3/09,0
9/2/09,0
9/1/09,0
8/31/09,0
8/30/09,0
8/29/09,0
8/28/09,0
8/27/09,0
8/26/09,0
8/25/09,0
8/24/09,0
8/23/09,0
8/22/09,0
8/21/09,0
8/20/09,0
8/19/09,0
8/18/09,0
8/17/09,0
8/16/09,0
8/15/09,0
8/14/09,0
8/13/09,0
8/12/09,0
8/11/09,0
8/10/09,0
8/9/09,0
8/8/09,0
8/7/09,0
8/6/09,0
8/5/09,0
8/4/09,0
8/3/09,0
8/2/09,0
8/1/09,0
7/31/09,0
7/30/09,0
7/29/09,0
7/28/09,0
7/27/09,0
7/26/09,0
7/25/09,0
7/24/09,0
7/23/09,0
7/22/09,0
7/21/09,0
7/20/09,0
7/19/09,0
7/18/09,0
7/17/09,0
7/16/09,0
7/15/09,0
7/14/09,0
7/13/09,0
7/12/09,0
7/11/09,0
7/10/09,0
7/9/09,0
7/8/09,0
7/7/09,0
7/6/09,0
7/5/09,0
7/4/09,0
7/3/09,0
7/2/09,0
7/1/09,0
6/30/09,0
6/29/09,0
6/28/09,0
6/27/09,0
6/26/09,0
6/25/09,0
6/24/09,0
6/23/09,0
6/22/09,0
6/21/09,0
6/20/09,0
6/19/09,0
6/18/09,0
6/17/09,0
6/16/09,0
6/15/09,0
6/14/09,0
6/13/09,0
6/12/09,0
6/11/09,0
6/10/09,0
6/9/09,0
6/8/09,0
6/7/09,0
6/6/09,0
6/5/09,0
6/4/09,0
6/3/09,0
6/2/09,0
6/1/09,0
5/31/09,0
5/30/09,0
5/29/09,0
5/28/09,0
5/27/09,0
5/26/09,0
5/25/09,0
5/24/09,0
5/23/09,0
5/22/09,0
5/21/09,0
5/20/09,0
5/19/09,0
5/18/09,0
5/17/09,0
5/16/09,0
5/15/09,0
5/14/09,0
5/13/09,0
5/12/09,0
5/11/09,0
5/10/09,0
5/9/09,0
5/8/09,0
5/7/09,0
5/6/09,0
5/5/09,0
5/4/09,0
5/3/09,0
5/2/09,0
5/1/09,0
4/30/09,0
4/29/09,0
4/28/09,0
4/27/09,0
4/26/09,0
4/25/09,0
4/24/09,0
4/23/09,0
4/22/09,0
4/21/09,0
4/20/09,0
4/19/09,0
4/18/09,0
4/17/09,0
4/16/09,0
4/15/09,0
4/14/09,0
4/13/09,0
4/12/09,0
4/11/09,0
4/10/09,0
4/9/09,0
4/8/09,0
4/7/09,0
4/6/09,0
4/5/09,0
4/4/09,0
4/3/09,0
4/2/09,0
4/1/09,0
3/31/09,0
3/30/09,0
3/29/09,0
3/28/09,0
3/27/09,0
3/26/09,0
3/25/09,0
3/24/09,0
3/23/09,0
3/22/09,0
3/21/09,0
3/20/09,0
3/19/09,0
3/18/09,0
3/17/09,0
3/16/09,0
3/15/09,0
3/14/09,0
3/13/09,0
3/12/09,0
3/11/09,0
3/10/09,0
3/9/09,0
3/8/09,0
3/7/09,0
3/6/09,0
3/5/09,0
3/4/09,0
3/3/09,0
3/2/09,0
3/1/09,0
2/28/09,0
2/27/09,0
2/26/09,0
2/25/09,0
2/24/09,0
2/23/09,0
2/22/09,0
2/21/09,0
2/20/09,0
2/19/09,0
2/18/09,0
2/17/09,0
2/16/09,0
2/15/09,0
2/14/09,0
2/13/09,0
2/12/09,0
2/11/09,0
2/10/09,0
2/9/09,0
2/8/09,0
2/7/09,0
2/6/09,0
2/5/09,0
2/4/09,0
2/3/09,0
2/2/09,0
2/1/09,0
1/31/09,0
1/30/09,0
1/29/09,0
1/28/09,0
1/27/09,0
1/26/09,0
1/25/09,0
1/24/09,0
1/23/09,0
1/22/09,0
1/21/09,0
1/20/09,0
1/19/09,0
1/18/09,0
1/17/09,0
1/16/09,0
1/15/09,0
1/14/09,0
1/13/09,0
1/12/09,0
1/11/09,0
1/10/09,0
1/9/09,0
1/8/09,0
1/7/09,0
1/6/09,0
1/5/09,0
1/4/09,0
1/3/09,0
1/2/09,0