Date,Addresses
11/27/22,568789
11/26/22,598183
11/25/22,640008
11/24/22,642832
11/23/22,696412
11/22/22,623451
11/21/22,661220
11/20/22,595776
11/19/22,647807
11/18/22,697975
11/17/22,636467
11/16/22,670368
11/15/22,703644
11/14/22,661596
11/13/22,656286
11/12/22,677645
11/11/22,747386
11/10/22,774942
11/9/22,754032
11/8/22,719305
11/7/22,643216
11/6/22,577334
11/5/22,648416
11/4/22,689430
11/3/22,716406
11/2/22,630399
11/1/22,666319
10/31/22,667561
10/30/22,594597
10/29/22,668004
10/28/22,679257
10/27/22,648360
10/26/22,683262
10/25/22,601629
10/24/22,629949
10/23/22,582380
10/22/22,598580
10/21/22,671089
10/20/22,633545
10/19/22,612805
10/18/22,615413
10/17/22,613662
10/16/22,558957
10/15/22,612380
10/14/22,694651
10/13/22,691476
10/12/22,646003
10/11/22,635320
10/10/22,619704
10/9/22,553851
10/8/22,610636
10/7/22,675013
10/6/22,677796
10/5/22,644568
10/4/22,655477
10/3/22,656236
10/2/22,570649
10/1/22,627906
9/30/22,717755
9/29/22,652313
9/28/22,620268
9/27/22,648681
9/26/22,614435
9/25/22,574037
9/24/22,588364
9/23/22,689899
9/22/22,614742
9/21/22,632611
9/20/22,650202
9/19/22,631537
9/18/22,556563
9/17/22,641808
9/16/22,706574
9/15/22,700513
9/14/22,687667
9/13/22,663498
9/12/22,665425
9/11/22,607174
9/10/22,646199
9/9/22,753468
9/8/22,685564
9/7/22,676262
9/6/22,657784
9/5/22,628765
9/4/22,541540
9/3/22,641511
9/2/22,710783
9/1/22,685449
8/31/22,652024
8/30/22,660170
8/29/22,641513
8/28/22,547812
8/27/22,605125
8/26/22,686060
8/25/22,656808
8/24/22,649399
8/23/22,641154
8/22/22,629040
8/21/22,549247
8/20/22,597278
8/19/22,736405
8/18/22,685923
8/17/22,648642
8/16/22,677726
8/15/22,620533
8/14/22,551189
8/13/22,613804
8/12/22,703328
8/11/22,725127
8/10/22,663480
8/9/22,646055
8/8/22,652517
8/7/22,522072
8/6/22,610889
8/5/22,687443
8/4/22,695558
8/3/22,693063
8/2/22,663588
8/1/22,635502
7/31/22,561055
7/30/22,601643
7/29/22,708268
7/28/22,697022
7/27/22,644191
7/26/22,655695
7/25/22,629329
7/24/22,531268
7/23/22,572761
7/22/22,650694
7/21/22,686329
7/20/22,642244
7/19/22,682638
7/18/22,611990
7/17/22,519659
7/16/22,577967
7/15/22,661194
7/14/22,685931
7/13/22,597185
7/12/22,657668
7/11/22,590261
7/10/22,523353
7/9/22,576270
7/8/22,682201
7/7/22,691644
7/6/22,687966
7/5/22,616343
7/4/22,610225
7/3/22,548190
7/2/22,614214
7/1/22,714094
6/30/22,699397
6/29/22,654949
6/28/22,624229
6/27/22,621986
6/26/22,528289
6/25/22,557791
6/24/22,650157
6/23/22,633984
6/22/22,639691
6/21/22,647716
6/20/22,605998
6/19/22,548972
6/18/22,654430
6/17/22,663831
6/16/22,662185
6/15/22,732637
6/14/22,717234
6/13/22,708381
6/12/22,557721
6/11/22,589547
6/10/22,669839
6/9/22,661923
6/8/22,656376
6/7/22,648390
6/6/22,652057
6/5/22,538083
6/4/22,569230
6/3/22,678027
6/2/22,664442
6/1/22,683372
5/31/22,685567
5/30/22,644720
5/29/22,530365
5/28/22,576357
5/27/22,688580
5/26/22,653373
5/25/22,700322
5/24/22,600094
5/23/22,638912
5/22/22,535873
5/21/22,579268
5/20/22,668605
5/19/22,662000
5/18/22,646333
5/17/22,683798
5/16/22,663779
5/15/22,599841
5/14/22,725013
5/13/22,727914
5/12/22,730516
5/11/22,694927
5/10/22,714602
5/9/22,705421
5/8/22,597305
5/7/22,609656
5/6/22,723743
5/5/22,778504
5/4/22,615048
5/3/22,692327
5/2/22,687096
5/1/22,625556
4/30/22,684282
4/29/22,729033
4/28/22,697124
4/27/22,697020
4/26/22,689345
4/25/22,680074
4/24/22,581643
4/23/22,613940
4/22/22,671463
4/21/22,710624
4/20/22,703937
4/19/22,697163
4/18/22,631282
4/17/22,557466
4/16/22,600335
4/15/22,666824
4/14/22,673582
4/13/22,682050
4/12/22,683425
4/11/22,684991
4/10/22,551596
4/9/22,597681
4/8/22,685851
4/7/22,677721
4/6/22,666088
4/5/22,692888
4/4/22,691360
4/3/22,585946
4/2/22,660755
4/1/22,738464
3/31/22,711182
3/30/22,662686
3/29/22,706611
3/28/22,720718
3/27/22,589872
3/26/22,611979
3/25/22,752938
3/24/22,677148
3/23/22,671738
3/22/22,681184
3/21/22,663684
3/20/22,572086
3/19/22,638704
3/18/22,700248
3/17/22,743399
3/16/22,721364
3/15/22,679170
3/14/22,658358
3/13/22,554544
3/12/22,592255
3/11/22,659116
3/10/22,687025
3/9/22,702360
3/8/22,659214
3/7/22,648259
3/6/22,555454
3/5/22,594977
3/4/22,675228
3/3/22,701198
3/2/22,731603
3/1/22,722863
2/28/22,702483
2/27/22,583361
2/26/22,582374
2/25/22,687447
2/24/22,676575
2/23/22,622682
2/22/22,647191
2/21/22,615656
2/20/22,549160
2/19/22,573700
2/18/22,672505
2/17/22,665429
2/16/22,677777
2/15/22,680501
2/14/22,630477
2/13/22,590527
2/12/22,604018
2/11/22,664971
2/10/22,673697
2/9/22,663348
2/8/22,685310
2/7/22,660755
2/6/22,569036
2/5/22,673249
2/4/22,651781
2/3/22,664854
2/2/22,680004
2/1/22,687763
1/31/22,671364
1/30/22,553241
1/29/22,595231
1/28/22,680599
1/27/22,648622
1/26/22,648504
1/25/22,653685
1/24/22,668850
1/23/22,554355
1/22/22,662382
1/21/22,721363
1/20/22,683613
1/19/22,663454
1/18/22,654446
1/17/22,638947
1/16/22,569876
1/15/22,619262
1/14/22,688859
1/13/22,695923
1/12/22,679922
1/11/22,694475
1/10/22,672264
1/9/22,568134
1/8/22,591014
1/7/22,667941
1/6/22,690161
1/5/22,698013
1/4/22,680570
1/3/22,630932
1/2/22,534857
1/1/22,512154
12/31/21,703405
12/30/21,679386
12/29/21,741024
12/28/21,729388
12/27/21,674082
12/26/21,574433
12/25/21,580922
12/24/21,678663
12/23/21,744101
12/22/21,719298
12/21/21,747663
12/20/21,678671
12/19/21,557914
12/18/21,616818
12/17/21,660755
12/16/21,664445
12/15/21,707659
12/14/21,684529
12/13/21,690479
12/12/21,567489
12/11/21,599422
12/10/21,716381
12/9/21,707394
12/8/21,660440
12/7/21,725368
12/6/21,701524
12/5/21,588178
12/4/21,697287
12/3/21,738749
12/2/21,781370
12/1/21,727357
11/30/21,737531
11/29/21,727580
11/28/21,560812
11/27/21,619406
11/26/21,742035
11/25/21,741152
11/24/21,737069
11/23/21,700954
11/22/21,676350
11/21/21,586185
11/20/21,634393
11/19/21,713194
11/18/21,725020
11/17/21,708703
11/16/21,740829
11/15/21,708944
11/14/21,582647
11/13/21,628022
11/12/21,697196
11/11/21,724206
11/10/21,743397
11/9/21,796734
11/8/21,707131
11/7/21,591980
11/6/21,623103
11/5/21,721315
11/4/21,729141
11/3/21,724143
11/2/21,736296
11/1/21,732119
10/31/21,574308
10/30/21,666759
10/29/21,758210
10/28/21,749957
10/27/21,715873
10/26/21,715943
10/25/21,704167
10/24/21,554996
10/23/21,597144
10/22/21,693316
10/21/21,765389
10/20/21,713105
10/19/21,743673
10/18/21,693822
10/17/21,559522
10/16/21,674026
10/15/21,744869
10/14/21,690594
10/13/21,677323
10/12/21,673664
10/11/21,676676
10/10/21,536877
10/9/21,620238
10/8/21,689788
10/7/21,784172
10/6/21,657752
10/5/21,729159
10/4/21,650133
10/3/21,553275
10/2/21,631501
10/1/21,697433
9/30/21,706763
9/29/21,589252
9/28/21,620834
9/27/21,613346
9/26/21,494512
9/25/21,536442
9/24/21,679045
9/23/21,642773
9/22/21,645903
9/21/21,596757
9/20/21,645684
9/19/21,501580
9/18/21,561878
9/17/21,652602
9/16/21,673139
9/15/21,654103
9/14/21,646621
9/13/21,609049
9/12/21,495873
9/11/21,552535
9/10/21,640477
9/9/21,691292
9/8/21,653910
9/7/21,662890
9/6/21,627019
9/5/21,506792
9/4/21,574763
9/3/21,686568
9/2/21,714181
9/1/21,682571
8/31/21,656399
8/30/21,591561
8/29/21,474721
8/28/21,538074
8/27/21,619412
8/26/21,625141
8/25/21,636566
8/24/21,637990
8/23/21,648964
8/22/21,474281
8/21/21,555440
8/20/21,676861
8/19/21,613135
8/18/21,604474
8/17/21,618951
8/16/21,628859
8/15/21,474649
8/14/21,520081
8/13/21,639596
8/12/21,605994
8/11/21,631031
8/10/21,626461
8/9/21,611235
8/8/21,482998
8/7/21,529222
8/6/21,636514
8/5/21,614597
8/4/21,587149
8/3/21,593856
8/2/21,583866
8/1/21,474430
7/31/21,532121
7/30/21,629903
7/29/21,620900
7/28/21,605433
7/27/21,600692
7/26/21,644448
7/25/21,440908
7/24/21,497255
7/23/21,581850
7/22/21,571344
7/21/21,571507
7/20/21,571829
7/19/21,552678
7/18/21,422214
7/17/21,458821
7/16/21,552751
7/15/21,572802
7/14/21,564753
7/13/21,542415
7/12/21,560833
7/11/21,436977
7/10/21,485683
7/9/21,569423
7/8/21,580441
7/7/21,568382
7/6/21,579824
7/5/21,547735
7/4/21,467442
7/3/21,583136
7/2/21,532456
7/1/21,609509
6/30/21,567655
6/29/21,566351
6/28/21,580308
6/27/21,379066
6/26/21,490112
6/25/21,564091
6/24/21,594998
6/23/21,598493
6/22/21,550948
6/21/21,549345
6/20/21,441204
6/19/21,489074
6/18/21,567037
6/17/21,601894
6/16/21,651528
6/15/21,677276
6/14/21,624698
6/13/21,480484
6/12/21,584529
6/11/21,616007
6/10/21,679752
6/9/21,581779
6/8/21,656191
6/7/21,615279
6/6/21,467665
6/5/21,537842
6/4/21,632737
6/3/21,692529
6/2/21,663855
6/1/21,615006
5/31/21,599311
5/30/21,476088
5/29/21,537305
5/28/21,616432
5/27/21,602300
5/26/21,641585
5/25/21,640506
5/24/21,643231
5/23/21,555526
5/22/21,603588
5/21/21,695822
5/20/21,694786
5/19/21,734818
5/18/21,619246
5/17/21,684281
5/16/21,604353
5/15/21,646899
5/14/21,752353
5/13/21,806882
5/12/21,852846
5/11/21,854634
5/10/21,824736
5/9/21,690253
5/8/21,744143
5/7/21,804452
5/6/21,843433
5/5/21,808208
5/4/21,772207
5/3/21,746177
5/2/21,587240
5/1/21,677778
4/30/21,738101
4/29/21,703520
4/28/21,728620
4/27/21,748381
4/26/21,677984
4/25/21,585806
4/24/21,695216
4/23/21,794322
4/22/21,757844
4/21/21,719498
4/20/21,829989
4/19/21,674744
4/18/21,754058
4/17/21,611196
4/16/21,733666
4/15/21,952400
4/14/21,854552
4/13/21,839652
4/12/21,762819
4/11/21,653736
4/10/21,762965
4/9/21,853581
4/8/21,761635
4/7/21,860993
4/6/21,841579
4/5/21,763702
4/4/21,618857
4/3/21,704293
4/2/21,795716
4/1/21,814587
3/31/21,900660
3/30/21,826466
3/29/21,776764
3/28/21,629197
3/27/21,722993
3/26/21,790548
3/25/21,847860
3/24/21,780464
3/23/21,810265
3/22/21,781908
3/21/21,612850
3/20/21,742019
3/19/21,833389
3/18/21,885634
3/17/21,808119
3/16/21,822884
3/15/21,782966
3/14/21,736008
3/13/21,739312
3/12/21,818834
3/11/21,766597
3/10/21,833186
3/9/21,782612
3/8/21,723503
3/7/21,654593
3/6/21,677322
3/5/21,806404
3/4/21,752764
3/3/21,840642
3/2/21,810035
3/1/21,748049
2/28/21,629972
2/27/21,775777
2/26/21,817077
2/25/21,830544
2/24/21,874171
2/23/21,796658
2/22/21,761941
2/21/21,680893
2/20/21,830094
2/19/21,884319
2/18/21,820203
2/17/21,829226
2/16/21,745457
2/15/21,769869
2/14/21,698818
2/13/21,788028
2/12/21,857246
2/11/21,796146
2/10/21,861426
2/9/21,903883
2/8/21,822971
2/7/21,718596
2/6/21,795079
2/5/21,856297
2/4/21,895626
2/3/21,836448
2/2/21,865515
2/1/21,724841
1/31/21,702062
1/30/21,756022
1/29/21,888960
1/28/21,767142
1/27/21,787548
1/26/21,768537
1/25/21,732867
1/24/21,608849
1/23/21,710703
1/22/21,783335
1/21/21,736588
1/20/21,755823
1/19/21,757920
1/18/21,720228
1/17/21,642730
1/16/21,733398
1/15/21,808283
1/14/21,802110
1/13/21,772596
1/12/21,796457
1/11/21,801285
1/10/21,768365
1/9/21,760179
1/8/21,883788
1/7/21,940647
1/6/21,924851
1/5/21,845343
1/4/21,851667
1/3/21,812749
1/2/21,711719
1/1/21,609741
12/31/20,809871
12/30/20,807268
12/29/20,775919
12/28/20,717073
12/27/20,696527
12/26/20,627843
12/25/20,662980
12/24/20,639280
12/23/20,782736
12/22/20,738842
12/21/20,649848
12/20/20,638816
12/19/20,756109
12/18/20,851929
12/17/20,754492
12/16/20,751162
12/15/20,722550
12/14/20,696656
12/13/20,611911
12/12/20,654893
12/11/20,711679
12/10/20,713602
12/9/20,748572
12/8/20,737193
12/7/20,673269
12/6/20,582059
12/5/20,642981
12/4/20,729984
12/3/20,777633
12/2/20,756978
12/1/20,841581
11/30/20,623554
11/29/20,589008
11/28/20,644206
11/27/20,719237
11/26/20,736612
11/25/20,812699
11/24/20,756417
11/23/20,671932
11/22/20,587237
11/21/20,663959
11/20/20,772326
11/19/20,717377
11/18/20,807705
11/17/20,770689
11/16/20,681273
11/15/20,555375
11/14/20,613373
11/13/20,685725
11/12/20,721180
11/11/20,713744
11/10/20,684892
11/9/20,713629
11/8/20,555482
11/7/20,608746
11/6/20,756129
11/5/20,729209
11/4/20,707247
11/3/20,727413
11/2/20,543348
11/1/20,592197
10/31/20,613906
10/30/20,635998
10/29/20,652778
10/28/20,615001
10/27/20,600338
10/26/20,579939
10/25/20,547380
10/24/20,657714
10/23/20,712518
10/22/20,753892
10/21/20,687152
10/20/20,713764
10/19/20,679146
10/18/20,512486
10/17/20,586741
10/16/20,712317
10/15/20,743078
10/14/20,680468
10/13/20,732250
10/12/20,658073
10/11/20,541483
10/10/20,631182
10/9/20,714645
10/8/20,698982
10/7/20,762636
10/6/20,692891
10/5/20,635097
10/4/20,562147
10/3/20,642826
10/2/20,689077
10/1/20,679937
9/30/20,748143
9/29/20,735651
9/28/20,629197
9/27/20,538619
9/26/20,591249
9/25/20,741029
9/24/20,684217
9/23/20,733591
9/22/20,678668
9/21/20,644695
9/20/20,535691
9/19/20,624125
9/18/20,687638
9/17/20,740029
9/16/20,747111
9/15/20,718787
9/14/20,726085
9/13/20,540351
9/12/20,604531
9/11/20,677215
9/10/20,745318
9/9/20,681429
9/8/20,693543
9/7/20,672721
9/6/20,557370
9/5/20,685736
9/4/20,680093
9/3/20,691592
9/2/20,714425
9/1/20,795329
8/31/20,662241
8/30/20,555079
8/29/20,617518
8/28/20,720277
8/27/20,702891
8/26/20,696908
8/25/20,678008
8/24/20,674821
8/23/20,569381
8/22/20,649053
8/21/20,675988
8/20/20,705709
8/19/20,710405
8/18/20,739835
8/17/20,652100
8/16/20,571198
8/15/20,664922
8/14/20,755913
8/13/20,690043
8/12/20,733894
8/11/20,744212
8/10/20,683507
8/9/20,564507
8/8/20,625679
8/7/20,707225
8/6/20,762479
8/5/20,655315
8/4/20,708169
8/3/20,708227
8/2/20,616214
8/1/20,644333
7/31/20,733209
7/30/20,689993
7/29/20,717842
7/28/20,745966
7/27/20,690892
7/26/20,608050
7/25/20,619497
7/24/20,740460
7/23/20,696765
7/22/20,748958
7/21/20,660884
7/20/20,644972
7/19/20,550119
7/18/20,632584
7/17/20,629600
7/16/20,709099
7/15/20,671171
7/14/20,734433
7/13/20,638906
7/12/20,525851
7/11/20,601249
7/10/20,681724
7/9/20,708162
7/8/20,702636
7/7/20,706177
7/6/20,678157
7/5/20,509206
7/4/20,561108
7/3/20,661454
7/2/20,674745
7/1/20,758469
6/30/20,621031
6/29/20,625207
6/28/20,500152
6/27/20,546558
6/26/20,646111
6/25/20,631260
6/24/20,625283
6/23/20,704215
6/22/20,603576
6/21/20,475037
6/20/20,553650
6/19/20,674050
6/18/20,582343
6/17/20,669086
6/16/20,683561
6/15/20,606713
6/14/20,502951
6/13/20,541115
6/12/20,635165
6/11/20,673800
6/10/20,645485
6/9/20,644690
6/8/20,625333
6/7/20,487527
6/6/20,548424
6/5/20,643217
6/4/20,628388
6/3/20,646746
6/2/20,638403
6/1/20,623944
5/31/20,495162
5/30/20,556912
5/29/20,591013
5/28/20,617362
5/27/20,603823
5/26/20,605213
5/25/20,551378
5/24/20,458476
5/23/20,558174
5/22/20,558174
5/21/20,624412
5/20/20,604523
5/19/20,581379
5/18/20,602631
5/17/20,495954
5/16/20,589910
5/15/20,644507
5/14/20,593862
5/13/20,619855
5/12/20,686850
5/11/20,645065
5/10/20,571802
5/9/20,631542
5/8/20,670883
5/7/20,696092
5/6/20,671519
5/5/20,652289
5/4/20,651350
5/3/20,553075
5/2/20,578296
5/1/20,680654
4/30/20,687395
4/29/20,679872
4/28/20,644967
4/27/20,629817
4/26/20,499998
4/25/20,554934
4/24/20,641059
4/23/20,666919
4/22/20,574265
4/21/20,610555
4/20/20,619559
4/19/20,485888
4/18/20,562996
4/17/20,579437
4/16/20,635870
4/15/20,612959
4/14/20,583665
4/13/20,549230
4/12/20,437242
4/11/20,474445
4/10/20,550585
4/9/20,544185
4/8/20,554336
4/7/20,598670
4/6/20,557192
4/5/20,452282
4/4/20,479599
4/3/20,548300
4/2/20,569905
4/1/20,544088
3/31/20,546702
3/30/20,535787
3/29/20,428425
3/28/20,469113
3/27/20,529197
3/26/20,539881
3/25/20,456328
3/24/20,528586
3/23/20,509038
3/22/20,409829
3/21/20,469859
3/20/20,564748
3/19/20,525607
3/18/20,476482
3/17/20,540902
3/16/20,532450
3/15/20,413935
3/14/20,517382
3/13/20,517382
3/12/20,653156
3/11/20,528053
3/10/20,601526
3/9/20,606002
3/8/20,501571
3/7/20,526880
3/6/20,601698
3/5/20,603996
3/4/20,625096
3/3/20,593725
3/2/20,608032
3/1/20,608032
2/29/20,608032
2/28/20,611266
2/27/20,578398
2/26/20,588558
2/25/20,566484
2/24/20,558687
2/23/20,465169
2/22/20,525819
2/21/20,574950
2/20/20,563175
2/19/20,580124
2/18/20,569291
2/17/20,584197
2/16/20,474183
2/15/20,563001
2/14/20,564227
2/13/20,608036
2/12/20,612313
2/11/20,641161
2/10/20,526825
2/9/20,508254
2/8/20,529398
2/7/20,599280
2/6/20,552411
2/5/20,552411
2/4/20,555771
2/3/20,573277
2/2/20,501222
2/1/20,523782
1/31/20,572887
1/30/20,570253
1/29/20,573372
1/28/20,589168
1/27/20,504693
1/26/20,429535
1/25/20,461312
1/24/20,534403
1/23/20,535923
1/22/20,544484
1/21/20,544525
1/20/20,532773
1/19/20,477110
1/18/20,491063
1/17/20,562153
1/16/20,555072
1/15/20,580574
1/14/20,616194
1/13/20,501600
1/12/20,450668
1/11/20,509544
1/10/20,590633
1/9/20,553318
1/8/20,558689
1/7/20,576831
1/6/20,522665
1/5/20,459065
1/4/20,465366
1/3/20,523231
1/2/20,475461
1/1/20,389706
12/31/19,489182
12/30/19,544505
12/29/19,449701
12/28/19,490465
12/27/19,539658
12/26/19,476783
12/25/19,401735
12/24/19,493086
12/23/19,518639
12/22/19,432257
12/21/19,479841
12/20/19,476911
12/19/19,539310
12/18/19,560284
12/17/19,557300
12/16/19,549300
12/15/19,434034
12/14/19,475246
12/13/19,547987
12/12/19,531404
12/11/19,521113
12/10/19,548706
12/9/19,538820
12/8/19,434939
12/7/19,465570
12/6/19,534431
12/5/19,535061
12/4/19,569753
12/3/19,565368
12/2/19,552276
12/1/19,468193
11/30/19,493866
11/29/19,543960
11/28/19,533010
11/27/19,566552
11/26/19,576620
11/25/19,495578
11/24/19,436089
11/23/19,514757
11/22/19,607299
11/21/19,584765
11/20/19,525739
11/19/19,561226
11/18/19,510494
11/17/19,430853
11/16/19,495077
11/15/19,575887
11/14/19,535548
11/13/19,555616
11/12/19,501680
11/11/19,511673
11/10/19,435494
11/9/19,519291
11/8/19,541512
11/7/19,553447
11/6/19,559293
11/5/19,576664
11/4/19,549112
11/3/19,465534
11/2/19,472031
11/1/19,563151
10/31/19,504880
10/30/19,536888
10/29/19,527526
10/28/19,540579
10/27/19,438755
10/26/19,541095
10/25/19,570469
10/24/19,515253
10/23/19,544470
10/22/19,541300
10/21/19,545843
10/20/19,437713
10/19/19,486396
10/18/19,518606
10/17/19,528543
10/16/19,545056
10/15/19,533673
10/14/19,513254
10/13/19,417760
10/12/19,452069
10/11/19,547368
10/10/19,549668
10/9/19,524494
10/8/19,534935
10/7/19,538987
10/6/19,435006
10/5/19,480438
10/4/19,545609
10/3/19,525476
10/2/19,535484
10/1/19,573854
9/30/19,540376
9/29/19,435119
9/28/19,474974
9/27/19,532292
9/26/19,554702
9/25/19,571599
9/24/19,596954
9/23/19,544681
9/22/19,456990
9/21/19,493311
9/20/19,557003
9/19/19,552276
9/18/19,578686
9/17/19,567927
9/16/19,562077
9/15/19,422886
9/14/19,491282
9/13/19,546950
9/12/19,564060
9/11/19,556853
9/10/19,564563
9/9/19,536567
9/8/19,436798
9/7/19,472297
9/6/19,601748
9/5/19,550315
9/4/19,544449
9/3/19,595785
9/2/19,529944
9/1/19,423910
8/31/19,464447
8/30/19,543570
8/29/19,545362
8/28/19,526015
8/27/19,535379
8/26/19,539168
8/25/19,393555
8/24/19,452008
8/23/19,564675
8/22/19,609067
8/21/19,599152
8/20/19,558999
8/19/19,517545
8/18/19,407213
8/17/19,441149
8/16/19,533245
8/15/19,538837
8/14/19,554189
8/13/19,566410
8/12/19,459560
8/11/19,414832
8/10/19,453016
8/9/19,562840
8/8/19,568245
8/7/19,545941
8/6/19,617620
8/5/19,583599
8/4/19,421536
8/3/19,470981
8/2/19,581154
8/1/19,558918
7/31/19,573802
7/30/19,548807
7/29/19,521007
7/28/19,391947
7/27/19,445312
7/26/19,563023
7/25/19,568629
7/24/19,490408
7/23/19,531460
7/22/19,533399
7/21/19,400500
7/20/19,488968
7/19/19,566404
7/18/19,588257
7/17/19,569185
7/16/19,595749
7/15/19,585913
7/14/19,437636
7/13/19,472491
7/12/19,637928
7/11/19,598394
7/10/19,616784
7/9/19,623107
7/8/19,622449
7/7/19,447034
7/6/19,523872
7/5/19,617685
7/4/19,603018
7/3/19,651074
7/2/19,671396
7/1/19,624927
6/30/19,497075
6/29/19,573175
6/28/19,729817
6/27/19,694016
6/26/19,768792
6/25/19,682866
6/24/19,659329
6/23/19,596158
6/22/19,643642
6/21/19,654639
6/20/19,635532
6/19/19,664204
6/18/19,696937
6/17/19,628484
6/16/19,520293
6/15/19,601012
6/14/19,731367
6/13/19,667841
6/12/19,601949
6/11/19,623398
6/10/19,607094
6/9/19,438208
6/8/19,471819
6/7/19,619327
6/6/19,602273
6/5/19,631420
6/4/19,687738
6/3/19,550346
6/2/19,489569
6/1/19,578368
5/31/19,598627
5/30/19,642352
5/29/19,680323
5/28/19,685040
5/27/19,644814
5/26/19,476819
5/25/19,511153
5/24/19,644200
5/23/19,630228
5/22/19,646106
5/21/19,657474
5/20/19,617241
5/19/19,516859
5/18/19,588499
5/17/19,676115
5/16/19,682196
5/15/19,675925
5/14/19,669376
5/13/19,648734
5/12/19,551654
5/11/19,573741
5/10/19,618182
5/9/19,619054
5/8/19,635596
5/7/19,578857
5/6/19,573048
5/5/19,460613
5/4/19,508298
5/3/19,615404
5/2/19,584864
5/1/19,565408
4/30/19,604307
4/29/19,573010
4/28/19,445722
4/27/19,460846
4/26/19,593570
4/25/19,577184
4/24/19,645489
4/23/19,548492
4/22/19,498668
4/21/19,426630
4/20/19,456520
4/19/19,597098
4/18/19,563075
4/17/19,555678
4/16/19,560007
4/15/19,576183
4/14/19,430064
4/13/19,458376
4/12/19,578099
4/11/19,620631
4/10/19,593178
4/9/19,572096
4/8/19,579028
4/7/19,447559
4/6/19,478034
4/5/19,632546
4/4/19,603757
4/3/19,626468
4/2/19,666741
4/1/19,528288
3/31/19,459478
3/30/19,513840
3/29/19,563925
3/28/19,578059
3/27/19,569697
3/26/19,522961
3/25/19,530401
3/24/19,417726
3/23/19,450872
3/22/19,550986
3/21/19,535702
3/20/19,538723
3/19/19,551374
3/18/19,533680
3/17/19,413098
3/16/19,468300
3/15/19,558693
3/14/19,551001
3/13/19,515962
3/12/19,532589
3/11/19,554792
3/10/19,392557
3/9/19,458538
3/8/19,545571
3/7/19,524085
3/6/19,524992
3/5/19,536821
3/4/19,506186
3/3/19,420093
3/2/19,481021
3/1/19,552623
2/28/19,523892
2/27/19,519740
2/26/19,532149
2/25/19,502106
2/24/19,433694
2/23/19,441275
2/22/19,542172
2/21/19,491327
2/20/19,521878
2/19/19,538532
2/18/19,508261
2/17/19,393160
2/16/19,452438
2/15/19,467228
2/14/19,473265
2/13/19,546276
2/12/19,486292
2/11/19,463119
2/10/19,380922
2/9/19,422178
2/8/19,516886
2/7/19,474847
2/6/19,482655
2/5/19,503603
2/4/19,456122
2/3/19,389608
2/2/19,418174
2/1/19,502881
1/31/19,487936
1/30/19,462721
1/29/19,480702
1/28/19,481279
1/27/19,383276
1/26/19,444594
1/25/19,492261
1/24/19,470446
1/23/19,482794
1/22/19,450118
1/21/19,449404
1/20/19,379373
1/19/19,400052
1/18/19,484530
1/17/19,462878
1/16/19,493981
1/15/19,466212
1/14/19,455376
1/13/19,372206
1/12/19,396628
1/11/19,486649
1/10/19,489565
1/9/19,463346
1/8/19,465084
1/7/19,448075
1/6/19,389294
1/5/19,385488
1/4/19,454701
1/3/19,450626
1/2/19,415821
1/1/19,310119
12/31/18,391031
12/30/18,391258
12/29/18,423955
12/28/18,485694
12/27/18,434317
12/26/18,397074
12/25/18,353052
12/24/18,419724
12/23/18,371647
12/22/18,386813
12/21/18,492725
12/20/18,475405
12/19/18,495568
12/18/18,461772
12/17/18,466783
12/16/18,364388
12/15/18,397643
12/14/18,464523
12/13/18,439018
12/12/18,439269
12/11/18,432510
12/10/18,443067
12/9/18,364578
12/8/18,382549
12/7/18,495221
12/6/18,480399
12/5/18,438437
12/4/18,492965
12/3/18,426799
12/2/18,364378
12/1/18,420225
11/30/18,460122
11/29/18,461334
11/28/18,454764
11/27/18,462321
11/26/18,469612
11/25/18,410530
11/24/18,406860
11/23/18,479021
11/22/18,467175
11/21/18,472551
11/20/18,543710
11/19/18,470247
11/18/18,393875
11/17/18,428639
11/16/18,533315
11/15/18,523898
11/14/18,524969
11/13/18,491741
11/12/18,510341
11/11/18,422962
11/10/18,448643
11/9/18,541363
11/8/18,498003
11/7/18,522948
11/6/18,519341
11/5/18,536752
11/4/18,418053
11/3/18,453207
11/2/18,565268
11/1/18,505058
10/31/18,510366
10/30/18,505403
10/29/18,495174
10/28/18,403763
10/27/18,418913
10/26/18,503384
10/25/18,474714
10/24/18,478550
10/23/18,487826
10/22/18,489859
10/21/18,403198
10/20/18,428970
10/19/18,504470
10/18/18,479719
10/17/18,490531
10/16/18,490755
10/15/18,502795
10/14/18,378043
10/13/18,400480
10/12/18,498114
10/11/18,499968
10/10/18,482434
10/9/18,463256
10/8/18,477298
10/7/18,444617
10/6/18,441964
10/5/18,533087
10/4/18,506879
10/3/18,552112
10/2/18,484847
10/1/18,484982
9/30/18,413888
9/29/18,429819
9/28/18,527057
9/27/18,481907
9/26/18,474080
9/25/18,490588
9/24/18,469028
9/23/18,401264
9/22/18,445041
9/21/18,563130
9/20/18,493141
9/19/18,480227
9/18/18,479308
9/17/18,481968
9/16/18,370211
9/15/18,427957
9/14/18,471373
9/13/18,466216
9/12/18,461585
9/11/18,474061
9/10/18,451964
9/9/18,387388
9/8/18,414919
9/7/18,539382
9/6/18,501000
9/5/18,497298
9/4/18,474898
9/3/18,455956
9/2/18,387889
9/1/18,437403
8/31/18,511306
8/30/18,463657
8/29/18,509196
8/28/18,488604
8/27/18,464084
8/26/18,368937
8/25/18,415347
8/24/18,487991
8/23/18,444345
8/22/18,484462
8/21/18,449916
8/20/18,459855
8/19/18,402086
8/18/18,399289
8/17/18,512304
8/16/18,479346
8/15/18,539383
8/14/18,514444
8/13/18,459525
8/12/18,361544
8/11/18,389255
8/10/18,510029
8/9/18,467197
8/8/18,498557
8/7/18,477950
8/6/18,452410
8/5/18,374556
8/4/18,416160
8/3/18,537623
8/2/18,470016
8/1/18,495639
7/31/18,500312
7/30/18,479274
7/29/18,380500
7/28/18,395734
7/27/18,517777
7/26/18,479849
7/25/18,525952
7/24/18,532883
7/23/18,473605
7/22/18,366446
7/21/18,385949
7/20/18,496859
7/19/18,465957
7/18/18,494822
7/17/18,487159
7/16/18,431583
7/15/18,346482
7/14/18,362895
7/13/18,473175
7/12/18,405287
7/11/18,413228
7/10/18,445234
7/9/18,425384
7/8/18,350856
7/7/18,357621
7/6/18,529417
7/5/18,413997
7/4/18,435402
7/3/18,456149
7/2/18,433257
7/1/18,341862
6/30/18,368307
6/29/18,453050
6/28/18,396406
6/27/18,397865
6/26/18,410397
6/25/18,415603
6/24/18,350051
6/23/18,368136
6/22/18,469523
6/21/18,421061
6/20/18,425848
6/19/18,413610
6/18/18,424738
6/17/18,326153
6/16/18,343365
6/15/18,476262
6/14/18,440335
6/13/18,458587
6/12/18,447809
6/11/18,446187
6/10/18,392109
6/9/18,370066
6/8/18,477385
6/7/18,433804
6/6/18,451993
6/5/18,460259
6/4/18,449728
6/3/18,369974
6/2/18,386673
6/1/18,551183
5/31/18,454485
5/30/18,443064
5/29/18,442314
5/28/18,407910
5/27/18,337617
5/26/18,356716
5/25/18,464173
5/24/18,447545
5/23/18,481669
5/22/18,441615
5/21/18,445195
5/20/18,369971
5/19/18,378135
5/18/18,499647
5/17/18,420625
5/16/18,455066
5/15/18,477898
5/14/18,469798
5/13/18,364084
5/12/18,434890
5/11/18,510499
5/10/18,465045
5/9/18,459142
5/8/18,480690
5/7/18,450523
5/6/18,386314
5/5/18,450118
5/4/18,513487
5/3/18,501839
5/2/18,468951
5/1/18,490968
4/30/18,480942
4/29/18,415427
4/28/18,429928
4/27/18,502991
4/26/18,482589
4/25/18,476859
4/24/18,548251
4/23/18,488406
4/22/18,396697
4/21/18,437087
4/20/18,509923
4/19/18,499809
4/18/18,451616
4/17/18,451453
4/16/18,433711
4/15/18,408544
4/14/18,363643
4/13/18,503405
4/12/18,442157
4/11/18,399073
4/10/18,414048
4/9/18,384889
4/8/18,311300
4/7/18,331188
4/6/18,471570
4/5/18,398398
4/4/18,432977
4/3/18,435410
4/2/18,377674
4/1/18,316428
3/31/18,332752
3/30/18,449630
3/29/18,428777
3/28/18,395195
3/27/18,414091
3/26/18,416731
3/25/18,318932
3/24/18,360667
3/23/18,430896
3/22/18,418187
3/21/18,424456
3/20/18,423962
3/19/18,421647
3/18/18,382258
3/17/18,352698
3/16/18,457060
3/15/18,459150
3/14/18,418368
3/13/18,419994
3/12/18,426765
3/11/18,349040
3/10/18,354482
3/9/18,487167
3/8/18,439933
3/7/18,474916
3/6/18,453774
3/5/18,457316
3/4/18,383191
3/3/18,416967
3/2/18,524246
3/1/18,514904
2/28/18,469401
2/27/18,494787
2/26/18,435989
2/25/18,355806
2/24/18,355221
2/23/18,424502
2/22/18,499534
2/21/18,459675
2/20/18,455116
2/19/18,436342
2/18/18,378869
2/17/18,401860
2/16/18,422416
2/15/18,475029
2/14/18,450367
2/13/18,414750
2/12/18,437380
2/11/18,368624
2/10/18,421548
2/9/18,462086
2/8/18,398607
2/7/18,489403
2/6/18,589896
2/5/18,486553
2/4/18,396695
2/3/18,436196
2/2/18,551198
2/1/18,591551
1/31/18,481100
1/30/18,531440
1/29/18,532631
1/28/18,492738
1/27/18,541699
1/26/18,514622
1/25/18,539581
1/24/18,576212
1/23/18,547569
1/22/18,574420
1/21/18,522861
1/20/18,559712
1/19/18,578406
1/18/18,744189
1/17/18,768382
1/16/18,737398
1/15/18,670839
1/14/18,592042
1/13/18,652049
1/12/18,747265
1/11/18,822011
1/10/18,876989
1/9/18,919149
1/8/18,895997
1/7/18,910004
1/6/18,889098
1/5/18,888403
1/4/18,1054711
1/3/18,937530
1/2/18,850802
1/1/18,593282
12/31/17,678712
12/30/17,815100
12/29/17,838925
12/28/17,741488
12/27/17,749192
12/26/17,605853
12/25/17,565074
12/24/17,652210
12/23/17,729637
12/22/17,890731
12/21/17,840740
12/20/17,853863
12/19/17,887697
12/18/17,922524
12/17/17,877464
12/16/17,819304
12/15/17,942514
12/14/17,1072861
12/13/17,958476
12/12/17,867772
12/11/17,867654
12/10/17,739391
12/9/17,877575
12/8/17,902011
12/7/17,869098
12/6/17,978252
12/5/17,891235
12/4/17,885109
12/3/17,762993
12/2/17,683882
12/1/17,869274
11/30/17,851420
11/29/17,903004
11/28/17,816744
11/27/17,829651
11/26/17,712606
11/25/17,697525
11/24/17,698359
11/23/17,747161
11/22/17,673818
11/21/17,753814
11/20/17,734768
11/19/17,603429
11/18/17,614840
11/17/17,684253
11/16/17,677301
11/15/17,709294
11/14/17,604054
11/13/17,694828
11/12/17,463412
11/11/17,455431
11/10/17,619943
11/9/17,727946
11/8/17,646100
11/7/17,714349
11/6/17,608698
11/5/17,555458
11/4/17,588058
11/3/17,670963
11/2/17,704944
11/1/17,733878
10/31/17,611388
10/30/17,672642
10/29/17,666706
10/28/17,440634
10/27/17,552374
10/26/17,555497
10/25/17,636265
10/24/17,716443
10/23/17,640545
10/22/17,573815
10/21/17,606416
10/20/17,644654
10/19/17,692419
10/18/17,646477
10/17/17,670954
10/16/17,643476
10/15/17,578160
10/14/17,594481
10/13/17,660222
10/12/17,588009
10/11/17,604454
10/10/17,613364
10/9/17,585027
10/8/17,496285
10/7/17,505785
10/6/17,609682
10/5/17,552622
10/4/17,496068
10/3/17,591541
10/2/17,606137
10/1/17,416590
9/30/17,467807
9/29/17,569237
9/28/17,561793
9/27/17,548154
9/26/17,544621
9/25/17,505249
9/24/17,383448
9/23/17,427804
9/22/17,515184
9/21/17,533108
9/20/17,480582
9/19/17,578179
9/18/17,481944
9/17/17,433778
9/16/17,486763
9/15/17,637364
9/14/17,552954
9/13/17,543778
9/12/17,549109
9/11/17,537474
9/10/17,412030
9/9/17,452503
9/8/17,606485
9/7/17,526960
9/6/17,587813
9/5/17,601576
9/4/17,561329
9/3/17,437076
9/2/17,536081
9/1/17,591521
8/31/17,589297
8/30/17,565808
8/29/17,593018
8/28/17,504370
8/27/17,509082
8/26/17,472785
8/25/17,471224
8/24/17,423332
8/23/17,628517
8/22/17,419158
8/21/17,501755
8/20/17,444726
8/19/17,535350
8/18/17,580732
8/17/17,631516
8/16/17,543436
8/15/17,650899
8/14/17,542910
8/13/17,516470
8/12/17,530699
8/11/17,580988
8/10/17,550474
8/9/17,532314
8/8/17,587788
8/7/17,512717
8/6/17,408435
8/5/17,463850
8/4/17,467900
8/3/17,427728
8/2/17,403176
8/1/17,301131
7/31/17,485988
7/30/17,386559
7/29/17,416822
7/28/17,487086
7/27/17,443426
7/26/17,460146
7/25/17,511831
7/24/17,469353
7/23/17,353197
7/22/17,433135
7/21/17,542765
7/20/17,477427
7/19/17,519400
7/18/17,561056
7/17/17,475431
7/16/17,406436
7/15/17,446600
7/14/17,473082
7/13/17,489848
7/12/17,513003
7/11/17,563334
7/10/17,567052
7/9/17,390403
7/8/17,451048
7/7/17,559413
7/6/17,459295
7/5/17,476016
7/4/17,548401
7/3/17,497459
7/2/17,497458
7/1/17,409305
6/30/17,533428
6/29/17,467647
6/28/17,549136
6/27/17,556139
6/26/17,515883
6/25/17,378448
6/24/17,469728
6/23/17,506612
6/22/17,534177
6/21/17,585195
6/20/17,594425
6/19/17,532642
6/18/17,433247
6/17/17,477378
6/16/17,536165
6/15/17,573732
6/14/17,565868
6/13/17,611325
6/12/17,538625
6/11/17,467561
6/10/17,516474
6/9/17,571965
6/8/17,609712
6/7/17,657364
6/6/17,617594
6/5/17,576032
6/4/17,537387
6/3/17,601584
6/2/17,534561
6/1/17,610354
5/31/17,614127
5/30/17,634488
5/29/17,594355
5/28/17,592663
5/27/17,651462
5/26/17,641520
5/25/17,659056
5/24/17,631835
5/23/17,687290
5/22/17,604611
5/21/17,608719
5/20/17,646325
5/19/17,633618
5/18/17,570189
5/17/17,591515
5/16/17,453277
5/15/17,636246
5/14/17,691330
5/13/17,623294
5/12/17,600568
5/11/17,568521
5/10/17,592447
5/9/17,621156
5/8/17,691480
5/7/17,581370
5/6/17,677421
5/5/17,523629
5/4/17,676231
5/3/17,547221
5/2/17,609090
5/1/17,542848
4/30/17,526652
4/29/17,634025
4/28/17,582827
4/27/17,554691
4/26/17,606556
4/25/17,580199
4/24/17,449880
4/23/17,490003
4/22/17,530090
4/21/17,612635
4/20/17,491206
4/19/17,566249
4/18/17,553138
4/17/17,469209
4/16/17,429264
4/15/17,520821
4/14/17,558990
4/13/17,449522
4/12/17,548651
4/11/17,582103
4/10/17,548201
4/9/17,489532
4/8/17,468193
4/7/17,542132
4/6/17,548639
4/5/17,577216
4/4/17,496731
4/3/17,564024
4/2/17,501562
4/1/17,502791
3/31/17,489451
3/30/17,521047
3/29/17,534780
3/28/17,553956
3/27/17,459507
3/26/17,462863
3/25/17,490876
3/24/17,540389
3/23/17,537475
3/22/17,572753
3/21/17,541181
3/20/17,512638
3/19/17,512175
3/18/17,505650
3/17/17,532934
3/16/17,594405
3/15/17,526478
3/14/17,561535
3/13/17,516184
3/12/17,422478
3/11/17,518976
3/10/17,551014
3/9/17,541481
3/8/17,526233
3/7/17,571328
3/6/17,537228
3/5/17,524843
3/4/17,489871
3/3/17,583122
3/2/17,565742
3/1/17,531642
2/28/17,542156
2/27/17,501497
2/26/17,462926
2/25/17,561871
2/24/17,590852
2/23/17,551454
2/22/17,489247
2/21/17,487721
2/20/17,503952
2/19/17,458998
2/18/17,510386
2/17/17,550072
2/16/17,489189
2/15/17,495897
2/14/17,530239
2/13/17,503160
2/12/17,422085
2/11/17,474676
2/10/17,507435
2/9/17,575008
2/8/17,516490
2/7/17,557390
2/6/17,440410
2/5/17,510277
2/4/17,500098
2/3/17,560375
2/2/17,452585
2/1/17,599052
1/31/17,523037
1/30/17,449341
1/29/17,438727
1/28/17,461292
1/27/17,462950
1/26/17,518118
1/25/17,514639
1/24/17,497858
1/23/17,426712
1/22/17,428798
1/21/17,484668
1/20/17,516009
1/19/17,516339
1/18/17,500305
1/17/17,502461
1/16/17,473647
1/15/17,417278
1/14/17,446468
1/13/17,466561
1/12/17,483077
1/11/17,491692
1/10/17,541168
1/9/17,475571
1/8/17,455738
1/7/17,503341
1/6/17,562749
1/5/17,495909
1/4/17,545609
1/3/17,515023
1/2/17,529708
1/1/17,355325
12/31/16,449831
12/30/16,496024
12/29/16,512157
12/28/16,514772
12/27/16,509115
12/26/16,448558
12/25/16,353857
12/24/16,420206
12/23/16,522517
12/22/16,528878
12/21/16,540310
12/20/16,508909
12/19/16,508681
12/18/16,418498
12/17/16,458681
12/16/16,495266
12/15/16,479430
12/14/16,495462
12/13/16,498359
12/12/16,498688
12/11/16,440785
12/10/16,454665
12/9/16,465342
12/8/16,493590
12/7/16,539249
12/6/16,540804
12/5/16,517986
12/4/16,457491
12/3/16,492197
12/2/16,579169
12/1/16,485327
11/30/16,500015
11/29/16,498908
11/28/16,515310
11/27/16,454515
11/26/16,501367
11/25/16,523079
11/24/16,489272
11/23/16,478502
11/22/16,515387
11/21/16,490392
11/20/16,452258
11/19/16,476358
11/18/16,488365
11/17/16,483350
11/16/16,494246
11/15/16,514795
11/14/16,489541
11/13/16,411263
11/12/16,450559
11/11/16,438416
11/10/16,474281
11/9/16,474975
11/8/16,515899
11/7/16,483846
11/6/16,429823
11/5/16,438573
11/4/16,453192
11/3/16,457533
11/2/16,455987
11/1/16,446989
10/31/16,458880
10/30/16,359909
10/29/16,416457
10/28/16,434269
10/27/16,544308
10/26/16,431781
10/25/16,432977
10/24/16,406335
10/23/16,376683
10/22/16,392804
10/21/16,458618
10/20/16,415474
10/19/16,406991
10/18/16,450933
10/17/16,435282
10/16/16,383032
10/15/16,390688
10/14/16,423263
10/13/16,400731
10/12/16,413349
10/11/16,444786
10/10/16,421619
10/9/16,410025
10/8/16,439803
10/7/16,471181
10/6/16,499902
10/5/16,470499
10/4/16,477181
10/3/16,494066
10/2/16,396449
10/1/16,391458
9/30/16,446430
9/29/16,440834
9/28/16,433852
9/27/16,429499
9/26/16,430205
9/25/16,374974
9/24/16,368915
9/23/16,389323
9/22/16,391223
9/21/16,408745
9/20/16,419627
9/19/16,399754
9/18/16,366454
9/17/16,376568
9/16/16,377920
9/15/16,398012
9/14/16,388645
9/13/16,404798
9/12/16,393992
9/11/16,373779
9/10/16,355122
9/9/16,380834
9/8/16,399896
9/7/16,400704
9/6/16,413110
9/5/16,422792
9/4/16,347566
9/3/16,361959
9/2/16,389622
9/1/16,384065
8/31/16,390847
8/30/16,419511
8/29/16,386989
8/28/16,331778
8/27/16,364840
8/26/16,383173
8/25/16,393474
8/24/16,409928
8/23/16,398308
8/22/16,408558
8/21/16,357816
8/20/16,400866
8/19/16,402063
8/18/16,405409
8/17/16,394403
8/16/16,423764
8/15/16,384259
8/14/16,360393
8/13/16,361767
8/12/16,389496
8/11/16,408263
8/10/16,409835
8/9/16,393099
8/8/16,411266
8/7/16,344197
8/6/16,342340
8/5/16,381030
8/4/16,384713
8/3/16,403778
8/2/16,412309
8/1/16,401276
7/31/16,344751
7/30/16,364415
7/29/16,358526
7/28/16,393901
7/27/16,372678
7/26/16,407264
7/25/16,394635
7/24/16,352244
7/23/16,338444
7/22/16,368179
7/21/16,364285
7/20/16,378263
7/19/16,373620
7/18/16,384160
7/17/16,327405
7/16/16,356533
7/15/16,367739
7/14/16,369011
7/13/16,367252
7/12/16,379937
7/11/16,392909
7/10/16,325550
7/9/16,355380
7/8/16,363255
7/7/16,364414
7/6/16,373956
7/5/16,384212
7/4/16,403350
7/3/16,352911
7/2/16,348963
7/1/16,375377
6/30/16,402792
6/29/16,370956
6/28/16,428929
6/27/16,379861
6/26/16,387274
6/25/16,409197
6/24/16,437104
6/23/16,442288
6/22/16,422909
6/21/16,468641
6/20/16,465872
6/19/16,414283
6/18/16,423334
6/17/16,456749
6/16/16,471278
6/15/16,445830
6/14/16,407360
6/13/16,451922
6/12/16,411623
6/11/16,375798
6/10/16,407301
6/9/16,426447
6/8/16,393284
6/7/16,424994
6/6/16,414350
6/5/16,370336
6/4/16,368869
6/3/16,402066
6/2/16,388996
6/1/16,405301
5/31/16,392767
5/30/16,415243
5/29/16,354651
5/28/16,377266
5/27/16,407025
5/26/16,364137
5/25/16,397464
5/24/16,407284
5/23/16,414216
5/22/16,338084
5/21/16,358023
5/20/16,354677
5/19/16,372460
5/18/16,413891
5/17/16,393224
5/16/16,424856
5/15/16,350006
5/14/16,369111
5/13/16,378733
5/12/16,373340
5/11/16,383199
5/10/16,405856
5/9/16,405890
5/8/16,349946
5/7/16,337042
5/6/16,374471
5/5/16,374537
5/4/16,394207
5/3/16,374877
5/2/16,391943
5/1/16,370083
4/30/16,370399
4/29/16,426515
4/28/16,374956
4/27/16,386129
4/26/16,436154
4/25/16,407004
4/24/16,377166
4/23/16,366327
4/22/16,359204
4/21/16,401683
4/20/16,371250
4/19/16,389402
4/18/16,391408
4/17/16,351044
4/16/16,357397
4/15/16,368762
4/14/16,415731
4/13/16,355716
4/12/16,418258
4/11/16,414497
4/10/16,320083
4/9/16,353010
4/8/16,370187
4/7/16,372004
4/6/16,400648
4/5/16,395942
4/4/16,404374
4/3/16,362201
4/2/16,394636
4/1/16,332670
3/31/16,340536
3/30/16,402557
3/29/16,341678
3/28/16,355562
3/27/16,310868
3/26/16,323407
3/25/16,332910
3/24/16,381250
3/23/16,322191
3/22/16,391714
3/21/16,375082
3/20/16,352210
3/19/16,358458
3/18/16,364177
3/17/16,394142
3/16/16,371938
3/15/16,367761
3/14/16,367761
3/13/16,351625
3/12/16,310285
3/11/16,352895
3/10/16,366983
3/9/16,330958
3/8/16,363851
3/7/16,327348
3/6/16,312335
3/5/16,422768
3/4/16,377324
3/3/16,410737
3/2/16,483756
3/1/16,483492
2/29/16,470332
2/28/16,412223
2/27/16,386100
2/26/16,404307
2/25/16,412050
2/24/16,382913
2/23/16,464117
2/22/16,469044
2/21/16,442857
2/20/16,440841
2/19/16,411494
2/18/16,415599
2/17/16,436155
2/16/16,424752
2/15/16,421244
2/14/16,390085
2/13/16,407580
2/12/16,399936
2/11/16,429313
2/10/16,396665
2/9/16,425454
2/8/16,396540
2/7/16,452004
2/6/16,419675
2/5/16,393084
2/4/16,399236
2/3/16,368096
2/2/16,451155
2/1/16,437884
1/31/16,402413
1/30/16,428332
1/29/16,424226
1/28/16,430552
1/27/16,414610
1/26/16,462802
1/25/16,420289
1/24/16,383842
1/23/16,435226
1/22/16,398872
1/21/16,406195
1/20/16,387569
1/19/16,336941
1/18/16,395421
1/17/16,447783
1/16/16,406524
1/15/16,344968
1/14/16,354601
1/13/16,339655
1/12/16,372889
1/11/16,365605
1/10/16,365165
1/9/16,371151
1/8/16,366508
1/7/16,364236
1/6/16,338929
1/5/16,365051
1/4/16,344268
1/3/16,295177
1/2/16,334703
1/1/16,263121
12/31/15,310331
12/30/15,342062
12/29/15,331379
12/28/15,314685
12/27/15,341200
12/26/15,367108
12/25/15,329540
12/24/15,410857
12/23/15,382171
12/22/15,391920
12/21/15,451443
12/20/15,409195
12/19/15,427602
12/18/15,383932
12/17/15,383742
12/16/15,411804
12/15/15,392348
12/14/15,412673
12/13/15,381029
12/12/15,457574
12/11/15,381204
12/10/15,403387
12/9/15,414210
12/8/15,388080
12/7/15,340611
12/6/15,374142
12/5/15,393380
12/4/15,426997
12/3/15,317811
12/2/15,357585
12/1/15,365897
11/30/15,384237
11/29/15,239211
11/28/15,349162
11/27/15,284894
11/26/15,314907
11/25/15,307690
11/24/15,307413
11/23/15,280821
11/22/15,265164
11/21/15,334688
11/20/15,301700
11/19/15,297379
11/18/15,328378
11/17/15,298212
11/16/15,310746
11/15/15,301039
11/14/15,328381
11/13/15,299301
11/12/15,301266
11/11/15,308741
11/10/15,295638
11/9/15,310788
11/8/15,312946
11/7/15,317500
11/6/15,354664
11/5/15,358734
11/4/15,392233
11/3/15,360192
11/2/15,309823
11/1/15,305108
10/31/15,318120
10/30/15,308255
10/29/15,297971
10/28/15,274092
10/27/15,294013
10/26/15,277058
10/25/15,278147
10/24/15,316588
10/23/15,281281
10/22/15,289944
10/21/15,289412
10/20/15,290886
10/19/15,266086
10/18/15,276825
10/17/15,274902
10/16/15,313859
10/15/15,303248
10/14/15,307247
10/13/15,228578
10/12/15,233677
10/11/15,232117
10/10/15,234919
10/9/15,209703
10/8/15,211096
10/7/15,265540
10/6/15,251844
10/5/15,249199
10/4/15,226632
10/3/15,213681
10/2/15,234800
10/1/15,254192
9/30/15,264581
9/29/15,272223
9/28/15,267985
9/27/15,256084
9/26/15,251247
9/25/15,255255
9/24/15,243301
9/23/15,250674
9/22/15,327724
9/21/15,291556
9/20/15,264443
9/19/15,230379
9/18/15,259008
9/17/15,250985
9/16/15,261990
9/15/15,268665
9/14/15,234525
9/13/15,279964
9/12/15,229007
9/11/15,252398
9/10/15,235288
9/9/15,251368
9/8/15,280276
9/7/15,238459
9/6/15,252302
9/5/15,284893
9/4/15,209983
9/3/15,246972
9/2/15,230707
9/1/15,272866
8/31/15,247407
8/30/15,229116
8/29/15,250584
8/28/15,243645
8/27/15,232198
8/26/15,243215
8/25/15,242047
8/24/15,237850
8/23/15,247407
8/22/15,258265
8/21/15,235230
8/20/15,222182
8/19/15,238988
8/18/15,244699
8/17/15,230212
8/16/15,233711
8/15/15,228284
8/14/15,245458
8/13/15,228212
8/12/15,226126
8/11/15,232055
8/10/15,235211
8/9/15,220994
8/8/15,218499
8/7/15,225700
8/6/15,242234
8/5/15,247781
8/4/15,252264
8/3/15,265834
8/2/15,226079
8/1/15,256672
7/31/15,275871
7/30/15,232699
7/29/15,269690
7/28/15,255290
7/27/15,240969
7/26/15,256518
7/25/15,244803
7/24/15,201269
7/23/15,208474
7/22/15,207134
7/21/15,270355
7/20/15,236910
7/19/15,216715
7/18/15,242814
7/17/15,205768
7/16/15,214161
7/15/15,228231
7/14/15,230438
7/13/15,229381
7/12/15,232590
7/11/15,275689
7/10/15,278810
7/9/15,273833
7/8/15,278945
7/7/15,273054
7/6/15,295662
7/5/15,269467
7/4/15,241519
7/3/15,250207
7/2/15,267808
7/1/15,254259
6/30/15,250536
6/29/15,240752
6/28/15,224321
6/27/15,230750
6/26/15,248150
6/25/15,240437
6/24/15,199310
6/23/15,256698
6/22/15,271463
6/21/15,204152
6/20/15,228622
6/19/15,246533
6/18/15,247406
6/17/15,264842
6/16/15,256567
6/15/15,241825
6/14/15,247680
6/13/15,223880
6/12/15,246532
6/11/15,233951
6/10/15,258189
6/9/15,267864
6/8/15,202272
6/7/15,188952
6/6/15,225189
6/5/15,223180
6/4/15,232715
6/3/15,240222
6/2/15,253269
6/1/15,257275
5/31/15,252174
5/30/15,266265
5/29/15,269743
5/28/15,237083
5/27/15,214649
5/26/15,221553
5/25/15,222322
5/24/15,249786
5/23/15,246182
5/22/15,194783
5/21/15,202037
5/20/15,203159
5/19/15,221491
5/18/15,206913
5/17/15,197816
5/16/15,216412
5/15/15,209511
5/14/15,209999
5/13/15,201739
5/12/15,226586
5/11/15,233523
5/10/15,215628
5/9/15,189134
5/8/15,199251
5/7/15,261673
5/6/15,225289
5/5/15,219506
5/4/15,219068
5/3/15,214577
5/2/15,212123
5/1/15,238390
4/30/15,206785
4/29/15,215077
4/28/15,207741
4/27/15,215145
4/26/15,203028
4/25/15,226263
4/24/15,204006
4/23/15,205205
4/22/15,212819
4/21/15,202389
4/20/15,205286
4/19/15,253148
4/18/15,216541
4/17/15,225102
4/16/15,191876
4/15/15,186694
4/14/15,190441
4/13/15,219510
4/12/15,217732
4/11/15,193479
4/10/15,243573
4/9/15,201791
4/8/15,203465
4/7/15,214628
4/6/15,205697
4/5/15,189967
4/4/15,222020
4/3/15,194634
4/2/15,195509
4/1/15,214884
3/31/15,226307
3/30/15,203189
3/29/15,202713
3/28/15,200239
3/27/15,208232
3/26/15,202290
3/25/15,186186
3/24/15,182792
3/23/15,185435
3/22/15,229566
3/21/15,214152
3/20/15,218099
3/19/15,191319
3/18/15,190851
3/17/15,191204
3/16/15,215332
3/15/15,206461
3/14/15,222639
3/13/15,196893
3/12/15,198297
3/11/15,193924
3/10/15,202831
3/9/15,210072
3/8/15,201698
3/7/15,213542
3/6/15,222227
3/5/15,199410
3/4/15,200738
3/3/15,211468
3/2/15,216316
3/1/15,230566
2/28/15,229461
2/27/15,238834
2/26/15,190948
2/25/15,189240
2/24/15,194596
2/23/15,213050
2/22/15,215517
2/21/15,223159
2/20/15,196964
2/19/15,194679
2/18/15,181312
2/17/15,229875
2/16/15,226216
2/15/15,223579
2/14/15,214118
2/13/15,243646
2/12/15,256202
2/11/15,191881
2/10/15,189188
2/9/15,189629
2/8/15,264578
2/7/15,251391
2/6/15,180449
2/5/15,176000
2/4/15,181629
2/3/15,198955
2/2/15,184674
2/1/15,185554
1/31/15,208727
1/30/15,161500
1/29/15,167768
1/28/15,171619
1/27/15,205787
1/26/15,204121
1/25/15,236920
1/24/15,167143
1/23/15,172854
1/22/15,179966
1/21/15,189969
1/20/15,197159
1/19/15,194860
1/18/15,214984
1/17/15,223392
1/16/15,254267
1/15/15,229796
1/14/15,212403
1/13/15,228898
1/12/15,186352
1/11/15,185802
1/10/15,209755
1/9/15,202190
1/8/15,201458
1/7/15,186319
1/6/15,179159
1/5/15,179154
1/4/15,193982
1/3/15,205926
1/2/15,207571
1/1/15,168563
12/31/14,150108
12/30/14,157377
12/29/14,181005
12/28/14,238616
12/27/14,236392
12/26/14,188604
12/25/14,140109
12/24/14,147374
12/23/14,174711
12/22/14,212181
12/21/14,195624
12/20/14,204217
12/19/14,189380
12/18/14,160502
12/17/14,225354
12/16/14,219102
12/15/14,204914
12/14/14,215842
12/13/14,155092
12/12/14,174655
12/11/14,177462
12/10/14,187861
12/9/14,190602
12/8/14,191539
12/7/14,229659
12/6/14,232300
12/5/14,173360
12/4/14,187186
12/3/14,186491
12/2/14,199881
12/1/14,181684
11/30/14,174232
11/29/14,245004
11/28/14,177683
11/27/14,175185
11/26/14,178381
11/25/14,175123
11/24/14,169442
11/23/14,163316
11/22/14,154860
11/21/14,166491
11/20/14,174282
11/19/14,172491
11/18/14,175445
11/17/14,176768
11/16/14,222035
11/15/14,220218
11/14/14,156976
11/13/14,183931
11/12/14,197029
11/11/14,179505
11/10/14,175663
11/9/14,176533
11/8/14,223383
11/7/14,163758
11/6/14,163094
11/5/14,173515
11/4/14,172105
11/3/14,184888
11/2/14,157911
11/1/14,143835
10/31/14,146848
10/30/14,174925
10/29/14,174417
10/28/14,175287
10/27/14,177816
10/26/14,184703
10/25/14,183560
10/24/14,189654
10/23/14,164169
10/22/14,163026
10/21/14,171845
10/20/14,166994
10/19/14,155800
10/18/14,211493
10/17/14,156631
10/16/14,159050
10/15/14,163270
10/14/14,175952
10/13/14,181958
10/12/14,181872
10/11/14,206084
10/10/14,171643
10/9/14,164414
10/8/14,156106
10/7/14,171824
10/6/14,178444
10/5/14,151236
10/4/14,140633
10/3/14,137659
10/2/14,150641
10/1/14,184302
9/30/14,184739
9/29/14,184554
9/28/14,214115
9/27/14,213832
9/26/14,145374
9/25/14,168665
9/24/14,167940
9/23/14,171434
9/22/14,170784
9/21/14,175943
9/20/14,172794
9/19/14,143062
9/18/14,149539
9/17/14,168204
9/16/14,182666
9/15/14,186658
9/14/14,161269
9/13/14,132966
9/12/14,136734
9/11/14,148941
9/10/14,155747
9/9/14,164564
9/8/14,173414
9/7/14,212749
9/6/14,214360
9/5/14,143414
9/4/14,153958
9/3/14,152304
9/2/14,148218
9/1/14,167302
8/31/14,162588
8/30/14,172302
8/29/14,140682
8/28/14,145588
8/27/14,166074
8/26/14,163451
8/25/14,163922
8/24/14,148320
8/23/14,128246
8/22/14,135772
8/21/14,156481
8/20/14,163469
8/19/14,163890
8/18/14,172107
8/17/14,179878
8/16/14,180542
8/15/14,161700
8/14/14,165350
8/13/14,168931
8/12/14,173743
8/11/14,170341
8/10/14,161536
8/9/14,176751
8/8/14,149498
8/7/14,151292
8/6/14,153189
8/5/14,168882
8/4/14,166966
8/3/14,122118
8/2/14,121519
8/1/14,133227
7/31/14,146378
7/30/14,156102
7/29/14,151806
7/28/14,147327
7/27/14,162972
7/26/14,163986
7/25/14,130299
7/24/14,149324
7/23/14,150217
7/22/14,155345
7/21/14,135234
7/20/14,135230
7/19/14,176955
7/18/14,141523
7/17/14,141439
7/16/14,146474
7/15/14,154269
7/14/14,151679
7/13/14,133673
7/12/14,134802
7/11/14,145144
7/10/14,145718
7/9/14,157335
7/8/14,160879
7/7/14,192201
7/6/14,163144
7/5/14,163209
7/4/14,107662
7/3/14,135992
7/2/14,142946
7/1/14,152310
6/30/14,153158
6/29/14,136152
6/28/14,159773
6/27/14,144281
6/26/14,143429
6/25/14,141973
6/24/14,148534
6/23/14,149893
6/22/14,125908
6/21/14,130125
6/20/14,131691
6/19/14,142279
6/18/14,144626
6/17/14,153204
6/16/14,157183
6/15/14,156625
6/14/14,156871
6/13/14,136421
6/12/14,146361
6/11/14,140825
6/10/14,141736
6/9/14,137265
6/8/14,128287
6/7/14,153084
6/6/14,143645
6/5/14,150478
6/4/14,148891
6/3/14,160756
6/2/14,162366
6/1/14,140278
5/31/14,123644
5/30/14,123216
5/29/14,137258
5/28/14,156184
5/27/14,161438
5/26/14,145771
5/25/14,165704
5/24/14,159903
5/23/14,113362
5/22/14,137973
5/21/14,129318
5/20/14,145579
5/19/14,137175
5/18/14,127935
5/17/14,151855
5/16/14,123629
5/15/14,127748
5/14/14,151809
5/13/14,126152
5/12/14,125036
5/11/14,130988
5/10/14,115894
5/9/14,119139
5/8/14,140925
5/7/14,139545
5/6/14,137586
5/5/14,144937
5/4/14,136682
5/3/14,138218
5/2/14,103028
5/1/14,132989
4/30/14,134499
4/29/14,137816
4/28/14,146280
4/27/14,133142
4/26/14,147987
4/25/14,154706
4/24/14,157853
4/23/14,129810
4/22/14,162297
4/21/14,150856
4/20/14,124225
4/19/14,118692
4/18/14,127435
4/17/14,123771
4/16/14,149841
4/15/14,142870
4/14/14,166401
4/13/14,156895
4/12/14,150009
4/11/14,124543
4/10/14,159374
4/9/14,165795
4/8/14,144875
4/7/14,136394
4/6/14,134360
4/5/14,163904
4/4/14,154707
4/3/14,144468
4/2/14,137224
4/1/14,155429
3/31/14,157020
3/30/14,137342
3/29/14,127427
3/28/14,126941
3/27/14,163425
3/26/14,146839
3/25/14,146464
3/24/14,145432
3/23/14,126956
3/22/14,131768
3/21/14,137388
3/20/14,136364
3/19/14,141026
3/18/14,130586
3/17/14,162111
3/16/14,140722
3/15/14,121995
3/14/14,135298
3/13/14,139218
3/12/14,165883
3/11/14,155145
3/10/14,152037
3/9/14,164890
3/8/14,149419
3/7/14,154394
3/6/14,154757
3/5/14,172202
3/4/14,180104
3/3/14,201394
3/2/14,134483
3/1/14,139563
2/28/14,151446
2/27/14,162312
2/26/14,164199
2/25/14,166920
2/24/14,193162
2/23/14,167219
2/22/14,142019
2/21/14,156400
2/20/14,165370
2/19/14,159962
2/18/14,132286
2/17/14,163002
2/16/14,114626
2/15/14,128245
2/14/14,127810
2/13/14,148377
2/12/14,124023
2/11/14,121999
2/10/14,121449
2/9/14,110355
2/8/14,112334
2/7/14,131014
2/6/14,143631
2/5/14,142991
2/4/14,139743
2/3/14,151697
2/2/14,152868
2/1/14,112877
1/31/14,131259
1/30/14,132531
1/29/14,129214
1/28/14,134406
1/27/14,135152
1/26/14,145032
1/25/14,107992
1/24/14,108098
1/23/14,127984
1/22/14,132174
1/21/14,131062
1/20/14,136930
1/19/14,95238
1/18/14,94782
1/17/14,95634
1/16/14,108455
1/15/14,110024
1/14/14,115087
1/13/14,133710
1/12/14,110334
1/11/14,98958
1/10/14,108863
1/9/14,112691
1/8/14,114730
1/7/14,121168
1/6/14,121152
1/5/14,152700
1/4/14,99666
1/3/14,103502
1/2/14,125864
1/1/14,85153
12/31/13,83356
12/30/13,108166
12/29/13,94132
12/28/13,93084
12/27/13,95474
12/26/13,106343
12/25/13,97504
12/24/13,120437
12/23/13,132256
12/22/13,105307
12/21/13,98559
12/20/13,118892
12/19/13,125004
12/18/13,134257
12/17/13,133831
12/16/13,139023
12/15/13,137337
12/14/13,111422
12/13/13,113263
12/12/13,120982
12/11/13,127804
12/10/13,129666
12/9/13,128388
12/8/13,95435
12/7/13,95996
12/6/13,143645
12/5/13,157285
12/4/13,164289
12/3/13,150637
12/2/13,146063
12/1/13,144106
11/30/13,125448
11/29/13,162274
11/28/13,160752
11/27/13,180643
11/26/13,153552
11/25/13,145494
11/24/13,117870
11/23/13,130687
11/22/13,134532
11/21/13,140082
11/20/13,139562
11/19/13,141505
11/18/13,170367
11/17/13,89325
11/16/13,86411
11/15/13,97096
11/14/13,112531
11/13/13,113020
11/12/13,100090
11/11/13,88300
11/10/13,86543
11/9/13,97886
11/8/13,106680
11/7/13,107930
11/6/13,104142
11/5/13,97335
11/4/13,93462
11/3/13,77104
11/2/13,65176
11/1/13,69196
10/31/13,72946
10/30/13,78591
10/29/13,77520
10/28/13,70275
10/27/13,54721
10/26/13,54418
10/25/13,67249
10/24/13,89418
10/23/13,88605
10/22/13,87179
10/21/13,79056
10/20/13,73341
10/19/13,64030
10/18/13,70030
10/17/13,69519
10/16/13,68607
10/15/13,71738
10/14/13,70171
10/13/13,74721
10/12/13,55313
10/11/13,58649
10/10/13,67974
10/9/13,67064
10/8/13,69133
10/7/13,60475
10/6/13,49517
10/5/13,48783
10/4/13,55710
10/3/13,66403
10/2/13,72720
10/1/13,77571
9/30/13,67081
9/29/13,61734
9/28/13,54587
9/27/13,64406
9/26/13,66494
9/25/13,63157
9/24/13,65926
9/23/13,65845
9/22/13,62037
9/21/13,55887
9/20/13,58758
9/19/13,65306
9/18/13,64710
9/17/13,65538
9/16/13,61057
9/15/13,44238
9/14/13,42924
9/13/13,48712
9/12/13,63265
9/11/13,65300
9/10/13,58672
9/9/13,56478
9/8/13,53474
9/7/13,43712
9/6/13,58464
9/5/13,57620
9/4/13,63542
9/3/13,57454
9/2/13,54757
9/1/13,52118
8/31/13,77866
8/30/13,82290
8/29/13,72629
8/28/13,73597
8/27/13,72494
8/26/13,71151
8/25/13,48353
8/24/13,48105
8/23/13,54649
8/22/13,72393
8/21/13,70737
8/20/13,70761
8/19/13,69236
8/18/13,65506
8/17/13,42791
8/16/13,69111
8/15/13,69457
8/14/13,66433
8/13/13,61005
8/12/13,75208
8/11/13,70581
8/10/13,51094
8/9/13,52564
8/8/13,57904
8/7/13,64954
8/6/13,64048
8/5/13,61468
8/4/13,46551
8/3/13,46413
8/2/13,53305
8/1/13,103351
7/31/13,82370
7/30/13,69550
7/29/13,56108
7/28/13,54397
7/27/13,37554
7/26/13,51523
7/25/13,55955
7/24/13,51978
7/23/13,53996
7/22/13,54206
7/21/13,46082
7/20/13,42223
7/19/13,44457
7/18/13,48100
7/17/13,53170
7/16/13,54355
7/15/13,53761
7/14/13,38901
7/13/13,38740
7/12/13,57072
7/11/13,61548
7/10/13,56988
7/9/13,55835
7/8/13,52297
7/7/13,47647
7/6/13,37506
7/5/13,50395
7/4/13,47699
7/3/13,53347
7/2/13,51868
7/1/13,56769
6/30/13,49206
6/29/13,50788
6/28/13,55499
6/27/13,53524
6/26/13,54144
6/25/13,54518
6/24/13,50770
6/23/13,40871
6/22/13,41462
6/21/13,49708
6/20/13,54098
6/19/13,54530
6/18/13,55778
6/17/13,47538
6/16/13,45693
6/15/13,37955
6/14/13,63694
6/13/13,60855
6/12/13,53645
6/11/13,56360
6/10/13,57169
6/9/13,48672
6/8/13,47541
6/7/13,51054
6/6/13,60504
6/5/13,65079
6/4/13,67477
6/3/13,63518
6/2/13,51180
6/1/13,50677
5/31/13,59033
5/30/13,63472
5/29/13,63212
5/28/13,66689
5/27/13,59658
5/26/13,59395
5/25/13,52307
5/24/13,68107
5/23/13,67558
5/22/13,65171
5/21/13,67890
5/20/13,63976
5/19/13,56966
5/18/13,55552
5/17/13,55716
5/16/13,64560
5/15/13,68388
5/14/13,70212
5/13/13,68323
5/12/13,58799
5/11/13,61435
5/10/13,67240
5/9/13,69602
5/8/13,70728
5/7/13,95352
5/6/13,69183
5/5/13,64381
5/4/13,55974
5/3/13,56115
5/2/13,65415
5/1/13,67744
4/30/13,61672
4/29/13,73560
4/28/13,73687
4/27/13,107554
4/26/13,72592
4/25/13,74621
4/24/13,73729
4/23/13,78421
4/22/13,72900
4/21/13,77777
4/20/13,62602
4/19/13,61190
4/18/13,87326
4/17/13,86804
4/16/13,84698
4/15/13,79311
4/14/13,57893
4/13/13,57080
4/12/13,72076
4/11/13,96628
4/10/13,100830
4/9/13,102016
4/8/13,94011
4/7/13,93700
4/6/13,74149
4/5/13,84264
4/4/13,82343
4/3/13,86046
4/2/13,72700
4/1/13,70819
3/31/13,55367
3/30/13,60965
3/29/13,60390
3/28/13,69638
3/27/13,58532
3/26/13,56615
3/25/13,56598
3/24/13,57217
3/23/13,57950
3/22/13,50716
3/21/13,52089
3/20/13,51230
3/19/13,49153
3/18/13,46404
3/17/13,42920
3/16/13,41008
3/15/13,51708
3/14/13,51067
3/13/13,47557
3/12/13,44677
3/11/13,39137
3/10/13,42498
3/9/13,41221
3/8/13,41355
3/7/13,48391
3/6/13,53581
3/5/13,52412
3/4/13,45553
3/3/13,35819
3/2/13,34273
3/1/13,40918
2/28/13,46076
2/27/13,43778
2/26/13,44197
2/25/13,44281
2/24/13,43083
2/23/13,41919
2/22/13,43738
2/21/13,43549
2/20/13,42228
2/19/13,39820
2/18/13,39259
2/17/13,36918
2/16/13,37997
2/15/13,37901
2/14/13,39955
2/13/13,40623
2/12/13,40152
2/11/13,41227
2/10/13,45056
2/9/13,45554
2/8/13,39368
2/7/13,44492
2/6/13,44112
2/5/13,42634
2/4/13,42775
2/3/13,41685
2/2/13,41758
2/1/13,49764
1/31/13,47420
1/30/13,34477
1/29/13,41048
1/28/13,41643
1/27/13,42353
1/26/13,41077
1/25/13,40491
1/24/13,39799
1/23/13,36638
1/22/13,36782
1/21/13,37266
1/20/13,35085
1/19/13,34725
1/18/13,38673
1/17/13,42864
1/16/13,42042
1/15/13,45312
1/14/13,33866
1/13/13,32734
1/12/13,40823
1/11/13,47149
1/10/13,48496
1/9/13,43702
1/8/13,38444
1/7/13,36996
1/6/13,39233
1/5/13,41729
1/4/13,41926
1/3/13,37428
1/2/13,34292
1/1/13,33739
12/31/12,26713
12/30/12,36923
12/29/12,35482
12/28/12,30563
12/27/12,31561
12/26/12,24736
12/25/12,24110
12/24/12,25045
12/23/12,29746
12/22/12,32573
12/21/12,43693
12/20/12,29958
12/19/12,30200
12/18/12,36002
12/17/12,33323
12/16/12,32044
12/15/12,28933
12/14/12,27511
12/13/12,34817
12/12/12,33996
12/11/12,30888
12/10/12,26226
12/9/12,26865
12/8/12,29112
12/7/12,30025
12/6/12,29236
12/5/12,29988
12/4/12,28801
12/3/12,26758
12/2/12,23333
12/1/12,26710
11/30/12,29164
11/29/12,27705
11/28/12,34110
11/27/12,33542
11/26/12,31418
11/25/12,27861
11/24/12,27411
11/23/12,27215
11/22/12,32289
11/21/12,32823
11/20/12,34618
11/19/12,33235
11/18/12,34545
11/17/12,32677
11/16/12,36029
11/15/12,33886
11/14/12,34437
11/13/12,25520
11/12/12,23713
11/11/12,26835
11/10/12,23652
11/9/12,24961
11/8/12,28883
11/7/12,33072
11/6/12,34011
11/5/12,28560
11/4/12,22730
11/3/12,22368
11/2/12,26548
11/1/12,23851
10/31/12,23811
10/30/12,26412
10/29/12,22575
10/28/12,21429
10/27/12,21318
10/26/12,27826
10/25/12,29737
10/24/12,27911
10/23/12,30902
10/22/12,33577
10/21/12,29410
10/20/12,32674
10/19/12,31187
10/18/12,32236
10/17/12,34926
10/16/12,33554
10/15/12,31951
10/14/12,30286
10/13/12,30494
10/12/12,33228
10/11/12,31805
10/10/12,32004
10/9/12,37830
10/8/12,38115
10/7/12,37625
10/6/12,30653
10/5/12,35733
10/4/12,34539
10/3/12,35434
10/2/12,38050
10/1/12,35169
9/30/12,29541
9/29/12,27182
9/28/12,29803
9/27/12,35047
9/26/12,36372
9/25/12,37569
9/24/12,31768
9/23/12,23802
9/22/12,22048
9/21/12,22976
9/20/12,29455
9/19/12,34730
9/18/12,32351
9/17/12,31239
9/16/12,25556
9/15/12,24913
9/14/12,26871
9/13/12,27581
9/12/12,27663
9/11/12,29944
9/10/12,30504
9/9/12,28826
9/8/12,33631
9/7/12,33314
9/6/12,31911
9/5/12,38202
9/4/12,33419
9/3/12,31358
9/2/12,29237
9/1/12,36448
8/31/12,39715
8/30/12,37505
8/29/12,32397
8/28/12,32378
8/27/12,32138
8/26/12,27899
8/25/12,28168
8/24/12,33067
8/23/12,35374
8/22/12,34809
8/21/12,39189
8/20/12,33907
8/19/12,34086
8/18/12,32820
8/17/12,44100
8/16/12,45775
8/15/12,47362
8/14/12,33320
8/13/12,34362
8/12/12,41509
8/11/12,30148
8/10/12,27985
8/9/12,29288
8/8/12,39343
8/7/12,35918
8/6/12,32197
8/5/12,29815
8/4/12,28698
8/3/12,28179
8/2/12,32876
8/1/12,32741
7/31/12,38959
7/30/12,29054
7/29/12,30168
7/28/12,26862
7/27/12,26568
7/26/12,25871
7/25/12,25872
7/24/12,28741
7/23/12,29817
7/22/12,35299
7/21/12,29404
7/20/12,31248
7/19/12,28822
7/18/12,27648
7/17/12,27537
7/16/12,33380
7/15/12,24275
7/14/12,24339
7/13/12,24426
7/12/12,27087
7/11/12,27972
7/10/12,27370
7/9/12,25581
7/8/12,24678
7/7/12,22403
7/6/12,23077
7/5/12,22262
7/4/12,22083
7/3/12,26886
7/2/12,26804
7/1/12,30158
6/30/12,25747
6/29/12,27258
6/28/12,25246
6/27/12,30787
6/26/12,29665
6/25/12,30371
6/24/12,22447
6/23/12,21800
6/22/12,22670
6/21/12,23348
6/20/12,22814
6/19/12,25912
6/18/12,31461
6/17/12,31363
6/16/12,30521
6/15/12,37978
6/14/12,39031
6/13/12,37395
6/12/12,17736
6/11/12,18916
6/10/12,27456
6/9/12,25160
6/8/12,24654
6/7/12,23625
6/6/12,19044
6/5/12,20500
6/4/12,34449
6/3/12,26003
6/2/12,22565
6/1/12,18762
5/31/12,22548
5/30/12,21952
5/29/12,23184
5/28/12,24094
5/27/12,24424
5/26/12,19795
5/25/12,24344
5/24/12,24436
5/23/12,22814
5/22/12,22280
5/21/12,22830
5/20/12,23727
5/19/12,26811
5/18/12,28460
5/17/12,20911
5/16/12,20227
5/15/12,20909
5/14/12,22051
5/13/12,17073
5/12/12,16837
5/11/12,21047
5/10/12,16147
5/9/12,17330
5/8/12,20332
5/7/12,20276
5/6/12,19235
5/5/12,15598
5/4/12,17784
5/3/12,17877
5/2/12,17151
5/1/12,15590
4/30/12,15610
4/29/12,14525
4/28/12,12431
4/27/12,12306
4/26/12,12887
4/25/12,13544
4/24/12,13879
4/23/12,12541
4/22/12,11365
4/21/12,11561
4/20/12,14018
4/19/12,13400
4/18/12,13885
4/17/12,13860
4/16/12,14672
4/15/12,13624
4/14/12,12285
4/13/12,12315
4/12/12,12853
4/11/12,14415
4/10/12,13537
4/9/12,13688
4/8/12,10799
4/7/12,10863
4/6/12,11820
4/5/12,12300
4/4/12,11946
4/3/12,13314
4/2/12,13073
4/1/12,10766
3/31/12,10981
3/30/12,11040
3/29/12,12480
3/28/12,12531
3/27/12,12371
3/26/12,11432
3/25/12,10624
3/24/12,10821
3/23/12,11385
3/22/12,12135
3/21/12,12360
3/20/12,12291
3/19/12,11570
3/18/12,11743
3/17/12,10606
3/16/12,12250
3/15/12,11928
3/14/12,12046
3/13/12,12963
3/12/12,12352
3/11/12,10385
3/10/12,10033
3/9/12,10915
3/8/12,11826
3/7/12,11938
3/6/12,11591
3/5/12,11913
3/4/12,12059
3/3/12,11319
3/2/12,10220
3/1/12,11932
2/29/12,12079
2/28/12,12087
2/27/12,11537
2/26/12,11131
2/25/12,10278
2/24/12,12250
2/23/12,12673
2/22/12,13080
2/21/12,11225
2/20/12,11125
2/19/12,10712
2/18/12,11467
2/17/12,11605
2/16/12,11991
2/15/12,14247
2/14/12,14215
2/13/12,14695
2/12/12,11267
2/11/12,11301
2/10/12,12079
2/9/12,12023
2/8/12,11806
2/7/12,11209
2/6/12,10597
2/5/12,10914
2/4/12,11232
2/3/12,12425
2/2/12,12407
2/1/12,12071
1/31/12,11903
1/30/12,11376
1/29/12,10175
1/28/12,10203
1/27/12,10498
1/26/12,10852
1/25/12,12953
1/24/12,12942
1/23/12,11338
1/22/12,8947
1/21/12,8918
1/20/12,10759
1/19/12,11554
1/18/12,10970
1/17/12,11962
1/16/12,11532
1/15/12,11207
1/14/12,11200
1/13/12,11166
1/12/12,11096
1/11/12,11184
1/10/12,11358
1/9/12,11080
1/8/12,10229
1/7/12,9897
1/6/12,9902
1/5/12,11043
1/4/12,9542
1/3/12,9255
1/2/12,9207
1/1/12,8531
12/31/11,7701
12/30/11,8668
12/29/11,8976
12/28/11,8731
12/27/11,8289
12/26/11,9349
12/25/11,9053
12/24/11,8775
12/23/11,9532
12/22/11,9685
12/21/11,9669
12/20/11,10326
12/19/11,10966
12/18/11,8828
12/17/11,7831
12/16/11,7780
12/15/11,8365
12/14/11,9481
12/13/11,9943
12/12/11,9008
12/11/11,8796
12/10/11,8549
12/9/11,9793
12/8/11,9560
12/7/11,9481
12/6/11,10988
12/5/11,10376
12/4/11,10411
12/3/11,9094
12/2/11,10573
12/1/11,10589
11/30/11,11715
11/29/11,11231
11/28/11,11164
11/27/11,9939
11/26/11,7999
11/25/11,8122
11/24/11,9336
11/23/11,8817
11/22/11,8805
11/21/11,8795
11/20/11,8506
11/19/11,8068
11/18/11,8745
11/17/11,9659
11/16/11,10600
11/15/11,10639
11/14/11,10912
11/13/11,10726
11/12/11,9589
11/11/11,9129
11/10/11,10074
11/9/11,11557
11/8/11,11275
11/7/11,10896
11/6/11,10269
11/5/11,11062
11/4/11,12548
11/3/11,11518
11/2/11,10787
11/1/11,10673
10/31/11,10403
10/30/11,9209
10/29/11,9259
10/28/11,11058
10/27/11,9205
10/26/11,9527
10/25/11,10204
10/24/11,11426
10/23/11,11390
10/22/11,10417
10/21/11,10025
10/20/11,10518
10/19/11,8801
10/18/11,9916
10/17/11,10981
10/16/11,11136
10/15/11,10932
10/14/11,11551
10/13/11,10647
10/12/11,11384
10/11/11,12312
10/10/11,11523
10/9/11,10536
10/8/11,10976
10/7/11,10939
10/6/11,11840
10/5/11,11909
10/4/11,12453
10/3/11,11909
10/2/11,11545
10/1/11,10163
9/30/11,11283
9/29/11,11409
9/28/11,10806
9/27/11,16396
9/26/11,16854
9/25/11,17160
9/24/11,17523
9/23/11,17920
9/22/11,17019
9/21/11,14757
9/20/11,18674
9/19/11,18459
9/18/11,12541
9/17/11,10988
9/16/11,12148
9/15/11,12058
9/14/11,12408
9/13/11,13152
9/12/11,13053
9/11/11,12860
9/10/11,12955
9/9/11,13186
9/8/11,13070
9/7/11,13362
9/6/11,14446
9/5/11,15423
9/4/11,15971
9/3/11,14161
9/2/11,13795
9/1/11,13891
8/31/11,13820
8/30/11,15081
8/29/11,14933
8/28/11,17103
8/27/11,16982
8/26/11,16681
8/25/11,19914
8/24/11,19095
8/23/11,17886
8/22/11,21892
8/21/11,20093
8/20/11,18708
8/19/11,19019
8/18/11,18093
8/17/11,18383
8/16/11,16997
8/15/11,16081
8/14/11,16500
8/13/11,19243
8/12/11,14112
8/11/11,14031
8/10/11,16032
8/9/11,20710
8/8/11,20864
8/7/11,18130
8/6/11,17405
8/5/11,18171
8/4/11,18013
8/3/11,15066
8/2/11,15703
8/1/11,19473
7/31/11,21881
7/30/11,20480
7/29/11,18672
7/28/11,22503
7/27/11,22225
7/26/11,20882
7/25/11,23494
7/24/11,22766
7/23/11,20708
7/22/11,21517
7/21/11,21044
7/20/11,22713
7/19/11,21575
7/18/11,23514
7/17/11,19515
7/16/11,22354
7/15/11,21625
7/14/11,21025
7/13/11,25498
7/12/11,19827
7/11/11,20971
7/10/11,20304
7/9/11,19626
7/8/11,20921
7/7/11,19803
7/6/11,22736
7/5/11,23786
7/4/11,17861
7/3/11,19736
7/2/11,19140
7/1/11,31999
6/30/11,20208
6/29/11,20088
6/28/11,21640
6/27/11,25710
6/26/11,24689
6/25/11,20531
6/24/11,21877
6/23/11,22763
6/22/11,22014
6/21/11,21761
6/20/11,19981
6/19/11,23113
6/18/11,22951
6/17/11,23543
6/16/11,22736
6/15/11,23970
6/14/11,26175
6/13/11,23877
6/12/11,23112
6/11/11,21909
6/10/11,20896
6/9/11,22685
6/8/11,22272
6/7/11,20730
6/6/11,17873
6/5/11,17688
6/4/11,14944
6/3/11,14972
6/2/11,14800
6/1/11,12768
5/31/11,11804
5/30/11,12252
5/29/11,10010
5/28/11,9810
5/27/11,9834
5/26/11,9863
5/25/11,12714
5/24/11,12928
5/23/11,10691
5/22/11,9506
5/21/11,9823
5/20/11,9193
5/19/11,10305
5/18/11,11265
5/17/11,9918
5/16/11,9982
5/15/11,9243
5/14/11,7124
5/13/11,7459
5/12/11,7624
5/11/11,4914
5/10/11,5567
5/9/11,5425
5/8/11,6323
5/7/11,6034
5/6/11,6110
5/5/11,5690
5/4/11,5060
5/3/11,5204
5/2/11,5240
5/1/11,6246
4/30/11,7135
4/29/11,6324
4/28/11,5070
4/27/11,5619
4/26/11,6329
4/25/11,4239
4/24/11,4110
4/23/11,4082
4/22/11,3411
4/21/11,3723
4/20/11,3310
4/19/11,5303
4/18/11,5118
4/17/11,3997
4/16/11,3277
4/15/11,3115
4/14/11,3050
4/13/11,3658
4/12/11,3759
4/11/11,3398
4/10/11,2907
4/9/11,2843
4/8/11,3078
4/7/11,2792
4/6/11,3057
4/5/11,3149
4/4/11,3829
4/3/11,3887
4/2/11,2708
4/1/11,2714
3/31/11,2785
3/30/11,3692
3/29/11,3966
3/28/11,4182
3/27/11,5102
3/26/11,4144
3/25/11,3808
3/24/11,3624
3/23/11,6112
3/22/11,5598
3/21/11,3504
3/20/11,4021
3/19/11,2378
3/18/11,2697
3/17/11,2782
3/16/11,2663
3/15/11,2581
3/14/11,2161
3/13/11,2388
3/12/11,2494
3/11/11,2579
3/10/11,2834
3/9/11,2388
3/8/11,3483
3/7/11,3547
3/6/11,2990
3/5/11,2923
3/4/11,2839
3/3/11,2996
3/2/11,2979
3/1/11,4755
2/28/11,2494
2/27/11,3122
2/26/11,3198
2/25/11,2901
2/24/11,3067
2/23/11,3287
2/22/11,3480
2/21/11,3143
2/20/11,2752
2/19/11,2492
2/18/11,2542
2/17/11,3147
2/16/11,3096
2/15/11,2466
2/14/11,2829
2/13/11,2838
2/12/11,2608
2/11/11,3680
2/10/11,3757
2/9/11,2797
2/8/11,1092
2/7/11,1053
2/6/11,1094
2/5/11,1055
2/4/11,1094
2/3/11,1134
2/2/11,1127
2/1/11,1283
1/31/11,1311
1/30/11,2852
1/29/11,2494
1/28/11,1642
1/27/11,1119
1/26/11,1184
1/25/11,1192
1/24/11,1673
1/23/11,1682
1/22/11,1397
1/21/11,1520
1/20/11,1354
1/19/11,1125
1/18/11,1126
1/17/11,1200
1/16/11,1080
1/15/11,1171
1/14/11,1094
1/13/11,1134
1/12/11,1039
1/11/11,1084
1/10/11,1185
1/9/11,1132
1/8/11,1110
1/7/11,1267
1/6/11,842
1/5/11,950
1/4/11,1064
1/3/11,1023
1/2/11,956
1/1/11,779
12/31/10,775
12/30/10,797
12/29/10,730
12/28/10,848
12/27/10,701
12/26/10,678
12/25/10,946
12/24/10,711
12/23/10,788
12/22/10,860
12/21/10,846
12/20/10,828
12/19/10,1100
12/18/10,688
12/17/10,603
12/16/10,654
12/15/10,895
12/14/10,841
12/13/10,978
12/12/10,979
12/11/10,832
12/10/10,773
12/9/10,599
12/8/10,639
12/7/10,686
12/6/10,564
12/5/10,540
12/4/10,546
12/3/10,481
12/2/10,510
12/1/10,586
11/30/10,577
11/29/10,565
11/28/10,514
11/27/10,564
11/26/10,630
11/25/10,889
11/24/10,621
11/23/10,610
11/22/10,408
11/21/10,578
11/20/10,520
11/19/10,610
11/18/10,469
11/17/10,486
11/16/10,540
11/15/10,4210
11/14/10,1882
11/13/10,442
11/12/10,315
11/11/10,333
11/10/10,477
11/9/10,446
11/8/10,509
11/7/10,544
11/6/10,447
11/5/10,453
11/4/10,458
11/3/10,407
11/2/10,388
11/1/10,321
10/31/10,345
10/30/10,345
10/29/10,495
10/28/10,644
10/27/10,677
10/26/10,778
10/25/10,517
10/24/10,601
10/23/10,592
10/22/10,764
10/21/10,645
10/20/10,745
10/19/10,1197
10/18/10,1240
10/17/10,623
10/16/10,511
10/15/10,493
10/14/10,407
10/13/10,457
10/12/10,446
10/11/10,439
10/10/10,451
10/9/10,460
10/8/10,468
10/7/10,407
10/6/10,443
10/5/10,493
10/4/10,512
10/3/10,525
10/2/10,501
10/1/10,672
9/30/10,664
9/29/10,427
9/28/10,492
9/27/10,453
9/26/10,753
9/25/10,602
9/24/10,499
9/23/10,631
9/22/10,845
9/21/10,999
9/20/10,743
9/19/10,389
9/18/10,379
9/17/10,445
9/16/10,425
9/15/10,385
9/14/10,491
9/13/10,512
9/12/10,489
9/11/10,392
9/10/10,394
9/9/10,410
9/8/10,383
9/7/10,290
9/6/10,284
9/5/10,326
9/4/10,307
9/3/10,313
9/2/10,363
9/1/10,431
8/31/10,459
8/30/10,462
8/29/10,291
8/28/10,300
8/27/10,393
8/26/10,388
8/25/10,391
8/24/10,414
8/23/10,415
8/22/10,431
8/21/10,358
8/20/10,458
8/19/10,433
8/18/10,395
8/17/10,365
8/16/10,393
8/15/10,387
8/14/10,440
8/13/10,450
8/12/10,600
8/11/10,451
8/10/10,425
8/9/10,467
8/8/10,437
8/7/10,365
8/6/10,334
8/5/10,634
8/4/10,787
8/3/10,421
8/2/10,431
8/1/10,456
7/31/10,373
7/30/10,374
7/29/10,420
7/28/10,393
7/27/10,511
7/26/10,551
7/25/10,522
7/24/10,743
7/23/10,450
7/22/10,464
7/21/10,524
7/20/10,536
7/19/10,757
7/18/10,519
7/17/10,549
7/16/10,548
7/15/10,1683
7/14/10,6548
7/13/10,6109
7/12/10,2122
7/11/10,452
7/10/10,240
7/9/10,237
7/8/10,223
7/7/10,236
7/6/10,215
7/5/10,226
7/4/10,215
7/3/10,223
7/2/10,223
7/1/10,223
6/30/10,257
6/29/10,244
6/28/10,235
6/27/10,217
6/26/10,199
6/25/10,198
6/24/10,227
6/23/10,264
6/22/10,256
6/21/10,250
6/20/10,232
6/19/10,219
6/18/10,214
6/17/10,204
6/16/10,210
6/15/10,196
6/14/10,255
6/13/10,244
6/12/10,216
6/11/10,251
6/10/10,252
6/9/10,218
6/8/10,220
6/7/10,219
6/6/10,201
6/5/10,181
6/4/10,177
6/3/10,190
6/2/10,189
6/1/10,178
5/31/10,165
5/30/10,195
5/29/10,197
5/28/10,258
5/27/10,244
5/26/10,253
5/25/10,255
5/24/10,239
5/23/10,250
5/22/10,299
5/21/10,215
5/20/10,217
5/19/10,213
5/18/10,208
5/17/10,204
5/16/10,158
5/15/10,106
5/14/10,131
5/13/10,146
5/12/10,144
5/11/10,133
5/10/10,134
5/9/10,178
5/8/10,186
5/7/10,163
5/6/10,153
5/5/10,158
5/4/10,171
5/3/10,148
5/2/10,170
5/1/10,190
4/30/10,181
4/29/10,174
4/28/10,188
4/27/10,212
4/26/10,207
4/25/10,211
4/24/10,196
4/23/10,201
4/22/10,192
4/21/10,207
4/20/10,232
4/19/10,234
4/18/10,2286
4/17/10,241
4/16/10,236
4/15/10,231
4/14/10,221
4/13/10,233
4/12/10,182
4/11/10,261
4/10/10,269
4/9/10,302
4/8/10,196
4/7/10,209
4/6/10,203
4/5/10,181
4/4/10,176
4/3/10,172
4/2/10,159
4/1/10,152
3/31/10,195
3/30/10,218
3/29/10,214
3/28/10,199
3/27/10,183
3/26/10,183
3/25/10,204
3/24/10,180
3/23/10,183
3/22/10,212
3/21/10,187
3/20/10,191
3/19/10,204
3/18/10,148
3/17/10,163
3/16/10,127
3/15/10,143
3/14/10,131
3/13/10,127
3/12/10,123
3/11/10,119
3/10/10,155
3/9/10,148
3/8/10,149
3/7/10,143
3/6/10,182
3/5/10,187
3/4/10,178
3/3/10,157
3/2/10,150
3/1/10,203
2/28/10,159
2/27/10,165
2/26/10,176
2/25/10,158
2/24/10,150
2/23/10,195
2/22/10,266
2/21/10,262
2/20/10,218
2/19/10,197
2/18/10,185
2/17/10,234
2/16/10,202
2/15/10,185
2/14/10,194
2/13/10,235
2/12/10,226
2/11/10,194
2/10/10,171
2/9/10,165
2/8/10,211
2/7/10,224
2/6/10,212
2/5/10,193
2/4/10,234
2/3/10,236
2/2/10,244
2/1/10,193
1/31/10,188
1/30/10,210
1/29/10,199
1/28/10,195
1/27/10,174
1/26/10,201
1/25/10,208
1/24/10,207
1/23/10,163
1/22/10,153
1/21/10,151
1/20/10,158
1/19/10,140
1/18/10,121
1/17/10,131
1/16/10,124
1/15/10,135
1/14/10,146
1/13/10,160
1/12/10,162
1/11/10,159
1/10/10,154
1/9/10,191
1/8/10,153
1/7/10,150
1/6/10,159
1/5/10,198
1/4/10,208
1/3/10,193
1/2/10,127
1/1/10,132
12/31/09,119
12/30/09,141
12/29/09,156
12/28/09,164
12/27/09,168
12/26/09,170
12/25/09,159
12/24/09,154
12/23/09,144
12/22/09,169
12/21/09,176
12/20/09,188
12/19/09,175
12/18/09,225
12/17/09,202
12/16/09,164
12/15/09,113
12/14/09,117
12/13/09,114
12/12/09,111
12/11/09,102
12/10/09,125
12/9/09,109
12/8/09,104
12/7/09,120
12/6/09,105
12/5/09,109
12/4/09,52
12/3/09,49
12/2/09,94
12/1/09,100
11/30/09,66
11/29/09,60
11/28/09,58
11/27/09,78
11/26/09,84
11/25/09,78
11/24/09,85
11/23/09,96
11/22/09,96
11/21/09,100
11/20/09,86
11/19/09,84
11/18/09,73
11/17/09,92
11/16/09,91
11/15/09,100
11/14/09,79
11/13/09,83
11/12/09,73
11/11/09,66
11/10/09,71
11/9/09,71
11/8/09,73
11/7/09,70
11/6/09,76
11/5/09,58
11/4/09,65
11/3/09,62
11/2/09,33
11/1/09,33
10/31/09,30
10/30/09,60
10/29/09,62
10/28/09,51
10/27/09,65
10/26/09,67
10/25/09,65
10/24/09,63
10/23/09,75
10/22/09,87
10/21/09,81
10/20/09,85
10/19/09,111
10/18/09,75
10/17/09,65
10/16/09,55
10/15/09,71
10/14/09,85
10/13/09,56
10/12/09,59
10/11/09,63
10/10/09,79
10/9/09,77
10/8/09,78
10/7/09,70
10/6/09,45
10/5/09,42
10/4/09,58
10/3/09,58
10/2/09,58
10/1/09,76
9/30/09,85
9/29/09,87
9/28/09,85
9/27/09,88
9/26/09,90
9/25/09,94
9/24/09,97
9/23/09,82
9/22/09,28
9/21/09,70
9/20/09,74
9/19/09,79
9/18/09,78
9/17/09,81
9/16/09,85
9/15/09,45
9/14/09,56
9/13/09,81
9/12/09,69
9/11/09,71
9/10/09,68
9/9/09,54
9/8/09,58
9/7/09,66
9/6/09,68
9/5/09,72
9/4/09,71
9/3/09,62
9/2/09,61
9/1/09,68
8/31/09,87
8/30/09,95
8/29/09,91
8/28/09,75
8/27/09,64
8/26/09,34
8/25/09,51
8/24/09,55
8/23/09,8
8/22/09,7
8/21/09,8
8/20/09,16
8/19/09,18
8/18/09,15
8/17/09,9
8/16/09,20
8/15/09,25
8/14/09,34
8/13/09,85
8/12/09,81
8/11/09,68
8/10/09,75
8/9/09,82
8/8/09,98
8/7/09,82
8/6/09,74
8/5/09,96
8/4/09,81
8/3/09,58
8/2/09,15
8/1/09,28
7/31/09,23
7/30/09,12
7/29/09,21
7/28/09,32
7/27/09,44
7/26/09,20
7/25/09,13
7/24/09,53
7/23/09,75
7/22/09,66
7/21/09,69
7/20/09,72
7/19/09,75
7/18/09,52
7/17/09,48
7/16/09,65
7/15/09,69
7/14/09,69
7/13/09,72
7/12/09,76
7/11/09,83
7/10/09,84
7/9/09,82
7/8/09,74
7/7/09,79
7/6/09,63
7/5/09,79
7/4/09,80
7/3/09,89
7/2/09,85
7/1/09,75
6/30/09,84
6/29/09,89
6/28/09,48
6/27/09,53
6/26/09,85
6/25/09,69
6/24/09,74
6/23/09,88
6/22/09,77
6/21/09,81
6/20/09,75
6/19/09,87
6/18/09,87
6/17/09,81
6/16/09,71
6/15/09,73
6/14/09,82
6/13/09,78
6/12/09,74
6/11/09,91
6/10/09,82
6/9/09,83
6/8/09,94
6/7/09,16
6/6/09,4
6/5/09,24
6/4/09,57
6/3/09,72
6/2/09,98
6/1/09,89
5/31/09,97
5/30/09,118
5/29/09,103
5/28/09,95
5/27/09,103
5/26/09,125
5/25/09,109
5/24/09,112
5/23/09,96
5/22/09,62
5/21/09,83
5/20/09,89
5/19/09,86
5/18/09,100
5/17/09,124
5/16/09,119
5/15/09,115
5/14/09,146
5/13/09,116
5/12/09,118
5/11/09,127
5/10/09,85
5/9/09,62
5/8/09,91
5/7/09,122
5/6/09,121
5/5/09,138
5/4/09,129
5/3/09,126
5/2/09,116
5/1/09,121
4/30/09,123
4/29/09,133
4/28/09,117
4/27/09,117
4/26/09,105
4/25/09,118
4/24/09,122
4/23/09,113
4/22/09,121
4/21/09,121
4/20/09,126
4/19/09,120
4/18/09,121
4/17/09,125
4/16/09,123
4/15/09,123
4/14/09,112
4/13/09,117
4/12/09,119
4/11/09,115
4/10/09,108
4/9/09,103
4/8/09,99
4/7/09,100
4/6/09,99
4/5/09,116
4/4/09,113
4/3/09,113
4/2/09,113
4/1/09,114
3/31/09,107
3/30/09,114
3/29/09,116
3/28/09,112
3/27/09,120
3/26/09,118
3/25/09,114
3/24/09,116
3/23/09,130
3/22/09,132
3/21/09,96
3/20/09,119
3/19/09,119
3/18/09,123
3/17/09,114
3/16/09,115
3/15/09,131
3/14/09,110
3/13/09,116
3/12/09,115
3/11/09,119
3/10/09,107
3/9/09,105
3/8/09,113
3/7/09,109
3/6/09,111
3/5/09,119
3/4/09,106
3/3/09,106
3/2/09,107
3/1/09,105
2/28/09,107
2/27/09,103
2/26/09,107
2/25/09,96
2/24/09,107
2/23/09,108
2/22/09,107
2/21/09,125
2/20/09,122
2/19/09,129
2/18/09,117
2/17/09,117
2/16/09,119
2/15/09,123
2/14/09,136
2/13/09,141
2/12/09,124
2/11/09,119
2/10/09,120
2/9/09,127
2/8/09,129
2/7/09,134
2/6/09,131
2/5/09,129
2/4/09,119
2/3/09,129
2/2/09,145
2/1/09,114
1/31/09,118
1/30/09,129
1/29/09,122
1/28/09,122
1/27/09,103
1/26/09,97
1/25/09,116
1/24/09,195
1/23/09,86
1/22/09,68
1/21/09,76
1/20/09,115
1/19/09,118
1/18/09,120
1/17/09,109
1/16/09,109
1/15/09,117
1/14/09,130
1/13/09,126
1/12/09,117
1/11/09,93
1/10/09,106
1/9/09,31
1/8/09,14
1/7/09,0
1/6/09,0
1/5/09,0
1/4/09,0
1/3/09,0
1/2/09,1